Timestamp,Symbol,Close,SMMA20,SMMA120,SMMA_Gap,Signal,Trend,LTQ,LTQ_2min_avg,LTQ_5min_avg,LTQ_Spike_Ratio,ETQ_5min,ETQ_20min,ETQ_60min,BidQty,AskQty,BidAsk_Imbalance,Volume,Return_1,Return_5,ML_Probability,Liquidity_Qualified,Participation_Score,AI_Decision,Reason
2026-08-10 13:31:36.457737,NSE:ATALREAL-EQ,35.08,35.33807561662508,35.34751685090698,-0.0094412342819012,SELL,BEARISH,155,359.8181818181818,214.79032258064515,1.675206673629742,13317,262652,292797,285,112,0.4357682619647355,10901927,0.0,0.400686891814539,0.5570130655313935,False,50,WATCH,moderate ML probability; strong LTQ spike; recent exchange activity; strong bid-side imbalance; SMMA20 crossed below SMMA120; waiting for BidQty > 1M and AskQty > 1M
2026-08-10 13:31:34.255496,NSE:IVZINNIFTY-EQ,283.0,282.9032279876921,282.8371988173554,0.0660291703367192,NONE,BULLISH,1,1.0,1.0,1.0,114,202,7418,12818,4794,0.4555984555984556,548,0.0,0.0,0.7519194814040363,False,25,AVOID,strong ML probability; recent exchange activity; strong bid-side imbalance; no current SMMA crossover; waiting for BidQty > 1M and AskQty > 1M
2026-08-10 13:31:32.704114,NSE:GEMAROMA-EQ,180.0,181.3105398686374,183.7795945930772,-2.4690547244397862,NONE,BEARISH,153,130.6551724137931,126.91304347826087,1.02948577098912,5838,11704,18510,10,7,0.1764705882352941,54965,0.0,-0.5524861878453025,0.7456442911562072,False,10,AVOID,strong ML probability; recent exchange activity; no current SMMA crossover; waiting for BidQty > 1M and AskQty > 1M
2026-08-10 13:31:35.163875,NSE:TREJHARA-EQ,170.9,173.67870964472678,176.35493733782215,-2.6762276930953703,NONE,BEARISH,1,5.8,3.571428571428572,1.624,100,4508,5381,3,3,0.0,30801,0.0,-0.5817335660267542,0.735764751329226,False,35,AVOID,strong ML probability; strong LTQ spike; recent exchange activity; no current SMMA crossover; waiting for BidQty > 1M and AskQty > 1M
2026-08-10 13:25:44.224027,NSE:ABMKNO-EQ,190.0,188.66417576029988,186.7433973148833,1.9207784454165733,NONE,BULLISH,15,0.0,0.0,0.0,0,75,2106,6,4,0.2,875,0.0,-0.5183517461647247,0.727701413781502,False,0,AVOID,strong ML probability; no current SMMA crossover; waiting for BidQty > 1M and AskQty > 1M
2026-08-10 13:31:32.515789,NSE:DVL-EQ,268.48,268.6672354408637,268.3926393766613,0.2745960642023988,NONE,BULLISH,5,5.0,3.811594202898551,1.311787072243346,263,721,2032,7,1,0.75,21345,0.0,0.4865633655213752,0.726949009419195,False,25,AVOID,strong ML probability; moderate LTQ spike; recent exchange activity; strong bid-side imbalance; no current SMMA crossover; waiting for BidQty > 1M and AskQty > 1M
2026-08-10 13:30:45.263963,NSE:MANAKSTEEL-EQ,81.26,82.352112098553,83.4296059272135,-1.0774938286605078,NONE,BEARISH,154,154.0,172.0,0.8953488372093024,1720,5232,22187,14,4,0.5555555555555556,91036,0.0,-0.7693247038710438,0.7259007124401251,False,25,AVOID,strong ML probability; recent exchange activity; strong bid-side imbalance; no current SMMA crossover; waiting for BidQty > 1M and AskQty > 1M
2026-08-10 13:21:53.597437,NSE:INNOVANA-EQ,337.0,336.67428845243194,332.85195583083663,3.822332621595308,NONE,BULLISH,56,0.0,0.0,0.0,0,112,3752,10,8,0.1111111111111111,474,0.0,0.0,0.7258165280959342,False,0,AVOID,strong ML probability; no current SMMA crossover; waiting for BidQty > 1M and AskQty > 1M
2026-08-10 13:31:34.658114,NSE:NPBET-EQ,284.24,284.17955863570336,283.93865790579684,0.2409007299065138,NONE,BULLISH,156,156.0,156.0,1.0,18564,32604,124644,300,122,0.4218009478672986,524,0.0,0.0,0.7254102615315822,False,25,AVOID,strong ML probability; recent exchange activity; strong bid-side imbalance; no current SMMA crossover; waiting for BidQty > 1M and AskQty > 1M
2026-08-10 13:25:38.033872,NSE:QNIFTY-EQ,271.0,271.1622534342734,270.87455349833937,0.2876999359340288,NONE,BULLISH,1,0.0,0.0,0.0,0,63,594,8,50,-0.7241379310344828,1072,0.0,-0.073746312684364,0.7236754107043522,False,0,AVOID,strong ML probability; strong ask-side imbalance; no current SMMA crossover; waiting for BidQty > 1M and AskQty > 1M
2026-08-10 13:28:21.587762,NSE:MVGJL-EQ,172.38,172.46893414680986,171.30604362571412,1.1628905210957328,NONE,BULLISH,7,0.0,7.0,0.0,21,1239,6229,5,3,0.25,33139,0.0,0.2209302325581363,0.7217313130297395,False,10,AVOID,strong ML probability; recent exchange activity; no current SMMA crossover; waiting for BidQty > 1M and AskQty > 1M
2026-08-10 13:21:54.090450,NSE:BI-EQ,61.98,62.3767436764593,62.76806356156749,-0.3913198851081958,NONE,BEARISH,1,0.0,0.0,0.0,0,2,263,5,20,-0.6,4420,-0.7843765007203518,-0.8002560819462268,0.719143385738771,False,0,AVOID,strong ML probability; strong ask-side imbalance; no current SMMA crossover; waiting for BidQty > 1M and AskQty > 1M
2026-08-10 13:31:30.813822,NSE:BORANA-EQ,344.95,342.9953116523787,340.8361427319985,2.159168920380182,NONE,BULLISH,2,2.0,6.0,0.0,54,739,10001,11,6,0.2941176470588235,24581,0.0,0.9806791569086482,0.717417661562512,False,10,AVOID,strong ML probability; recent exchange activity; no current SMMA crossover; waiting for BidQty > 1M and AskQty > 1M
2026-08-10 13:31:34.363947,NSE:EQUAL50-EQ,340.44,341.1467126751995,340.8600071515545,0.2867055236450255,NONE,BULLISH,3,3.0,3.0,1.0,330,2374,4105,4997,4507,0.051557239057239,528,0.0,0.0,0.7153794000390239,False,10,AVOID,strong ML probability; recent exchange activity; no current SMMA crossover; waiting for BidQty > 1M and AskQty > 1M
2026-08-10 13:21:59.047124,NSE:LAGNAM-EQ,82.6,83.26339055666321,83.33139131434646,-0.0680007576832508,NONE,BEARISH,1,0.0,0.0,0.0,0,2,346,10,14,-0.1666666666666666,8570,0.0,-0.8998200359928044,0.714468241198041,False,0,AVOID,strong ML probability; no current SMMA crossover; waiting for BidQty > 1M and AskQty > 1M
2026-08-10 13:31:23.585473,NSE:MARATHON-EQ,387.6,387.5059866818069,386.7823195973823,0.7236670844246191,NONE,BULLISH,1,3.1818181818181817,3.625,0.8777429467084639,87,147,1682,1,3,-0.5,40015,0.0,0.1550387596899183,0.7132344264972139,False,10,AVOID,strong ML probability; recent exchange activity; strong ask-side imbalance; no current SMMA crossover; waiting for BidQty > 1M and AskQty > 1M
2026-08-10 13:30:55.292926,NSE:KRITINUT-EQ,86.99,87.5878708467855,89.22500442864896,-1.637133581863452,NONE,BEARISH,103,103.0,103.0,0.0,309,824,3366,632,70,0.8005698005698005,12869,0.0,-1.125255739940911,0.7128097942688303,False,25,AVOID,strong ML probability; recent exchange activity; strong bid-side imbalance; no current SMMA crossover; waiting for BidQty > 1M and AskQty > 1M
2026-08-10 13:30:24.010078,NSE:CANTABIL-EQ,232.6,231.5581253737117,229.4295242155814,2.1286011581302944,NONE,BULLISH,179,179.0,113.75,1.5736263736263736,910,935,10333,3,82,-0.9294117647058824,43613,0.0,0.379768686345594,0.7113740362213662,False,35,AVOID,strong ML probability; strong LTQ spike; recent exchange activity; strong ask-side imbalance; no current SMMA crossover; waiting for BidQty > 1M and AskQty > 1M
2026-08-10 13:30:15.933721,NSE:TCC-EQ,276.75,276.49501578917324,274.71524124912247,1.7797745400507663,NONE,BULLISH,1,2.333333333333333,2.142857142857143,1.088888888888889,15,17,99,7,7,0.0,5883,0.0,0.2535772504981048,0.7078109604219889,False,10,AVOID,strong ML probability; recent exchange activity; no current SMMA crossover; waiting for BidQty > 1M and AskQty > 1M
2026-08-10 13:29:14.963854,NSE:HALDER-EQ,265.0,266.8294445649617,263.7882195777938,3.04122498716788,NONE,BULLISH,50,0.0,50.0,0.0,100,254,307,28,1,0.9310344827586208,23776,0.0,-1.742677048572483,0.7059621283064725,False,25,AVOID,strong ML probability; recent exchange activity; strong bid-side imbalance; no current SMMA crossover; waiting for BidQty > 1M and AskQty > 1M
2026-08-10 13:30:47.218137,NSE:TERASOFT-EQ,409.35,409.4785928906655,409.3910362515969,0.0875566390685662,NONE,BULLISH,4,7.0,9.571428571428571,0.7313432835820896,134,1230,3237,1,4,-0.6,15921,0.1100513573000894,0.5033145101890568,0.7054561158140258,False,10,AVOID,strong ML probability; recent exchange activity; strong ask-side imbalance; no current SMMA crossover; waiting for BidQty > 1M and AskQty > 1M
2026-08-10 13:31:36.787983,NSE:URBANCO-EQ,139.4,141.61401004269143,142.81940081476503,-1.2053907720735992,NONE,BEARISH,10,101.36283185840708,65.415770609319,1.5495167436576394,18251,19966,74884,573,470,0.0987535953978907,2025634,-0.1575705486320022,-1.4144271570014189,0.7044030109739086,False,35,AVOID,strong ML probability; strong LTQ spike; recent exchange activity; no current SMMA crossover; waiting for BidQty > 1M and AskQty > 1M
2026-08-10 13:31:36.202677,NSE:GREENLAM-EQ,238.55,242.96111030885623,256.5867947908404,-13.62568448198411,NONE,BEARISH,12,46.013888888888886,65.3558282208589,0.7040518059597192,10653,18650,56759,4,7,-0.2727272727272727,979947,-0.3966597077244227,-1.1806130903065482,0.7032938113358089,False,10,AVOID,strong ML probability; recent exchange activity; no current SMMA crossover; waiting for BidQty > 1M and AskQty > 1M
2026-08-10 13:31:36.140196,NSE:LIKHITHA-EQ,227.0,227.85225141975585,224.93024166252223,2.9220097572335817,NONE,BULLISH,19,19.0,18.272727272727277,1.0398009950248757,201,209,4183,10,3,0.5384615384615384,42424,0.0,-0.830056793359546,0.7022404291429829,False,25,AVOID,strong ML probability; recent exchange activity; strong bid-side imbalance; no current SMMA crossover; waiting for BidQty > 1M and AskQty > 1M
2026-08-10 13:31:01.793825,NSE:AMNPLST-EQ,199.32,199.33681788531305,196.60766645669867,2.7291514286143865,NONE,BULLISH,1,20.2,20.2,1.0,202,229,667,1,9,-0.8,9911,0.0,-0.3400000000000069,0.7011227254439729,False,10,AVOID,strong ML probability; recent exchange activity; strong ask-side imbalance; no current SMMA crossover; waiting for BidQty > 1M and AskQty > 1M
2026-08-10 13:29:09.537781,NSE:HBESD-EQ,75.06,77.79534691487514,78.39659700574603,-0.6012500908708915,NONE,BEARISH,1,0.0,1.0,0.0,1,5,11,9,6,0.2,25,0.0,-1.2368421052631584,0.7009473949480731,False,10,AVOID,strong ML probability; recent exchange activity; no current SMMA crossover; waiting for BidQty > 1M and AskQty > 1M
2026-08-10 13:21:53.528252,NSE:SURYALA-EQ,400.5,399.36298440058175,398.9876892120524,0.3752951885293782,NONE,BULLISH,26300,0.0,0.0,0.0,0,52600,157832,8,5,0.2307692307692307,26380,0.0,0.1249999999999973,0.7006103778239899,False,0,AVOID,strong ML probability; no current SMMA crossover; waiting for BidQty > 1M and AskQty > 1M
2026-08-10 13:28:45.234019,NSE:BELLACASA-EQ,245.01,244.48878415003423,242.6046736439685,1.884110506065696,NONE,BULLISH,16,0.0,16.0,0.0,16,62,839,3,1,0.5,4210,0.0,-0.4793046021365654,0.6999476520177937,False,25,AVOID,moderate ML probability; recent exchange activity; strong bid-side imbalance; no current SMMA crossover; waiting for BidQty > 1M and AskQty > 1M
2026-08-10 13:31:31.076142,NSE:TRF-EQ,236.69,236.2131571335593,234.17311552182056,2.040041611738701,NONE,BULLISH,139,26.125,21.454545454545453,1.217690677966102,236,4438,5657,1,2,-0.3333333333333333,19045,0.0,-0.0844273713537901,0.695147497131911,False,10,AVOID,moderate ML probability; moderate LTQ spike; recent exchange activity; strong ask-side imbalance; no current SMMA crossover; waiting for BidQty > 1M and AskQty > 1M
2026-08-10 13:31:27.303952,NSE:SUPERHOUSE-EQ,159.13,160.91730109903676,159.87751454324834,1.0397865557884245,NONE,BULLISH,2,2.0,2.0,0.0,2,6,118,1,1,0.0,1127,-1.558923600371176,-1.558923600371176,0.6939866374295514,False,10,AVOID,moderate ML probability; recent exchange activity; no current SMMA crossover; waiting for BidQty > 1M and AskQty > 1M
2026-08-10 13:31:13.123885,NSE:INDOUS-EQ,81.21,81.36178890600122,81.52969247860781,-0.1679035726065905,NONE,BEARISH,1,5.5,7.3,0.7534246575342466,73,142,720,17,1,0.8888888888888888,961,-0.3436004417719962,-0.3313696612665784,0.6924843333523832,False,25,AVOID,moderate ML probability; recent exchange activity; strong bid-side imbalance; no current SMMA crossover; waiting for BidQty > 1M and AskQty > 1M
2026-08-10 13:31:34.753753,NSE:MIDCAPBETA-EQ,237.97,237.5704909867246,237.24170964377387,0.3287813429507196,NONE,BULLISH,21,27.825,21.352941176470587,1.303099173553719,2178,2255,2748,671,2000,-0.4975664545114189,1149,0.0,0.4135195577872341,0.6900688081833122,False,10,AVOID,moderate ML probability; moderate LTQ spike; recent exchange activity; strong ask-side imbalance; no current SMMA crossover; waiting for BidQty > 1M and AskQty > 1M
2026-08-10 13:31:26.367875,NSE:MINDTECK-EQ,192.7,193.05840546294053,192.5171967153676,0.5412087475729095,NONE,BULLISH,5,19.33333333333333,26.5,0.0,106,272,1037,5,7,-0.1666666666666666,17565,0.0467265458698795,-0.516262261228706,0.6898204475889177,False,10,AVOID,moderate ML probability; recent exchange activity; no current SMMA crossover; waiting for BidQty > 1M and AskQty > 1M
2026-08-10 13:22:28.544408,NSE:UNITEDTEA-EQ,471.0,469.8925446138744,468.4737850847054,1.4187595291689377,NONE,BULLISH,1,0.0,0.0,0.0,0,3,9,1,3,-0.5,383,0.0,0.2127659574468143,0.689760780471482,False,0,AVOID,moderate ML probability; strong ask-side imbalance; no current SMMA crossover; waiting for BidQty > 1M and AskQty > 1M
2026-08-10 13:31:02.983854,NSE:ASIANHOTNR-EQ,317.0,317.034593393272,314.70711059197635,2.327482801295673,NONE,BULLISH,5,5.0,5.0,0.0,5,17,53,1,3,-0.5,14572,0.0315556958031093,0.0315556958031093,0.6886421387972835,False,10,AVOID,moderate ML probability; recent exchange activity; strong ask-side imbalance; no current SMMA crossover; waiting for BidQty > 1M and AskQty > 1M
2026-08-10 13:30:22.867425,NSE:SHIVATEX-EQ,161.06,163.13867533139188,162.8458316437603,0.2928436876315743,NONE,BULLISH,8,8.0,8.0,0.0,56,88,116,4,8,-0.3333333333333333,954,0.0,0.0,0.6872894295263231,False,10,AVOID,moderate ML probability; recent exchange activity; strong ask-side imbalance; no current SMMA crossover; waiting for BidQty > 1M and AskQty > 1M
2026-08-10 13:31:35.160260,NSE:ASHIANA-EQ,382.3,382.0797650125931,379.2104156210941,2.869349391498986,NONE,BULLISH,64,22.90909090909091,95.55882352941175,0.2397381012339461,3249,5163,7745,3,7,-0.4,39537,0.0,0.0654364611961888,0.6870749853845636,False,10,AVOID,moderate ML probability; recent exchange activity; strong ask-side imbalance; no current SMMA crossover; waiting for BidQty > 1M and AskQty > 1M
2026-08-10 13:31:33.279109,NSE:PLASTIBLEN-EQ,199.91,199.6340257098392,198.517427795246,1.1165979145932,NONE,BULLISH,33,33.0,75.0,0.44,750,2437,15969,9,9,0.0,42843,-0.0400020001000145,-0.0400020001000145,0.68550836908971,False,10,AVOID,moderate ML probability; recent exchange activity; no current SMMA crossover; waiting for BidQty > 1M and AskQty > 1M
2026-08-10 13:28:43.667920,NSE:SUKHJITS-EQ,163.98,163.2811755651064,162.4254350869789,0.8557404781275295,NONE,BULLISH,12,0.0,12.0,0.0,132,146,418,2,95,-0.9587628865979382,5320,0.0,0.4594743613306473,0.6854278103649732,False,10,AVOID,moderate ML probability; recent exchange activity; strong ask-side imbalance; no current SMMA crossover; waiting for BidQty > 1M and AskQty > 1M
2026-08-10 13:31:10.590979,NSE:SESHAPAPER-EQ,233.55,233.23421039471265,230.8051396493091,2.42907074540355,NONE,BULLISH,4,4.0,4.0,1.0,40,68,1989,2,2,0.0,13713,0.0,0.0,0.6836491515455626,False,10,AVOID,moderate ML probability; recent exchange activity; no current SMMA crossover; waiting for BidQty > 1M and AskQty > 1M
2026-08-10 13:30:33.764055,NSE:SETF10GILT-EQ,266.78,266.6559348627753,266.8400742375407,-0.1841393747653796,NONE,BEARISH,6,6.0,6.0,0.0,6,36,186,18,27,-0.2,534,0.0,-0.0037482664267951,0.6805722363307326,False,10,AVOID,moderate ML probability; recent exchange activity; no current SMMA crossover; waiting for BidQty > 1M and AskQty > 1M
2026-08-10 13:29:47.815950,NSE:NAHARSPING-EQ,314.15,316.2913644323869,316.7975768425582,-0.5062124101713152,NONE,BEARISH,14,14.0,12.6,0.0,63,562,1727,4,8,-0.3333333333333333,24569,-0.2856689414378777,-0.317309217832773,0.6803054737322362,False,10,AVOID,moderate ML probability; recent exchange activity; strong ask-side imbalance; no current SMMA crossover; waiting for BidQty > 1M and AskQty > 1M
2026-08-10 13:31:33.367802,NSE:NIFTYBETA-EQ,273.19,273.1186393661167,272.97710271602176,0.141536650094963,NONE,BULLISH,1,1.0,1.0,1.0,68,36744,43010,19,26,-0.1555555555555555,22896,0.0,0.0292922265753725,0.6795314004741939,False,10,AVOID,moderate ML probability; recent exchange activity; no current SMMA crossover; waiting for BidQty > 1M and AskQty > 1M
2026-08-10 13:31:33.687903,NSE:APEX-EQ,377.9,378.1656750065032,378.0728387170548,0.0928362894483711,NONE,BULLISH,14,5.0,14.20689655172414,0.3519417475728155,412,478,3428,1,2,-0.3333333333333333,64739,0.0,0.0927029532512113,0.6789598051962613,False,10,AVOID,moderate ML probability; recent exchange activity; strong ask-side imbalance; no current SMMA crossover; waiting for BidQty > 1M and AskQty > 1M
2026-08-10 13:31:31.554508,NSE:EXCELSOFT-EQ,77.5,77.92038663181174,80.73451950915094,-2.8141328773392047,NONE,BEARISH,2,240.57142857142856,157.77586206896552,1.524767004386718,9151,23510,105768,58,144,-0.4257425742574257,804029,-0.1288659793814317,-0.2317198764160699,0.6785300415041202,False,35,AVOID,moderate ML probability; strong LTQ spike; recent exchange activity; strong ask-side imbalance; no current SMMA crossover; waiting for BidQty > 1M and AskQty > 1M
2026-08-10 13:21:56.748121,NSE:PANSARI-EQ,320.3,322.019728460809,322.5973489508168,-0.5776204900078028,NONE,BEARISH,3,0.0,0.0,0.0,0,6,20,53,1,0.9629629629629628,620,-0.5742666459723655,-0.2491435689816246,0.6779001169344087,False,15,AVOID,moderate ML probability; strong bid-side imbalance; no current SMMA crossover; waiting for BidQty > 1M and AskQty > 1M
2026-08-10 13:31:20.959856,NSE:BAJAJINDEF-EQ,233.49,232.9773595354796,232.7692388505136,0.2081206849659906,NONE,BULLISH,22,22.0,22.0,1.0,220,398,834,5,20,-0.6,12094,0.0,0.0,0.6777603866841032,False,10,AVOID,moderate ML probability; recent exchange activity; strong ask-side imbalance; no current SMMA crossover; waiting for BidQty > 1M and AskQty > 1M
2026-08-10 13:31:21.821874,NSE:HERANBA-EQ,178.16,178.9152714096765,178.73442406760367,0.1808473420728376,NONE,BULLISH,6,5.888888888888889,5.888888888888889,1.0,53,644,1914,2,3,-0.2,16012,0.0,-0.3690862319650989,0.6770634992385591,False,10,AVOID,moderate ML probability; recent exchange activity; no current SMMA crossover; waiting for BidQty > 1M and AskQty > 1M
2026-08-10 13:31:33.553829,NSE:AFCONS-EQ,261.15,263.7979739371604,269.9890887349436,-6.1911147977832,NONE,BEARISH,1,46.0,65.70666666666666,0.7000811688311689,14784,25999,79116,38,100,-0.4492753623188406,1342676,-0.0382775119617262,-0.4384292794510247,0.6767449019166919,False,10,AVOID,moderate ML probability; recent exchange activity; strong ask-side imbalance; no current SMMA crossover; waiting for BidQty > 1M and AskQty > 1M
2026-08-10 13:29:58.819743,NSE:VINYLINDIA-EQ,243.2,242.8663660990613,242.705324593296,0.161041505765354,NONE,BULLISH,6,6.0,6.0,0.0,6,18,1551,389,8,0.9596977329974812,4666,0.0,0.0823045267489774,0.6762837135082994,False,25,AVOID,moderate ML probability; recent exchange activity; strong bid-side imbalance; no current SMMA crossover; waiting for BidQty > 1M and AskQty > 1M
2026-08-10 13:21:53.593221,NSE:NAHARPOLY-EQ,238.0,237.46065049143573,237.29885325045555,0.161797240980178,NONE,BULLISH,80,0.0,0.0,0.0,0,160,1716,3,10,-0.5384615384615384,21654,0.3795866722901664,0.1894338034098108,0.6761034676458967,False,0,AVOID,moderate ML probability; strong ask-side imbalance; no current SMMA crossover; waiting for BidQty > 1M and AskQty > 1M
2026-08-10 13:30:45.948304,NSE:OAL-EQ,379.2,378.09640414477207,377.9414907307902,0.1549134139818875,NONE,BULLISH,2,2.0,2.0,1.0,22,34,159,2,3,-0.2,7749,0.0,0.0,0.6758641738202995,False,10,AVOID,moderate ML probability; recent exchange activity; no current SMMA crossover; waiting for BidQty > 1M and AskQty > 1M
2026-08-10 13:31:32.638023,NSE:SHOPERSTOP-EQ,426.0,426.1047480785905,423.46541479921166,2.639333279378832,NONE,BULLISH,1,1.3333333333333333,1.1666666666666667,1.1428571428571428,21,74,578,17,5,0.5454545454545454,30002,0.0,-0.058651026392964,0.6757528393696568,False,25,AVOID,moderate ML probability; recent exchange activity; strong bid-side imbalance; no current SMMA crossover; waiting for BidQty > 1M and AskQty > 1M
2026-08-10 13:31:24.813804,NSE:CAPITALSFB-EQ,297.3,297.69260554885403,297.02385364291007,0.6687519059439637,NONE,BULLISH,78,65.42857142857143,45.84615384615385,1.4271332694151486,596,600,3876,59,113,-0.313953488372093,28761,0.0,-0.2516356316054402,0.6756003412010663,False,10,AVOID,moderate ML probability; moderate LTQ spike; recent exchange activity; strong ask-side imbalance; no current SMMA crossover; waiting for BidQty > 1M and AskQty > 1M
2026-08-10 13:31:32.833486,NSE:SBIETFIT-EQ,351.6,351.7908817249013,351.2460553351416,0.5448263897596917,NONE,BULLISH,86,86.0,86.0,1.0,7826,11071,16636,4552,17,0.9925585467279492,7111,0.0,0.0,0.6755214779678096,False,25,AVOID,moderate ML probability; recent exchange activity; strong bid-side imbalance; no current SMMA crossover; waiting for BidQty > 1M and AskQty > 1M
2026-08-10 13:31:34.304108,NSE:MOQUALITY-EQ,207.71,207.6080360981661,207.4329695088664,0.175066589299746,NONE,BULLISH,1,1.0,1.0,1.0,113,188,2364,39371,20674,0.3113831293196769,6813,0.0,0.0,0.6751400829894852,False,25,AVOID,moderate ML probability; recent exchange activity; strong bid-side imbalance; no current SMMA crossover; waiting for BidQty > 1M and AskQty > 1M
2026-08-10 13:30:05.043717,NSE:MUTHOOTCAP-EQ,258.72,259.4260603922444,259.3560760013576,0.069984390886816,NONE,BULLISH,1,1.0,7.666666666666667,0.1304347826086956,92,120,692,31,2,0.8787878787878788,10278,0.0,-0.2890507573129808,0.6746906206862623,False,25,AVOID,moderate ML probability; recent exchange activity; strong bid-side imbalance; no current SMMA crossover; waiting for BidQty > 1M and AskQty > 1M
2026-08-10 13:31:36.333048,NSE:MBEL-EQ,284.0,289.4987501629983,296.4981643563288,-6.999414193330495,NONE,BEARISH,1,30.133333333333333,56.67741935483871,0.5316638209068487,8785,14251,86636,32,22,0.1851851851851851,1019941,-0.1230877439775013,-0.4556607080266395,0.6738524732412288,False,10,AVOID,moderate ML probability; recent exchange activity; no current SMMA crossover; waiting for BidQty > 1M and AskQty > 1M
2026-08-10 13:31:34.426571,NSE:NIFTYAXIS-EQ,272.53,272.61912139137735,271.08010300389725,1.5390183874800982,NONE,BULLISH,1,1.6521739130434785,2.373913043478261,0.6959706959706959,273,357,2693,2985,7013,-0.402880576115223,8626,0.0,0.0110091743119156,0.673672669037703,False,10,AVOID,moderate ML probability; recent exchange activity; strong ask-side imbalance; no current SMMA crossover; waiting for BidQty > 1M and AskQty > 1M
2026-08-10 13:31:34.287217,NSE:SBIETFQLTY-EQ,230.76,230.1491858242212,229.5905723732153,0.5586134510058969,NONE,BULLISH,2,17.804878048780488,58.018691588785046,0.3068817576062358,6208,11384,24342,55,14998,-0.992692486547532,2961,0.0,0.1562499999999911,0.6734789735612315,False,10,AVOID,moderate ML probability; recent exchange activity; strong ask-side imbalance; no current SMMA crossover; waiting for BidQty > 1M and AskQty > 1M
2026-08-10 13:31:33.788057,NSE:HDFCNIFTY-EQ,277.69,277.6721481731099,277.55175652901414,0.1203916440957755,NONE,BULLISH,1,2.142857142857143,3.327433628318584,0.6439969604863222,376,2915,18900,50,2485,-0.960552268244576,41826,0.0,0.0072027946843356,0.6725169833503093,False,10,AVOID,moderate ML probability; recent exchange activity; strong ask-side imbalance; no current SMMA crossover; waiting for BidQty > 1M and AskQty > 1M
2026-08-10 13:29:43.264160,NSE:ARIHANTSUP-EQ,260.9,262.7326302842251,264.8009270591384,-2.0682967749132786,NONE,BEARISH,1,1.0,1.0,0.0,1,1831,2947,11,7,0.2222222222222222,3631,0.0,-0.4198473282442827,0.6711866984536833,False,10,AVOID,moderate ML probability; recent exchange activity; no current SMMA crossover; waiting for BidQty > 1M and AskQty > 1M
2026-08-10 13:21:53.423977,NSE:SHIVAUM-EQ,429.0,426.31832156425617,422.27966130867736,4.0386602555788045,NONE,BULLISH,1,0.0,0.0,0.0,0,2,5,4,3,0.1428571428571428,749,0.0,-0.2209559251075687,0.6705803806842141,False,0,AVOID,moderate ML probability; no current SMMA crossover; waiting for BidQty > 1M and AskQty > 1M
2026-08-10 13:31:32.523920,NSE:21STCENMGM-EQ,42.75,43.40423047971981,43.54933032632693,-0.145099846607124,NONE,BEARISH,55,55.0,55.0,0.0,165,237,3107,210,175,0.0909090909090909,8981,0.0,-0.5813953488372103,0.6702611508553462,False,10,AVOID,moderate ML probability; recent exchange activity; no current SMMA crossover; waiting for BidQty > 1M and AskQty > 1M
2026-08-10 13:31:10.599264,NSE:SHALBY-EQ,163.56,163.13888364769446,161.4944912614425,1.6443923862519512,NONE,BULLISH,2,4.9,9.707317073170731,0.5047738693467337,398,1701,4556,100,139,-0.1631799163179916,45480,0.0,-0.1708984375,0.6699787484289615,False,10,AVOID,moderate ML probability; recent exchange activity; no current SMMA crossover; waiting for BidQty > 1M and AskQty > 1M
2026-08-10 13:31:28.890224,NSE:MANUFGBEES-EQ,167.85,167.85537573770588,166.50509601068828,1.3502797270176077,NONE,BULLISH,50,50.0,50.0,1.0,3100,5550,10449,1550,106,0.8719806763285024,4312,0.0,0.0,0.66880011527276,False,25,AVOID,moderate ML probability; recent exchange activity; strong bid-side imbalance; no current SMMA crossover; waiting for BidQty > 1M and AskQty > 1M
2026-08-10 13:22:27.377303,NSE:AFSL-EQ,201.06,201.2841488298585,201.1081226124973,0.1760262173611693,NONE,BULLISH,118,0.0,0.0,0.0,0,472,584,1,2,-0.3333333333333333,1541,0.0,-0.3024743392671114,0.6687749431296133,False,0,AVOID,moderate ML probability; strong ask-side imbalance; no current SMMA crossover; waiting for BidQty > 1M and AskQty > 1M
2026-08-10 13:31:21.569875,NSE:SOUTHWEST-EQ,235.57,234.47783010227144,232.6641062309865,1.8137238712849355,NONE,BULLISH,1,1.0,1.0,1.0,11,2070,3556,1,2,-0.3333333333333333,51122,0.0,0.0,0.6685115957754515,False,10,AVOID,moderate ML probability; recent exchange activity; strong ask-side imbalance; no current SMMA crossover; waiting for BidQty > 1M and AskQty > 1M
2026-08-10 13:21:56.444891,NSE:HARRMALAYA-EQ,223.0,223.7714369256902,223.15712373126027,0.6143131944299398,NONE,BULLISH,100,0.0,0.0,0.0,0,200,365,3,2,0.2,9688,0.1571973950145855,0.1571973950145855,0.6680219488751413,False,0,AVOID,moderate ML probability; no current SMMA crossover; waiting for BidQty > 1M and AskQty > 1M
2026-08-10 13:31:23.727795,NSE:AARVI-EQ,153.83,153.9630776461863,153.8175179294627,0.1455597167235964,NONE,BULLISH,1,1.0,1.0,0.0,1,127,996,94,3,0.9381443298969072,11211,0.0,0.0,0.6666066091705514,False,25,AVOID,moderate ML probability; recent exchange activity; strong bid-side imbalance; no current SMMA crossover; waiting for BidQty > 1M and AskQty > 1M
2026-08-10 13:31:34.543752,NSE:NIFTYADD-EQ,259.16,259.3162139881007,259.1451233469932,0.1710906411075257,NONE,BULLISH,3,3.0,3.0,1.0,321,561,3818,6,9566,-0.9987463435018804,2317,0.0,0.0,0.6658570034633453,False,10,AVOID,moderate ML probability; recent exchange activity; strong ask-side imbalance; no current SMMA crossover; waiting for BidQty > 1M and AskQty > 1M
2026-08-10 13:31:36.208111,NSE:MOSILVER-EQ,228.51,228.51477874136063,227.9866300924659,0.528148648894728,NONE,BULLISH,1,1.0,1.0,1.0,165,771,6862,4,3142,-0.9974570883661792,45068,-0.0043759845965385,-0.0175016407788275,0.665287500155306,False,10,AVOID,moderate ML probability; recent exchange activity; strong ask-side imbalance; no current SMMA crossover; waiting for BidQty > 1M and AskQty > 1M
2026-08-10 13:31:34.934031,NSE:MOLDTECH-EQ,194.76,196.30424213299915,195.037820277304,1.2664218556951423,NONE,BULLISH,1,40.516129032258064,34.96363636363636,1.1588076426282858,1923,2655,4926,23,14,0.2432432432432432,520455,-0.1230769230769257,-0.5870042366392769,0.6651904370676037,False,10,AVOID,moderate ML probability; recent exchange activity; no current SMMA crossover; waiting for BidQty > 1M and AskQty > 1M
2026-08-10 13:30:26.715582,NSE:VLSFINANCE-EQ,266.55,267.6450857294951,266.6223595769529,1.0227261525422475,NONE,BULLISH,86,86.0,86.0,0.0,172,774,1984,9,3,0.5,18450,0.0,0.0,0.6648602050628919,False,25,AVOID,moderate ML probability; recent exchange activity; strong bid-side imbalance; no current SMMA crossover; waiting for BidQty > 1M and AskQty > 1M
2026-08-10 13:31:34.584047,NSE:EQUAL50ADD-EQ,352.81,352.8575386321,352.4035655917916,0.4539730403083695,NONE,BULLISH,1,1.0,2.323529411764706,0.430379746835443,237,328,1058,10,55,-0.6923076923076923,2789,0.0,-0.0028343064452096,0.6642687948702395,False,10,AVOID,moderate ML probability; recent exchange activity; strong ask-side imbalance; no current SMMA crossover; waiting for BidQty > 1M and AskQty > 1M
2026-08-10 13:27:50.231768,NSE:STARPAPER-EQ,152.61,153.39599982150594,152.84240756892407,0.5535922525818648,NONE,BULLISH,65,0.0,65.0,0.0,325,455,1249,8,7,0.0666666666666666,4788,0.0,-0.9025974025973936,0.664253148831851,False,10,AVOID,moderate ML probability; recent exchange activity; no current SMMA crossover; waiting for BidQty > 1M and AskQty > 1M
2026-08-10 13:30:26.030347,NSE:SREEL-EQ,220.51,220.8119837986208,218.405181603392,2.406802195228778,NONE,BULLISH,14,14.0,14.0,1.0,84,3893,5342,1,1,0.0,6988,0.0,-0.2217194570135805,0.662893787873614,False,10,AVOID,moderate ML probability; recent exchange activity; no current SMMA crossover; waiting for BidQty > 1M and AskQty > 1M
2026-08-10 13:31:34.293634,NSE:NIFTYETF-EQ,267.75,267.87940070332746,267.7455448897264,0.1338558136010874,NONE,BULLISH,10,5.25,3.8262548262548255,1.3720988900100908,991,7196,31689,12,25,-0.3513513513513513,62383,0.0,-0.0709113980741915,0.6623718721408313,False,10,AVOID,moderate ML probability; moderate LTQ spike; recent exchange activity; strong ask-side imbalance; no current SMMA crossover; waiting for BidQty > 1M and AskQty > 1M
2026-08-10 13:31:18.553633,NSE:CHOICEGOLD-EQ,149.91,149.67237894210734,148.85544551477426,0.8169334273330833,NONE,BULLISH,64,62.8,61.9,1.0145395799676895,619,7387,102243,6,57,-0.8095238095238095,10497,0.0,0.2206177296429912,0.661747123935352,False,10,AVOID,moderate ML probability; recent exchange activity; strong ask-side imbalance; no current SMMA crossover; waiting for BidQty > 1M and AskQty > 1M
2026-08-10 13:31:34.313864,NSE:NIFTYBETF-EQ,253.74,253.28824863845637,252.91192067487907,0.3763279635772676,NONE,BULLISH,10,10.0,6.564356435643564,1.5233785822021118,663,879,2193,12927,99975,-0.771004942339374,1091,0.0,0.0433702637700594,0.6614680456688562,False,35,AVOID,moderate ML probability; strong LTQ spike; recent exchange activity; strong ask-side imbalance; no current SMMA crossover; waiting for BidQty > 1M and AskQty > 1M
2026-08-10 13:31:36.803879,NSE:GOCOLORS-EQ,328.4,327.78720745012305,325.0484047158211,2.7388027343019417,NONE,BULLISH,154,45.77777777777778,30.02857142857143,1.5244740458822286,1051,1780,11156,26,156,-0.7142857142857143,78508,0.0,0.3820877273422063,0.6612778081012265,False,35,AVOID,moderate ML probability; strong LTQ spike; recent exchange activity; strong ask-side imbalance; no current SMMA crossover; waiting for BidQty > 1M and AskQty > 1M
2026-08-10 13:31:16.577679,NSE:SHREEPUSHK-EQ,412.85,413.0681611456499,409.6465539377219,3.421607207928048,NONE,BULLISH,4,4.0,4.0,1.0,44,393,921,2,1,0.3333333333333333,10369,0.0,-0.1692661105065829,0.6610829048614262,False,25,AVOID,moderate ML probability; recent exchange activity; strong bid-side imbalance; no current SMMA crossover; waiting for BidQty > 1M and AskQty > 1M
2026-08-10 13:31:23.484056,NSE:BONLON-EQ,40.61,41.12787397767909,41.865684689844976,-0.7378107121658815,NONE,BEARISH,39,39.0,39.0,0.0,78,312,362,11,35,-0.5217391304347826,6968,0.0,-0.9512195121951228,0.6598556308698428,False,10,AVOID,moderate ML probability; recent exchange activity; strong ask-side imbalance; no current SMMA crossover; waiting for BidQty > 1M and AskQty > 1M
2026-08-10 13:31:11.040456,NSE:OMAXAUTO-EQ,200.5,201.18035418103997,212.7704845978319,-11.590130416791965,NONE,BEARISH,2,9.666666666666666,45.888888888888886,0.2106537530266344,826,1322,9017,63,2,0.9384615384615383,300879,0.0,-0.4518147063204414,0.6598394586893359,False,25,AVOID,moderate ML probability; recent exchange activity; strong bid-side imbalance; no current SMMA crossover; waiting for BidQty > 1M and AskQty > 1M
2026-08-10 13:31:36.543833,NSE:INNOVISION-EQ,282.65,283.3230420662601,284.2684556139397,-0.9454135476796068,NONE,BEARISH,28,14.833333333333334,11.36842105263158,1.304783950617284,216,513,797,7,16,-0.391304347826087,6561,0.0,-0.4402958788305766,0.659383374529444,False,10,AVOID,moderate ML probability; moderate LTQ spike; recent exchange activity; strong ask-side imbalance; no current SMMA crossover; waiting for BidQty > 1M and AskQty > 1M
2026-08-10 13:21:53.868145,NSE:NORBTEAEXP-EQ,62.8,64.37332688582518,64.26290955887416,0.1104173269510226,NONE,BULLISH,3,0.0,0.0,0.0,0,6,71,10,16,-0.2307692307692307,508,-3.0864197530864224,-3.071461645315654,0.6584303545794384,False,0,AVOID,moderate ML probability; no current SMMA crossover; waiting for BidQty > 1M and AskQty > 1M
2026-08-10 13:31:06.766292,NSE:TPLPLASTEH-EQ,75.84,76.32944416539273,77.12583396548858,-0.7963898000958523,NONE,BEARISH,1,1.0,12.333333333333334,0.081081081081081,259,712,2262,62,9,0.7464788732394366,99882,0.0,0.3440063508864943,0.6584138951146435,False,25,AVOID,moderate ML probability; recent exchange activity; strong bid-side imbalance; no current SMMA crossover; waiting for BidQty > 1M and AskQty > 1M
2026-08-10 13:29:40.476260,NSE:MEIL-EQ,274.2,274.3359504799636,275.2494596435319,-0.9135091635682784,NONE,BEARISH,1,1.0,2.7777777777777777,0.0,25,123,1316,3,7,-0.4,23893,0.0729927007299124,-0.5260293850897879,0.65786586267152,False,10,AVOID,moderate ML probability; recent exchange activity; strong ask-side imbalance; no current SMMA crossover; waiting for BidQty > 1M and AskQty > 1M
2026-08-10 13:31:12.235432,NSE:AYMSYNTEX-EQ,259.0,256.3515362373461,251.7241524647673,4.62738377257881,NONE,BULLISH,5,9.2,9.2,1.0,46,79,1101,7,6,0.0769230769230769,20678,0.0,1.5487159380513482,0.6576982765327712,False,10,AVOID,moderate ML probability; recent exchange activity; no current SMMA crossover; waiting for BidQty > 1M and AskQty > 1M
2026-08-10 13:31:33.534924,NSE:ARVEE-EQ,157.38,157.07627291116887,156.72929738334258,0.346975527826288,NONE,BULLISH,1,1.0,1.0,1.0,7,32,173,1,1,0.0,5180,0.0,1.3981057921525597,0.6571463008094435,False,10,AVOID,moderate ML probability; recent exchange activity; no current SMMA crossover; waiting for BidQty > 1M and AskQty > 1M
2026-08-10 13:31:36.188978,NSE:BPCL-EQ,319.8,319.4234305552134,319.33098820517466,0.0924423500387092,NONE,BULLISH,1,29.835443037974684,31.35,0.9516887731411382,6270,12173,46138,10,277,-0.9303135888501742,2210956,0.0156372165754481,0.0938967136150159,0.6570092924206972,False,10,AVOID,moderate ML probability; recent exchange activity; strong ask-side imbalance; no current SMMA crossover; waiting for BidQty > 1M and AskQty > 1M
2026-08-10 13:31:36.263759,NSE:BLSE-EQ,315.95,315.161621911494,312.4344808921106,2.727141019383396,NONE,BULLISH,68,15.333333333333334,11.5,1.3333333333333337,368,1525,8556,2,4,-0.3333333333333333,297412,0.0,0.1902647851593331,0.656960014332684,False,10,AVOID,moderate ML probability; moderate LTQ spike; recent exchange activity; strong ask-side imbalance; no current SMMA crossover; waiting for BidQty > 1M and AskQty > 1M
2026-08-10 13:31:35.110368,NSE:ADVENZYMES-EQ,296.65,298.56787121364795,309.56158959769834,-10.993718384050396,NONE,BEARISH,5,32.28846153846154,23.153153153153152,1.3945600119724637,2570,4910,25393,10,39,-0.5918367346938775,886755,0.0,-0.3527040644944579,0.6569343343620871,False,10,AVOID,moderate ML probability; moderate LTQ spike; recent exchange activity; strong ask-side imbalance; no current SMMA crossover; waiting for BidQty > 1M and AskQty > 1M
2026-08-10 13:31:34.726409,NSE:LXCHEM-EQ,179.18,178.90763435480483,177.73112527552692,1.1765090792779065,NONE,BULLISH,194,25.181818181818183,134.45901639344262,0.1872824809913325,8202,21456,52946,61,50,0.0990990990990991,622845,0.0,0.2125279642058108,0.6565111732806344,False,10,AVOID,moderate ML probability; recent exchange activity; no current SMMA crossover; waiting for BidQty > 1M and AskQty > 1M
2026-08-10 13:31:34.675747,NSE:ABSL10BANK-EQ,170.1,170.1255666848289,170.2215895240137,-0.0960228391847977,NONE,BEARISH,10,10.0,10.0,1.0,1130,1920,9325,4,1800,-0.9955654101995566,888,0.0,0.0,0.655913165334226,False,10,AVOID,moderate ML probability; recent exchange activity; strong ask-side imbalance; no current SMMA crossover; waiting for BidQty > 1M and AskQty > 1M
2026-08-10 13:29:09.859390,NSE:HEALTHX-EQ,306.55,307.7977388534379,307.3554003671128,0.4423384863251272,NONE,BULLISH,9,0.0,9.0,0.0,18,36,616,5,5,0.0,10702,0.0,0.0,0.6556457887010744,False,10,AVOID,moderate ML probability; recent exchange activity; no current SMMA crossover; waiting for BidQty > 1M and AskQty > 1M
2026-08-10 13:27:13.768070,NSE:NIPPOBATRY-EQ,325.7,325.80367797928614,326.63319578488074,-0.8295178055946053,NONE,BEARISH,2,0.0,2.0,0.0,2,40,48,3,8,-0.4545454545454545,1305,0.0,-0.488848151542931,0.6556312505420843,False,10,AVOID,moderate ML probability; recent exchange activity; strong ask-side imbalance; no current SMMA crossover; waiting for BidQty > 1M and AskQty > 1M
2026-08-10 13:31:01.406762,NSE:LIBERTSHOE-EQ,262.35,262.9411028214992,262.6275637133588,0.3135391081403895,NONE,BULLISH,6,6.0,6.75,0.8888888888888888,54,90,730,3,2,0.2,7359,0.0,-0.0190548780487631,0.6552124454766542,False,10,AVOID,moderate ML probability; recent exchange activity; no current SMMA crossover; waiting for BidQty > 1M and AskQty > 1M
2026-08-10 13:31:30.834531,NSE:BFINVEST-EQ,481.9,479.2406978132403,473.6913022019553,5.549395611284979,NONE,BULLISH,25,16.294117647058822,9.97222222222222,1.6339505161396035,359,580,4309,1,25,-0.9230769230769232,23024,-0.0207468879668049,0.1766968090634924,0.6542228768947277,False,35,AVOID,moderate ML probability; strong LTQ spike; recent exchange activity; strong ask-side imbalance; no current SMMA crossover; waiting for BidQty > 1M and AskQty > 1M
2026-08-10 13:31:34.272329,NSE:ITBETA-EQ,333.95,333.747385144986,332.9845778356167,0.7628073093693502,NONE,BULLISH,15,15.0,15.0,1.0,1395,2325,180687,1,6,-0.7142857142857143,2229,0.0,0.0,0.6532284289246311,False,10,AVOID,moderate ML probability; recent exchange activity; strong ask-side imbalance; no current SMMA crossover; waiting for BidQty > 1M and AskQty > 1M
2026-08-10 13:31:32.803711,NSE:MONQ50-EQ,144.74,144.7372765565584,144.54078163743927,0.1964949191191465,NONE,BULLISH,7,7.0,7.0,1.0,147,963,1149,276020,0,1.0,9228,0.0,0.0,0.6521283088476368,False,25,AVOID,moderate ML probability; recent exchange activity; strong bid-side imbalance; no current SMMA crossover; waiting for BidQty > 1M and AskQty > 1M
2026-08-10 13:27:31.000932,NSE:EMKAY-EQ,240.72,240.4941423979037,239.53630383105653,0.95783856684713,NONE,BULLISH,3,0.0,3.0,0.0,3,66,216,4,1,0.6,3712,0.0,-0.0249190132070808,0.6496868138893294,False,25,AVOID,moderate ML probability; recent exchange activity; strong bid-side imbalance; no current SMMA crossover; waiting for BidQty > 1M and AskQty > 1M
2026-08-10 13:30:16.629332,NSE:GSEC5IETF-EQ,66.27,66.68372082818415,66.54815642751352,0.1355644006706313,NONE,BULLISH,115,115.0,92.4,1.2445887445887445,462,470,1074,186,4596,-0.9222082810539524,851,0.0,-0.9120813397129224,0.6490129287035341,False,10,AVOID,moderate ML probability; moderate LTQ spike; recent exchange activity; strong ask-side imbalance; no current SMMA crossover; waiting for BidQty > 1M and AskQty > 1M
2026-08-10 13:27:51.602523,NSE:SILGO-EQ,69.0,69.44579050303975,69.97953549451871,-0.5337449914789687,NONE,BEARISH,90,0.0,90.0,0.0,90,3519,4590,69,6,0.84,82669,0.0,0.2033110659308779,0.6489170110003429,False,25,AVOID,moderate ML probability; recent exchange activity; strong bid-side imbalance; no current SMMA crossover; waiting for BidQty > 1M and AskQty > 1M
2026-08-10 13:31:28.283701,NSE:SURAJEST-EQ,208.0,208.83262823584857,205.2254807009283,3.607147534920273,NONE,BULLISH,5,338.1034482758621,228.67441860465115,1.4785363852193705,9833,10083,22176,4,505,-0.9842829076620824,84166,0.0,-0.4784688995215336,0.6488774734280386,False,10,AVOID,moderate ML probability; moderate LTQ spike; recent exchange activity; strong ask-side imbalance; no current SMMA crossover; waiting for BidQty > 1M and AskQty > 1M
2026-08-10 13:24:31.785228,NSE:ABCOTS-EQ,202.19,201.87346022415676,199.7256181810038,2.1478420431529344,NONE,BULLISH,1,0.0,0.0,0.0,0,3,39,1,2,-0.3333333333333333,2890,0.0,0.0,0.648842476294656,False,0,AVOID,moderate ML probability; strong ask-side imbalance; no current SMMA crossover; waiting for BidQty > 1M and AskQty > 1M
2026-08-10 13:24:17.404095,NSE:KRITI-EQ,70.48,73.52870505563732,84.36846684357432,-10.839761787937007,NONE,BEARISH,250,0.0,0.0,0.0,0,4070,7902,110,250,-0.3888888888888889,13908,0.0,1.2643678160919605,0.6482984414395521,False,0,AVOID,moderate ML probability; strong ask-side imbalance; no current SMMA crossover; waiting for BidQty > 1M and AskQty > 1M
2026-08-10 13:21:57.984091,NSE:BBTCL-EQ,223.8,225.11108551648985,225.2397285228716,-0.1286430063817931,NONE,BEARISH,21,0.0,0.0,0.0,0,42,359,1,3,-0.5,1037,0.0,0.0,0.6475220512520684,False,0,AVOID,moderate ML probability; strong ask-side imbalance; no current SMMA crossover; waiting for BidQty > 1M and AskQty > 1M
2026-08-10 13:28:57.956625,NSE:ZENITHEXPO-EQ,235.92,234.0594695690349,222.34926136247532,11.710208206559544,NONE,BULLISH,20,0.0,20.0,0.0,60,72,1253,5,60,-0.8461538461538461,8267,-0.2958329811512228,0.7731408312331656,0.6474277815629776,False,10,AVOID,moderate ML probability; recent exchange activity; strong ask-side imbalance; no current SMMA crossover; waiting for BidQty > 1M and AskQty > 1M
2026-08-10 13:31:26.396126,NSE:PLATIND-EQ,229.0,229.43527918936115,226.77973869093728,2.655540498423875,NONE,BULLISH,48,68.61538461538461,191.76,0.3578190687076795,4794,6764,10504,34,100,-0.4925373134328358,141164,0.0,-0.4347826086956496,0.6473542548104881,False,10,AVOID,moderate ML probability; recent exchange activity; strong ask-side imbalance; no current SMMA crossover; waiting for BidQty > 1M and AskQty > 1M
2026-08-10 13:31:11.983649,NSE:VIPIND-EQ,319.9,319.81745181814864,317.94612696041577,1.8713248577328727,NONE,BULLISH,3,8.615384615384615,64.48,0.1336132849780492,1612,1954,11562,10,412,-0.95260663507109,202249,0.0,0.1095290251916569,0.6472269178570581,False,10,AVOID,moderate ML probability; recent exchange activity; strong ask-side imbalance; no current SMMA crossover; waiting for BidQty > 1M and AskQty > 1M
2026-08-10 13:31:33.818004,NSE:ABLBL-EQ,91.29,91.60720097141252,92.58195979999144,-0.9747588285789276,NONE,BEARISH,29,29.47826086956522,21.084745762711865,1.3980847196980288,1244,5488,28785,123,16,0.7697841726618705,746819,-0.1312766655726882,-0.1749589939857854,0.6468876835006815,False,25,AVOID,moderate ML probability; moderate LTQ spike; recent exchange activity; strong bid-side imbalance; no current SMMA crossover; waiting for BidQty > 1M and AskQty > 1M
2026-08-10 13:31:33.548118,NSE:SILVERTUC-EQ,198.41,198.54135440812743,197.46887730506,1.0724771030674276,NONE,BULLISH,10,3.1,8.48,0.365566037735849,212,761,6838,3,3,0.0,226612,0.0352929313300443,0.1969498030501837,0.6468444975607417,False,10,AVOID,moderate ML probability; recent exchange activity; no current SMMA crossover; waiting for BidQty > 1M and AskQty > 1M
2026-08-10 13:31:01.009127,NSE:AURUM-EQ,228.52,228.44556504889147,227.4489271710098,0.9966378778816534,NONE,BULLISH,13,15.473684210526317,12.314285714285717,1.2565636829893758,431,761,2650,1,1,0.0,192479,0.0,0.3469020331093864,0.6465907642977731,False,10,AVOID,moderate ML probability; moderate LTQ spike; recent exchange activity; no current SMMA crossover; waiting for BidQty > 1M and AskQty > 1M
2026-08-10 13:30:20.262518,NSE:BIRLAMONEY-EQ,133.51,133.50900219397124,132.71471837944702,0.7942838145242206,NONE,BULLISH,3,3.0,3.0,0.0,9,24,34831,17,8,0.36,24548,0.0,0.0,0.6465041716151654,False,25,AVOID,moderate ML probability; recent exchange activity; strong bid-side imbalance; no current SMMA crossover; waiting for BidQty > 1M and AskQty > 1M
2026-08-10 13:31:22.945061,NSE:OMAXE-EQ,85.62,85.81724866938288,86.38979766706872,-0.5725489976858427,NONE,BEARISH,18,7.714285714285714,74.80952380952381,0.1031190324633991,1571,2158,22904,28,21,0.1428571428571428,179176,-0.1748863238894671,-0.1166588894073616,0.6464391801709289,False,10,AVOID,moderate ML probability; recent exchange activity; no current SMMA crossover; waiting for BidQty > 1M and AskQty > 1M
2026-08-10 13:28:34.960975,NSE:TIPSFILMS-EQ,389.0,386.7457314433936,379.36893494112354,7.376796502269997,NONE,BULLISH,2,0.0,2.0,0.0,4,6,451,5,9,-0.2857142857142857,12652,-0.0642260757867663,0.6989386487186167,0.6460300957069813,False,10,AVOID,moderate ML probability; recent exchange activity; no current SMMA crossover; waiting for BidQty > 1M and AskQty > 1M
2026-08-10 13:31:33.318062,NSE:FLAIR-EQ,253.95,253.84065842516307,253.07926824716807,0.761390177994997,NONE,BULLISH,35,26.666666666666668,15.576923076923077,1.711934156378601,405,597,3180,15,264,-0.8924731182795699,56602,0.0,0.039393342525118,0.6447932514208724,False,35,AVOID,moderate ML probability; strong LTQ spike; recent exchange activity; strong ask-side imbalance; no current SMMA crossover; waiting for BidQty > 1M and AskQty > 1M
2026-08-10 13:31:29.343733,NSE:MAKEINDIA-EQ,169.98,169.94748420136068,169.80998649330814,0.1374977080525354,NONE,BULLISH,1,79.4047619047619,214.21296296296296,0.3706814041804316,23135,46835,89817,28,30,-0.0344827586206896,59557,0.0,-0.0117647058823555,0.6445312805267142,False,10,AVOID,moderate ML probability; recent exchange activity; no current SMMA crossover; waiting for BidQty > 1M and AskQty > 1M
2026-08-10 13:30:57.160805,NSE:HEXATRADEX-EQ,160.2,161.03925885062174,162.71148302651977,-1.6722241758980374,NONE,BEARISH,37,37.0,37.0,1.0,259,289,339,20,2,0.8181818181818182,747,0.0,-0.0312012480499279,0.6441963646346952,False,25,AVOID,moderate ML probability; recent exchange activity; strong bid-side imbalance; no current SMMA crossover; waiting for BidQty > 1M and AskQty > 1M
2026-08-10 13:30:35.446906,NSE:ALPHAGEO-EQ,247.5,246.97542758993345,239.6095255366263,7.36590205330711,NONE,BULLISH,90,187.66666666666663,89.26666666666667,2.102315160567588,1339,1662,5128,1,1,0.0,32795,0.0,-0.1412144442202945,0.6440764307298932,False,35,AVOID,moderate ML probability; strong LTQ spike; recent exchange activity; no current SMMA crossover; waiting for BidQty > 1M and AskQty > 1M
2026-08-10 13:31:34.763849,NSE:LATENTVIEW-EQ,299.4,299.3247403585831,298.50083593368936,0.8239044248937262,NONE,BULLISH,41,6.7,6.093023255813954,1.099618320610687,262,2558,15670,13,42,-0.5272727272727272,205077,0.0,0.1337792642140289,0.6439658626468977,False,10,AVOID,moderate ML probability; recent exchange activity; strong ask-side imbalance; no current SMMA crossover; waiting for BidQty > 1M and AskQty > 1M
2026-08-10 13:31:32.007889,NSE:MANBA-EQ,132.0,131.97675006438843,131.86687193909424,0.109878125294216,NONE,BULLISH,1,1.0,1.0,1.0,16,645,726,20,6,0.5384615384615384,19791,0.0,0.0,0.6438470961785666,False,25,AVOID,moderate ML probability; recent exchange activity; strong bid-side imbalance; no current SMMA crossover; waiting for BidQty > 1M and AskQty > 1M
2026-08-10 13:27:52.823921,NSE:BAJAJST-EQ,392.45,393.65736319230587,393.2198361105402,0.4375270817656655,NONE,BULLISH,1,0.0,1.0,0.0,2,68,1516,1,1,0.0,38456,0.0,-0.0763844684914083,0.6434467909730422,False,10,AVOID,moderate ML probability; recent exchange activity; no current SMMA crossover; waiting for BidQty > 1M and AskQty > 1M
2026-08-10 13:31:31.726040,NSE:UFLEX-EQ,492.6,492.7264585204088,490.9228709969748,1.8035875234340324,NONE,BULLISH,6,6.0,6.066666666666666,0.989010989010989,182,643,4092,200,1,0.9900497512437813,36940,0.0,0.0,0.6429353988920324,False,25,AVOID,moderate ML probability; recent exchange activity; strong bid-side imbalance; no current SMMA crossover; waiting for BidQty > 1M and AskQty > 1M
2026-08-10 13:31:24.575570,NSE:IDFNIFTYET-EQ,272.0,271.7962972852708,271.8920920689272,-0.0957947836564017,NONE,BEARISH,5,5.0,5.0,1.0,360,579,1716,4,3972,-0.9979879275653925,837,0.0,0.0,0.6426541076261699,False,10,AVOID,moderate ML probability; recent exchange activity; strong ask-side imbalance; no current SMMA crossover; waiting for BidQty > 1M and AskQty > 1M
2026-08-10 13:24:46.488474,NSE:AMJLAND-EQ,38.52,38.83855107983363,39.21159563571248,-0.3730445558788489,NONE,BEARISH,20,0.0,0.0,0.0,0,80,3432,2,7,-0.5555555555555556,4131,0.0,-0.6960556844547439,0.6410129663031758,False,0,AVOID,moderate ML probability; strong ask-side imbalance; no current SMMA crossover; waiting for BidQty > 1M and AskQty > 1M
2026-08-10 13:31:13.748224,NSE:LORDSCHLO-EQ,145.29,144.68325655689625,144.24898145123598,0.4342751056602481,NONE,BULLISH,18,18.0,18.0,1.0,234,544,918,2,4,-0.3333333333333333,13013,0.0,0.0,0.6396024579854453,False,10,AVOID,moderate ML probability; recent exchange activity; strong ask-side imbalance; no current SMMA crossover; waiting for BidQty > 1M and AskQty > 1M
2026-08-10 13:21:56.907927,NSE:PALASHSECU-EQ,90.25,90.73229129789858,91.68898915810176,-0.956697860203164,NONE,BEARISH,48,0.0,0.0,0.0,0,96,288,10,27,-0.4594594594594595,962,0.0,0.0,0.6390782136923633,False,0,AVOID,moderate ML probability; strong ask-side imbalance; no current SMMA crossover; waiting for BidQty > 1M and AskQty > 1M
2026-08-10 13:31:27.884101,NSE:NIFTY1-EQ,273.08,273.1602698256423,272.62998301682774,0.5302868088145374,NONE,BULLISH,4,92.04651162790698,42.81578947368421,2.149826331813439,4881,6260,20842,2000,285,0.75054704595186,54203,-0.0695283053390394,0.0183130058967861,0.6389637298627767,False,50,AVOID,moderate ML probability; strong LTQ spike; recent exchange activity; strong bid-side imbalance; no current SMMA crossover; waiting for BidQty > 1M and AskQty > 1M
2026-08-10 13:31:32.491381,NSE:SHARIABEES-EQ,478.43,478.3200500696937,477.27701560677207,1.0430344629215824,NONE,BULLISH,2,6.285714285714286,4.2105263157894735,1.4928571428571429,400,555,8517,20,1,0.9047619047619048,7437,0.0,0.0020902136198319,0.6381647240329318,False,25,AVOID,moderate ML probability; moderate LTQ spike; recent exchange activity; strong bid-side imbalance; no current SMMA crossover; waiting for BidQty > 1M and AskQty > 1M
2026-08-10 13:25:17.297677,NSE:SAYAJIHOTL-EQ,312.0,321.80757156953126,324.77530485642615,-2.967733286894884,NONE,BEARISH,2,0.0,0.0,0.0,0,6,10,98,17,0.7043478260869566,109,0.0,0.3215434083601254,0.6374189058717459,False,15,AVOID,moderate ML probability; strong bid-side imbalance; no current SMMA crossover; waiting for BidQty > 1M and AskQty > 1M
2026-08-10 13:31:36.489432,NSE:HERITGFOOD-EQ,363.0,363.0193452879233,361.88619619446297,1.133149093460304,NONE,BULLISH,1,2.761904761904762,3.4056603773584904,0.8109748054346393,361,1604,12133,22,389,-0.8929440389294404,276410,0.0,-0.3705228489090273,0.6374123652501766,False,10,AVOID,moderate ML probability; recent exchange activity; strong ask-side imbalance; no current SMMA crossover; waiting for BidQty > 1M and AskQty > 1M
2026-08-10 13:31:36.520330,NSE:VESUVIUS-EQ,456.65,456.0981439503567,451.99621184860246,4.101932101754244,NONE,BULLISH,29,16.53846153846154,11.38095238095238,1.4531702607016417,239,842,6726,6,1,0.7142857142857143,48845,0.0109505037231505,0.0109505037231505,0.6372545776119938,False,25,AVOID,moderate ML probability; moderate LTQ spike; recent exchange activity; strong bid-side imbalance; no current SMMA crossover; waiting for BidQty > 1M and AskQty > 1M
2026-08-10 13:31:34.744061,NSE:LICNETFN50-EQ,276.22,276.30121863436284,275.91041807654585,0.3908005578169877,NONE,BULLISH,30,30.0,30.0,1.0,3390,5880,14319,537,12957,-0.920409070698088,247,0.0,0.0,0.6371881248877856,False,10,AVOID,moderate ML probability; recent exchange activity; strong ask-side imbalance; no current SMMA crossover; waiting for BidQty > 1M and AskQty > 1M
2026-08-10 13:31:03.683915,NSE:UEL-EQ,270.67,270.57144960587374,264.8535389954168,5.717910610456954,NONE,BULLISH,9,5.111111111111111,3.8666666666666663,1.32183908045977,58,181,1226,25890,0,1.0,36531,0.0,0.0,0.6369200997591099,False,25,AVOID,moderate ML probability; moderate LTQ spike; recent exchange activity; strong bid-side imbalance; no current SMMA crossover; waiting for BidQty > 1M and AskQty > 1M
2026-08-10 13:31:36.373810,NSE:ANGELONE-EQ,294.05,293.35666654060486,292.15172573275487,1.2049408078499937,NONE,BULLISH,10,27.831683168316832,23.63498098859316,1.1775631713750525,6216,9828,68031,184,272,-0.1929824561403508,3056745,0.0170068027210978,-0.1697504668137783,0.6366647954580964,False,10,AVOID,moderate ML probability; recent exchange activity; no current SMMA crossover; waiting for BidQty > 1M and AskQty > 1M
2026-08-10 13:30:29.074171,NSE:ARIES-EQ,347.7,346.33692988608755,341.88905221450216,4.447877671585388,NONE,BULLISH,55,55.0,55.0,0.0,440,777,1524,3,6,-0.3333333333333333,7351,0.0,0.0,0.6360902716874298,False,10,AVOID,moderate ML probability; recent exchange activity; strong ask-side imbalance; no current SMMA crossover; waiting for BidQty > 1M and AskQty > 1M
2026-08-10 13:31:29.373757,NSE:MOIL-EQ,283.2,283.35407626014734,281.06406299853256,2.2900132616147744,NONE,BULLISH,91,48.44117647058823,29.444444444444443,1.6451720310765816,2120,3725,24531,259,21,0.85,433663,0.0,-0.0705716302046521,0.6357044719695477,False,50,AVOID,moderate ML probability; strong LTQ spike; recent exchange activity; strong bid-side imbalance; no current SMMA crossover; waiting for BidQty > 1M and AskQty > 1M
2026-08-10 13:31:36.344070,NSE:SKMEGGPROD-EQ,238.97,236.93721960571423,235.65097114211824,1.286248463595996,NONE,BULLISH,49,74.5625,77.96470588235294,0.9563622302701072,6627,9826,22730,38,131,-0.5502958579881657,200581,0.0669988693940748,0.3148350264461363,0.6352149932398611,False,10,AVOID,moderate ML probability; recent exchange activity; strong ask-side imbalance; no current SMMA crossover; waiting for BidQty > 1M and AskQty > 1M
2026-08-10 13:29:14.983924,NSE:UMIYA-MRO-EQ,89.07,89.4149710881775,89.86037739175525,-0.4454063035777551,NONE,BEARISH,254,0.0,254.0,0.0,254,1016,1481,13,28,-0.3658536585365853,4743,0.0,-0.4470772325919414,0.6346828755508949,False,10,AVOID,moderate ML probability; recent exchange activity; strong ask-side imbalance; no current SMMA crossover; waiting for BidQty > 1M and AskQty > 1M
2026-08-10 13:31:33.901518,NSE:HNGSNGBEES-EQ,487.5,487.4710327567682,487.0720414732589,0.3989912835093037,NONE,BULLISH,3,11.342857142857143,8.25,1.374891774891775,792,1758,6152,42,36,0.0769230769230769,54484,0.0,0.0,0.6346084072879431,False,10,AVOID,moderate ML probability; moderate LTQ spike; recent exchange activity; no current SMMA crossover; waiting for BidQty > 1M and AskQty > 1M
2026-08-10 13:31:25.227770,NSE:TIL-EQ,230.5,231.48920539139175,232.11640696720696,-0.6272015758152065,NONE,BEARISH,1,6.25,203.58,0.0307004617349444,10179,15101,21101,24,3,0.7777777777777778,394295,0.0,-0.324324324324321,0.633795374350924,False,25,AVOID,moderate ML probability; recent exchange activity; strong bid-side imbalance; no current SMMA crossover; waiting for BidQty > 1M and AskQty > 1M
2026-08-10 13:31:36.771910,NSE:EIEL-EQ,217.02,217.1801131096376,215.5177373188017,1.6623757908358527,NONE,BULLISH,66,19.178571428571427,31.725806451612904,0.6045101314547171,1967,3112,35941,65,46,0.1711711711711711,528927,0.0092165898617491,0.0,0.6336338456808721,False,10,AVOID,moderate ML probability; recent exchange activity; no current SMMA crossover; waiting for BidQty > 1M and AskQty > 1M
2026-08-10 13:31:28.141209,NSE:GROWWMC150-EQ,236.94,236.72609394200825,233.5185367957602,3.2075571462480355,NONE,BULLISH,1,1.0,1.0,1.0,93,167,1359025,6000,13,0.9956760352569431,6154,0.0,0.0,0.633245950053315,False,25,AVOID,moderate ML probability; recent exchange activity; strong bid-side imbalance; no current SMMA crossover; waiting for BidQty > 1M and AskQty > 1M
2026-08-10 13:31:33.582174,NSE:KPIGREEN-EQ,374.2,373.2649111884599,371.80862891033706,1.456282278122842,NONE,BULLISH,8,84.47058823529412,73.98373983739837,1.1417453135100193,9100,12025,22331,24,48,-0.3333333333333333,575893,0.0,-0.0801068090787726,0.6331764086738481,False,10,AVOID,moderate ML probability; recent exchange activity; strong ask-side imbalance; no current SMMA crossover; waiting for BidQty > 1M and AskQty > 1M
2026-08-10 13:31:22.388157,NSE:INDIQUBE-EQ,185.99,185.99210377807836,184.8728157536447,1.1192880244336436,NONE,BULLISH,17,38.6,53.8235294117647,0.7171584699453553,915,2372,8984,1,1,0.0,241351,0.0,-0.0053763440860166,0.632874334339258,False,10,AVOID,moderate ML probability; recent exchange activity; no current SMMA crossover; waiting for BidQty > 1M and AskQty > 1M
2026-08-10 13:30:59.481756,NSE:IVZINGOLD-EQ,131.0,131.0418381439861,130.42695782341488,0.614880320571217,NONE,BULLISH,90,90.0,92.14285714285714,0.9767441860465116,2580,7038,12558,10,20,-0.3333333333333333,10047,0.0,-0.1524390243902385,0.6327439286522968,False,10,AVOID,moderate ML probability; recent exchange activity; strong ask-side imbalance; no current SMMA crossover; waiting for BidQty > 1M and AskQty > 1M
2026-08-10 13:29:30.424097,NSE:GYFTR-EQ,163.45,164.08065679833285,164.17613310698928,-0.0954763086564298,NONE,BEARISH,65,0.0,65.0,0.0,65,565,4138,16,5,0.5238095238095238,47173,-0.3353658536585424,-0.3353658536585424,0.6325648565561388,False,25,AVOID,moderate ML probability; recent exchange activity; strong bid-side imbalance; no current SMMA crossover; waiting for BidQty > 1M and AskQty > 1M
2026-08-10 13:22:34.432163,NSE:ORICONENT-EQ,53.46,53.87411193596333,54.01890034364866,-0.1447884076853256,NONE,BEARISH,2,0.0,0.0,0.0,0,8,474,16,4,0.6,14101,0.0,-1.292466765140321,0.6323564696099675,False,15,AVOID,moderate ML probability; strong bid-side imbalance; no current SMMA crossover; waiting for BidQty > 1M and AskQty > 1M
2026-08-10 13:30:55.455657,NSE:HUBTOWN-EQ,178.23,178.22968146777777,176.55105195286873,1.6786295149090336,NONE,BULLISH,1,12.2,41.125,0.2966565349544073,658,927,21903,12,4,0.5,178900,-0.0056104129264045,-0.2462640622376444,0.6320044265066889,False,25,AVOID,moderate ML probability; recent exchange activity; strong bid-side imbalance; no current SMMA crossover; waiting for BidQty > 1M and AskQty > 1M
2026-08-10 13:31:20.944079,NSE:SIGNPOST-EQ,270.45,269.81144531272435,268.3460555078356,1.46538980488873,NONE,BULLISH,2,3.4,78.6470588235294,0.0432311144353029,1337,2187,29088,2,5,-0.4285714285714285,120644,0.0,0.092524056254617,0.6318982655391014,False,10,AVOID,moderate ML probability; recent exchange activity; strong ask-side imbalance; no current SMMA crossover; waiting for BidQty > 1M and AskQty > 1M
2026-08-10 13:31:33.633951,NSE:KRISHIVAL-EQ,398.1,393.1120028820664,390.1928011026676,2.9192017793988043,NONE,BULLISH,79,79.0,135.61290322580646,0.5825404376784015,4204,4990,5519,1,1,0.0,8345,0.0,0.7848101265822915,0.6308828957043813,False,10,AVOID,moderate ML probability; recent exchange activity; no current SMMA crossover; waiting for BidQty > 1M and AskQty > 1M
2026-08-10 13:31:33.964030,NSE:EGOLD-EQ,150.85,150.82163774093752,150.11164117318825,0.7099965677492719,NONE,BULLISH,10,10.0,14.909090909090908,0.6707317073170732,328,1231,8168,495,135,0.5714285714285714,10403,0.0,-0.0662471016892984,0.6303371927485084,False,25,AVOID,moderate ML probability; recent exchange activity; strong bid-side imbalance; no current SMMA crossover; waiting for BidQty > 1M and AskQty > 1M
2026-08-10 13:31:35.013883,NSE:MEESHO-EQ,192.08,192.0885764634627,191.8270613021995,0.2615151612631905,NONE,BULLISH,168,441.46153846153845,297.52851711026614,1.4837621037109856,78250,139842,340345,234,407,-0.2698907956318253,8231851,0.0416666666666731,-0.093623218558192,0.630308494685183,False,10,AVOID,moderate ML probability; moderate LTQ spike; recent exchange activity; no current SMMA crossover; waiting for BidQty > 1M and AskQty > 1M
2026-08-10 13:29:09.708148,NSE:TOTAL-EQ,67.16,67.47795146921715,68.74810359906853,-1.2701521298513825,NONE,BEARISH,228,0.0,228.0,0.0,1140,2052,3428,30,100,-0.5384615384615384,18714,0.0,0.014892032762459,0.630144498932875,False,10,AVOID,moderate ML probability; recent exchange activity; strong ask-side imbalance; no current SMMA crossover; waiting for BidQty > 1M and AskQty > 1M
2026-08-10 13:31:36.798267,NSE:TATASTEEL-EQ,190.82,190.77489933322732,189.66813390444543,1.1067654287818982,NONE,BULLISH,1,57.6927374301676,59.703592814371255,0.966319357187502,19941,40955,192544,434,249,0.2708638360175695,22550081,0.0314531348291069,-0.0314333612741024,0.629280426580886,False,10,AVOID,moderate ML probability; recent exchange activity; no current SMMA crossover; waiting for BidQty > 1M and AskQty > 1M
2026-08-10 13:31:27.231300,NSE:GTPL-EQ,59.21,59.51610565255525,59.69632802810152,-0.1802223755462648,NONE,BEARISH,100,26.5,15.066666666666666,1.758849557522124,226,492,18595,12,18,-0.2,15318,0.0,0.0168918918918903,0.6291961630224413,False,35,AVOID,moderate ML probability; strong LTQ spike; recent exchange activity; no current SMMA crossover; waiting for BidQty > 1M and AskQty > 1M
2026-08-10 13:30:41.566882,NSE:ELGIRUBCO-EQ,61.07,61.28621800468398,62.21387734957353,-0.9276593448895484,NONE,BEARISH,25,32.42857142857143,34.111111111111114,0.95067473243369,307,939,2379,31,34,-0.0461538461538461,39776,-0.0818062827225074,-0.0654557355588281,0.629041619214989,False,10,AVOID,moderate ML probability; recent exchange activity; no current SMMA crossover; waiting for BidQty > 1M and AskQty > 1M
2026-08-10 13:31:35.873822,NSE:SUNTECK-EQ,299.6,299.5420321138294,299.3641186965266,0.1779134173028183,NONE,BULLISH,36,14.058823529411764,19.83333333333333,0.7088482451804251,714,1573,4367,114,18,0.7272727272727273,68281,0.0,0.0500918350309076,0.6286459416820571,False,25,AVOID,moderate ML probability; recent exchange activity; strong bid-side imbalance; no current SMMA crossover; waiting for BidQty > 1M and AskQty > 1M
2026-08-10 13:31:35.884142,NSE:ENGINERSIN-EQ,244.5,244.32565524426624,242.9342378017041,1.391417442562073,NONE,BULLISH,9,12.544117647058824,15.211180124223604,0.8246643287776524,2449,5327,29361,41,449,-0.8326530612244898,1617239,0.0,0.0,0.6286433312784667,False,10,AVOID,moderate ML probability; recent exchange activity; strong ask-side imbalance; no current SMMA crossover; waiting for BidQty > 1M and AskQty > 1M
2026-08-10 13:31:26.868148,NSE:HONASA-EQ,477.9,478.0045915499196,477.8771095218309,0.1274820280887638,NONE,BULLISH,28,21.571428571428573,38.483870967741936,0.5605316728535505,2386,4482,15078,1,39,-0.95,607332,-0.1253918495297878,-0.1045150501672198,0.6285536779815271,False,10,AVOID,moderate ML probability; recent exchange activity; strong ask-side imbalance; no current SMMA crossover; waiting for BidQty > 1M and AskQty > 1M
2026-08-10 13:29:38.325202,NSE:UFO-EQ,67.42,67.61238006942146,68.31714159921265,-0.7047615297911847,NONE,BEARISH,2,2.0,2.0,0.0,8,15,2455,98,20,0.6610169491525424,16253,0.0,0.2527881040892188,0.6281402376963234,False,25,AVOID,moderate ML probability; recent exchange activity; strong bid-side imbalance; no current SMMA crossover; waiting for BidQty > 1M and AskQty > 1M
2026-08-10 13:27:56.501273,NSE:BBNPPGOLD-EQ,146.35,146.26080222851758,145.3042201684373,0.9565820600802796,NONE,BULLISH,65,0.0,65.0,0.0,195,1235,4773,46984,6,0.99974462651628,6831,0.0,0.0,0.6279674834581356,False,25,AVOID,moderate ML probability; recent exchange activity; strong bid-side imbalance; no current SMMA crossover; waiting for BidQty > 1M and AskQty > 1M
2026-08-10 13:31:28.353654,NSE:HSBCGOLD-EQ,131.77,131.39176415873357,130.86102060165612,0.530743557077443,NONE,BULLISH,11,11.0,11.0,1.0,418,770,76585,17509,17113,0.0114378141066373,23908,0.0,0.0,0.6278023173225107,False,10,AVOID,moderate ML probability; recent exchange activity; no current SMMA crossover; waiting for BidQty > 1M and AskQty > 1M
2026-08-10 13:31:32.797909,NSE:FINOPB-EQ,157.08,156.91440544053526,155.99779853500496,0.9166069055303012,NONE,BULLISH,61,28.7,35.0,0.82,1435,2798,11874,1,1,0.0,212415,0.0,0.0063665881454344,0.627574736711995,False,10,AVOID,moderate ML probability; recent exchange activity; no current SMMA crossover; waiting for BidQty > 1M and AskQty > 1M
2026-08-10 13:31:36.390066,NSE:MMP-EQ,336.4,335.9298979067939,330.87382174183045,5.056076164963429,NONE,BULLISH,10,5.712643678160919,33.99242424242424,0.1680563774275109,8974,24008,25841,2,2,0.0,216606,-0.1780415430267079,-3.388856978747845,0.6273996701993593,False,10,AVOID,moderate ML probability; recent exchange activity; no current SMMA crossover; waiting for BidQty > 1M and AskQty > 1M
2026-08-10 13:30:38.259104,NSE:BLAL-EQ,172.26,172.74231211733667,171.99077854052368,0.7515335768129887,NONE,BULLISH,36,36.0,22.8,1.5789473684210529,114,123,669,100,3,0.941747572815534,4551,-0.473769355211473,-0.0058048412375999,0.6271957019485515,False,50,AVOID,moderate ML probability; strong LTQ spike; recent exchange activity; strong bid-side imbalance; no current SMMA crossover; waiting for BidQty > 1M and AskQty > 1M
2026-08-10 13:31:36.337986,NSE:ELLEN-EQ,301.9,302.76951179931166,298.4158322742088,4.353679525102848,NONE,BULLISH,200,122.35,67.86746987951807,1.802778270903604,5633,8975,21487,145,101,0.1788617886178861,1690944,0.0,-0.330141961043251,0.6271555462266175,False,35,AVOID,moderate ML probability; strong LTQ spike; recent exchange activity; no current SMMA crossover; waiting for BidQty > 1M and AskQty > 1M
2026-08-10 13:21:59.280193,NSE:ORIENTBELL-EQ,322.35,322.2505570852923,317.5011287357687,4.749428349523612,NONE,BULLISH,30,0.0,0.0,0.0,0,60,217,6,6,0.0,8361,-0.0310125600868294,-0.0310125600868294,0.6270117661605266,False,0,AVOID,moderate ML probability; no current SMMA crossover; waiting for BidQty > 1M and AskQty > 1M
2026-08-10 13:23:04.150360,NSE:UNIENTER-EQ,96.36,96.88958331394984,97.0914776039146,-0.2018942899647839,NONE,BEARISH,33,0.0,0.0,0.0,0,132,498,1,2,-0.3333333333333333,3005,0.0,-0.6393070736234296,0.6268754970389504,False,0,AVOID,moderate ML probability; strong ask-side imbalance; no current SMMA crossover; waiting for BidQty > 1M and AskQty > 1M
2026-08-10 13:31:28.976294,NSE:KROSS-EQ,206.5,205.65831305809812,204.1944561302564,1.463856927841789,NONE,BULLISH,226,45.57142857142857,31.98245614035088,1.4248883316354517,1823,2911,26843,115,14,0.7829457364341085,197440,0.1017984390905946,0.467062372287641,0.6268665437641274,False,25,AVOID,moderate ML probability; moderate LTQ spike; recent exchange activity; strong bid-side imbalance; no current SMMA crossover; waiting for BidQty > 1M and AskQty > 1M
2026-08-10 13:31:25.897737,NSE:SHK-EQ,170.68,170.4473275191097,169.66221905058197,0.7851084685277385,NONE,BULLISH,126,46.76190476190476,36.31578947368421,1.287646652864044,1380,2353,9314,41,31,0.1388888888888889,298224,0.1408120159587023,0.1819569172976542,0.6268466263560463,False,10,AVOID,moderate ML probability; moderate LTQ spike; recent exchange activity; no current SMMA crossover; waiting for BidQty > 1M and AskQty > 1M
2026-08-10 13:31:36.434422,NSE:SILVERAG-EQ,225.02,225.03705041407625,224.773061605854,0.2639888082222228,NONE,BULLISH,1,1.0,11.118959107806692,0.0899364760949515,2991,5517,66970,4,695,-0.988555078683834,109751,0.0177793581651819,-0.0088873089228447,0.6268270606668592,False,10,AVOID,moderate ML probability; recent exchange activity; strong ask-side imbalance; no current SMMA crossover; waiting for BidQty > 1M and AskQty > 1M
2026-08-10 13:21:56.874016,NSE:DYNPRO-EQ,266.7,266.1608762002664,262.5343638304182,3.6265123698481143,NONE,BULLISH,9,0.0,0.0,0.0,0,18,381,10,1,0.8181818181818182,5620,0.0,-0.1123595505618024,0.6264091803675568,False,15,AVOID,moderate ML probability; strong bid-side imbalance; no current SMMA crossover; waiting for BidQty > 1M and AskQty > 1M
2026-08-10 13:31:23.221864,NSE:MOGOLD-EQ,149.35,149.30821976706986,148.50336464075988,0.8048551263099739,NONE,BULLISH,1,25.63157894736842,39.66666666666666,0.6461742591773552,1547,1792,19248,92,9615,-0.9810446069846502,34868,0.0,-0.0334672021419124,0.6261940053156443,False,10,AVOID,moderate ML probability; recent exchange activity; strong ask-side imbalance; no current SMMA crossover; waiting for BidQty > 1M and AskQty > 1M
2026-08-10 13:27:22.552220,NSE:INDIANCARD-EQ,221.5,221.04874142462128,220.24484598887852,0.8038954357427031,NONE,BULLISH,1,0.0,1.0,0.0,2,9,19,6,4,0.2,232,0.0,0.0,0.6259879548579065,False,10,AVOID,moderate ML probability; recent exchange activity; no current SMMA crossover; waiting for BidQty > 1M and AskQty > 1M
2026-08-10 13:31:10.770518,NSE:UTTAMSUGAR-EQ,258.5,258.1112161845091,255.37586420757,2.7353519769390857,NONE,BULLISH,19,20.375,13.0,1.5673076923076923,247,1605,6363,1,25,-0.9230769230769232,204589,0.0,-0.0579934274115512,0.6258359835289954,False,35,AVOID,moderate ML probability; strong LTQ spike; recent exchange activity; strong ask-side imbalance; no current SMMA crossover; waiting for BidQty > 1M and AskQty > 1M
2026-08-10 13:31:34.368083,NSE:CONSUMBEES-EQ,136.42,136.39778140794567,135.99014394300718,0.4076374649384888,NONE,BULLISH,150,28.0,68.66101694915254,0.4078005430757838,8102,10615,72666,178036,2052,0.977211141219848,52218,0.0,0.0,0.6249386711352725,False,25,AVOID,moderate ML probability; recent exchange activity; strong bid-side imbalance; no current SMMA crossover; waiting for BidQty > 1M and AskQty > 1M
2026-08-10 13:31:27.475928,NSE:EUREKAFORB-EQ,452.0,451.6587864008743,451.1831214660791,0.4756649347951907,NONE,BULLISH,33,13.0,21.964285714285715,0.5918699186991869,615,906,4864,6,54,-0.8,56232,0.0,0.0,0.624923739684305,False,10,AVOID,moderate ML probability; recent exchange activity; strong ask-side imbalance; no current SMMA crossover; waiting for BidQty > 1M and AskQty > 1M
2026-08-10 13:31:31.044505,NSE:GSFC-EQ,162.08,162.16849118213446,161.81808642807363,0.3504047540608326,NONE,BULLISH,1,1.0,20.75675675675676,0.0481770833333333,768,1919,16036,6,3,0.3333333333333333,207993,0.0,0.0,0.6246496109412083,False,25,AVOID,moderate ML probability; recent exchange activity; strong bid-side imbalance; no current SMMA crossover; waiting for BidQty > 1M and AskQty > 1M
2026-08-10 13:31:21.367169,NSE:SETL-EQ,280.7,281.0187935334215,280.891308269459,0.1274852639625123,NONE,BULLISH,1,5.857142857142857,21.625,0.2708505367464905,1384,3071,14214,31,44,-0.1733333333333333,306712,0.0,-0.0534092932170326,0.6243022878703135,False,10,AVOID,moderate ML probability; recent exchange activity; no current SMMA crossover; waiting for BidQty > 1M and AskQty > 1M
2026-08-10 13:31:36.528121,NSE:SILVERAXIS-EQ,229.66,229.762626793574,229.5701303402164,0.1924964533575632,NONE,BULLISH,100,16.03787878787879,47.91666666666666,0.334703557312253,15525,29861,290695,300,100,0.5,332475,-0.0304705523875847,-0.0043540732355129,0.6232196774004822,False,25,AVOID,moderate ML probability; recent exchange activity; strong bid-side imbalance; no current SMMA crossover; waiting for BidQty > 1M and AskQty > 1M
2026-08-10 13:31:26.418048,NSE:TARSONS-EQ,319.9,319.36275929120217,316.16112098808,3.201638303122195,NONE,BULLISH,3,9.0,41.9,0.2147971360381861,419,1456,4330,1,7,-0.75,185027,0.0,0.0,0.623044195206728,False,10,AVOID,moderate ML probability; recent exchange activity; strong ask-side imbalance; no current SMMA crossover; waiting for BidQty > 1M and AskQty > 1M
2026-08-10 13:29:57.186228,NSE:ELPROINTL-EQ,175.5,175.2953848139634,177.9054303461364,-2.6100455321729896,NONE,BEARISH,2,2.0,2.0,0.0,6,1948,9844,28,28,0.0,61476,0.0,0.142653352353772,0.6229942065090308,False,10,AVOID,moderate ML probability; recent exchange activity; no current SMMA crossover; waiting for BidQty > 1M and AskQty > 1M
2026-08-10 13:31:29.413646,NSE:MOMGF-EQ,166.93,166.91725448967128,167.338513245899,-0.4212587562277292,NONE,BEARISH,5,5.0,5.0,1.0,245,440,2870,1000,2,0.996007984031936,513,0.0,0.0,0.6224526468295247,False,25,AVOID,moderate ML probability; recent exchange activity; strong bid-side imbalance; no current SMMA crossover; waiting for BidQty > 1M and AskQty > 1M
2026-08-10 13:31:27.717266,NSE:NURECA-EQ,329.15,329.0419870550343,335.433061934071,-6.391074879036694,NONE,BEARISH,2,2.0,1.8,1.1111111111111112,9,33,2885,1,2,-0.3333333333333333,19438,-0.1970891449363354,-0.1516760200212297,0.6224025397584774,False,10,AVOID,moderate ML probability; recent exchange activity; strong ask-side imbalance; no current SMMA crossover; waiting for BidQty > 1M and AskQty > 1M
2026-08-10 13:31:35.076955,NSE:SHAREINDIA-EQ,169.08,169.29642107114063,168.91883649319263,0.3775845779479994,NONE,BULLISH,5,33.416666666666664,30.27777777777778,1.1036697247706422,1090,2009,15444,48,2,0.92,213770,0.0,-0.1063452676355769,0.6222749405066609,False,25,AVOID,moderate ML probability; recent exchange activity; strong bid-side imbalance; no current SMMA crossover; waiting for BidQty > 1M and AskQty > 1M
2026-08-10 13:29:59.765408,NSE:BCONCEPTS-EQ,170.5,170.56960481997345,172.62505034450186,-2.055445524528409,NONE,BEARISH,6,6.0,20.444444444444443,0.0,184,196,217,172,1,0.9884393063583816,7428,0.0,0.0,0.6221084456144281,False,25,AVOID,moderate ML probability; recent exchange activity; strong bid-side imbalance; no current SMMA crossover; waiting for BidQty > 1M and AskQty > 1M
2026-08-10 13:31:34.373874,NSE:SETFNIF50-EQ,265.16,265.1186421673674,264.8408830772113,0.2777590901561098,NONE,BULLISH,2,3.7314814814814814,29.75718849840256,0.1253976490985295,9314,17140,158999,440,9,0.959910913140312,260134,0.0037714501225805,0.0037714501225805,0.6215400046945687,False,25,AVOID,moderate ML probability; recent exchange activity; strong bid-side imbalance; no current SMMA crossover; waiting for BidQty > 1M and AskQty > 1M
2026-08-10 13:31:36.227703,NSE:SBISILVER-EQ,226.48,226.50246760866727,226.2136096549198,0.2888579537474811,NONE,BULLISH,438,202.29850746268656,101.62603878116344,1.9906168722989028,36687,73558,193123,70,2944,-0.953550099535501,741414,0.0,-0.0176584849020056,0.6214961614613949,False,35,AVOID,moderate ML probability; strong LTQ spike; recent exchange activity; strong ask-side imbalance; no current SMMA crossover; waiting for BidQty > 1M and AskQty > 1M
2026-08-10 13:31:34.600671,NSE:MUTHOOTMF-EQ,216.79,216.8998541406772,215.686777234116,1.2130769065612128,NONE,BULLISH,66,95.74074074074076,55.19607843137255,1.7345569370436158,2815,15082,23389,11,21,-0.3125,450333,-0.1105837902594109,-0.0829607779877394,0.6214048665306064,False,35,AVOID,moderate ML probability; strong LTQ spike; recent exchange activity; strong ask-side imbalance; no current SMMA crossover; waiting for BidQty > 1M and AskQty > 1M
2026-08-10 13:31:21.403810,NSE:SIRCA-EQ,455.45,454.72604479376207,451.9434569759349,2.7825878178272205,NONE,BULLISH,3,6.764705882352941,9.05084745762712,0.7474113240801938,534,2082,39596,100,16,0.7241379310344828,330994,0.0109793588054518,0.1209056935590258,0.6212747943995296,False,25,AVOID,moderate ML probability; recent exchange activity; strong bid-side imbalance; no current SMMA crossover; waiting for BidQty > 1M and AskQty > 1M
2026-08-10 13:31:35.023688,NSE:VIYASH-EQ,277.5,277.6525198928,277.41561689059574,0.2369030022042579,NONE,BULLISH,1,71.33333333333333,62.607594936708864,1.1393718830031,4946,9301,33720,893,39,0.9163090128755365,1004372,0.0,0.0,0.6212594843538695,False,25,AVOID,moderate ML probability; recent exchange activity; strong bid-side imbalance; no current SMMA crossover; waiting for BidQty > 1M and AskQty > 1M
2026-08-10 13:31:35.145565,NSE:BOROSCI-EQ,138.7,138.52000355600902,140.09306991995922,-1.573066363950204,NONE,BEARISH,12,19.625,31.0,0.6330645161290323,527,797,1541,5,4,0.1111111111111111,39034,0.0,-0.129608294930883,0.6212494057199606,False,10,AVOID,moderate ML probability; recent exchange activity; no current SMMA crossover; waiting for BidQty > 1M and AskQty > 1M
2026-08-10 13:31:36.497962,NSE:SILVERADD-EQ,222.86,222.88492920459,222.5013860273208,0.3835431772691891,NONE,BULLISH,1,25.380281690140844,44.358024691358025,0.5721688886449786,14372,17705,780139,4,261,-0.969811320754717,128533,0.0,-0.0134595540400961,0.6212475153362782,False,10,AVOID,moderate ML probability; recent exchange activity; strong ask-side imbalance; no current SMMA crossover; waiting for BidQty > 1M and AskQty > 1M
2026-08-10 13:31:13.673691,NSE:UDS-EQ,210.55,211.45981670454816,210.73639177045547,0.7234249340926908,NONE,BULLISH,3,13.85,11.2,1.2366071428571428,448,1123,9819,16,96,-0.7142857142857143,121370,-0.1422812425895148,-0.3455130632336156,0.6211887521151804,False,10,AVOID,moderate ML probability; moderate LTQ spike; recent exchange activity; strong ask-side imbalance; no current SMMA crossover; waiting for BidQty > 1M and AskQty > 1M
2026-08-10 13:31:36.349263,NSE:VGUARD-EQ,321.9,321.8335003548447,321.29560751104333,0.5378928438013872,NONE,BULLISH,5,35.03125,21.714285714285715,1.61328125,1672,2932,53147,77,251,-0.5304878048780488,1086694,0.0,0.0,0.6211645246190887,False,35,AVOID,moderate ML probability; strong LTQ spike; recent exchange activity; strong ask-side imbalance; no current SMMA crossover; waiting for BidQty > 1M and AskQty > 1M
2026-08-10 13:31:34.967400,NSE:LTF-EQ,313.85,314.0444492582339,311.5454151207959,2.4990341374380023,NONE,BULLISH,4,8.485294117647058,9.92608695652174,0.8548478524129756,2283,4892,37655,56,410,-0.759656652360515,1827842,-0.0159286396941515,0.0478163850812896,0.6207830650520073,False,10,AVOID,moderate ML probability; recent exchange activity; strong ask-side imbalance; no current SMMA crossover; waiting for BidQty > 1M and AskQty > 1M
2026-08-10 13:31:34.337801,NSE:SHANTIGOLD-EQ,229.18,229.05595485483056,226.7383271397792,2.317627715051344,NONE,BULLISH,45,41.25,52.333333333333336,0.7882165605095541,2512,3285,20656,10,49,-0.6610169491525424,503299,0.0,0.0786026200873424,0.620531525422731,False,10,AVOID,moderate ML probability; recent exchange activity; strong ask-side imbalance; no current SMMA crossover; waiting for BidQty > 1M and AskQty > 1M
2026-08-10 13:31:31.448078,NSE:WALCHANNAG-EQ,235.9,235.61856153918583,233.5517567525388,2.0668047866470545,NONE,BULLISH,183,132.05555555555554,84.86046511627907,1.556149325538199,3649,7370,12327,45,9,0.6666666666666666,291011,0.0169592130925044,0.0296823983377825,0.6202911708474367,False,50,AVOID,moderate ML probability; strong LTQ spike; recent exchange activity; strong bid-side imbalance; no current SMMA crossover; waiting for BidQty > 1M and AskQty > 1M
2026-08-10 13:31:26.873748,NSE:HIMATSEIDE-EQ,79.52,79.60255179041921,80.06938628567038,-0.4668344952511631,NONE,BEARISH,200,133.33333333333334,85.94117647058823,1.5514487793748577,1461,2777,17157,24,50,-0.3513513513513513,245326,0.0,-0.1632140615191568,0.6201997570117114,False,35,AVOID,moderate ML probability; strong LTQ spike; recent exchange activity; strong ask-side imbalance; no current SMMA crossover; waiting for BidQty > 1M and AskQty > 1M
2026-08-10 13:31:26.333004,NSE:ONWARDTEC-EQ,287.25,287.7289695776944,289.4416441780889,-1.712674600394564,NONE,BEARISH,45,45.0,45.0,1.0,405,675,2577,1,1,0.0,13473,0.0,0.0,0.6201395791787759,False,10,AVOID,moderate ML probability; recent exchange activity; no current SMMA crossover; waiting for BidQty > 1M and AskQty > 1M
2026-08-10 13:31:36.192174,NSE:HDFCSILVER-EQ,221.05,221.0938179793009,220.3351856383516,0.7586323409492763,NONE,BULLISH,22,104.9346405228758,86.95052083333333,1.206831649968083,33389,108263,416605,1587,3246,-0.3432650527622595,2032636,0.0,0.0,0.6199626780452987,False,10,AVOID,moderate ML probability; moderate LTQ spike; recent exchange activity; strong ask-side imbalance; no current SMMA crossover; waiting for BidQty > 1M and AskQty > 1M
2026-08-10 13:31:16.015258,NSE:SURAKSHA-EQ,270.65,271.913834582501,262.9668292840114,8.947005298489614,NONE,BULLISH,20,15.61904761904762,27.818181818181817,0.5614690320572674,2754,3468,16109,71,64,0.0518518518518518,576370,0.0,-0.4963235294117685,0.6196277788811563,False,10,AVOID,moderate ML probability; recent exchange activity; no current SMMA crossover; waiting for BidQty > 1M and AskQty > 1M
2026-08-10 13:31:35.803981,NSE:BATLIBOI-EQ,88.27,88.59709323498942,90.00229281897242,-1.4051995839830056,NONE,BEARISH,20,36.083333333333336,30.38095238095238,1.1876959247648904,638,780,1233,17,29,-0.2608695652173913,74253,-0.0226526220410083,-0.1244625480878003,0.619553169732898,False,10,AVOID,moderate ML probability; recent exchange activity; no current SMMA crossover; waiting for BidQty > 1M and AskQty > 1M
2026-08-10 13:30:25.956336,NSE:LOYALTEX-EQ,213.1,214.00840366271424,214.7906028044564,-0.7821991417421259,NONE,BEARISH,94,94.0,79.5,0.0,318,498,754,2,6,-0.5,310,0.0,0.046948356807519,0.6194620552783693,False,10,AVOID,moderate ML probability; recent exchange activity; strong ask-side imbalance; no current SMMA crossover; waiting for BidQty > 1M and AskQty > 1M
2026-08-10 13:31:06.679926,NSE:STEELCAS-EQ,334.0,335.671360217639,334.34011640635003,1.3312438112889708,NONE,BULLISH,1,2.3,4.166666666666667,0.5519999999999999,125,1396,2855,1,7,-0.75,42298,0.1349123070004454,-0.0299311583358385,0.6193864578630662,False,10,AVOID,moderate ML probability; recent exchange activity; strong ask-side imbalance; no current SMMA crossover; waiting for BidQty > 1M and AskQty > 1M
2026-08-10 13:31:36.248080,NSE:GROWW-EQ,193.7,193.05161742799868,191.74530044482967,1.306316983168955,NONE,BULLISH,10,118.74468085106383,167.48928571428573,0.7089688175853012,46897,93139,201860,37,194,-0.6796536796536796,14988432,0.0361514228166992,0.0981861402511441,0.6193740919601539,False,10,AVOID,moderate ML probability; recent exchange activity; strong ask-side imbalance; no current SMMA crossover; waiting for BidQty > 1M and AskQty > 1M
2026-08-10 13:31:36.357881,NSE:STYL-EQ,418.15,417.94747177883016,413.483785849351,4.463685929479141,NONE,BULLISH,85,16.333333333333332,19.0,0.8596491228070174,1064,2968,10858,6,24,-0.6,260994,-0.0119560019129605,0.2156980227681293,0.6193620906404107,False,10,AVOID,moderate ML probability; recent exchange activity; strong ask-side imbalance; no current SMMA crossover; waiting for BidQty > 1M and AskQty > 1M
2026-08-10 13:31:06.505492,NSE:MARKOLINES-EQ,181.55,181.2531247528484,179.8220880463018,1.431036706546621,NONE,BULLISH,100,61.0,36.92857142857143,1.6518375241779495,517,535,30585,500,15,0.941747572815534,129156,0.0,0.0165271044513026,0.6191932932380878,False,50,AVOID,moderate ML probability; strong LTQ spike; recent exchange activity; strong bid-side imbalance; no current SMMA crossover; waiting for BidQty > 1M and AskQty > 1M
2026-08-10 13:31:28.643288,NSE:ARENTERP-EQ,37.0,37.61410030787097,37.845696644674014,-0.2315963368030438,NONE,BEARISH,4,4.0,4.0,0.0,4,16,49,1,46,-0.9574468085106383,1313,0.0,-2.348904724201639,0.6190094909420454,False,10,AVOID,moderate ML probability; recent exchange activity; strong ask-side imbalance; no current SMMA crossover; waiting for BidQty > 1M and AskQty > 1M
2026-08-10 13:31:35.904088,NSE:MHRIL-EQ,230.0,229.8875907451529,229.74857843441765,0.1390123107352394,NONE,BULLISH,2,2.2777777777777777,1.673913043478261,1.3607503607503606,77,139,1621,19,16,0.0857142857142857,105062,0.0,0.0652599521427044,0.6188351742132252,False,10,AVOID,moderate ML probability; moderate LTQ spike; recent exchange activity; no current SMMA crossover; waiting for BidQty > 1M and AskQty > 1M
2026-08-10 13:31:32.060170,NSE:GULPOLY-EQ,200.45,201.21365692704947,203.1752014691756,-1.9615445421260915,NONE,BEARISH,42,96.8,79.26415094339623,1.2212330397524398,4201,18497,42747,24,183,-0.7681159420289855,412155,0.0,-0.2885141521166035,0.6187496054109793,False,10,AVOID,moderate ML probability; moderate LTQ spike; recent exchange activity; strong ask-side imbalance; no current SMMA crossover; waiting for BidQty > 1M and AskQty > 1M
2026-08-10 13:31:20.753849,NSE:ADVENTHTL-EQ,145.75,145.99424167740048,147.04949272952862,-1.055251052128142,NONE,BEARISH,10,12.166666666666666,8.642857142857142,1.4077134986225897,121,167,2074,1,1,0.0,28293,0.0,-0.0891143405538752,0.6187168534937322,False,10,AVOID,moderate ML probability; moderate LTQ spike; recent exchange activity; no current SMMA crossover; waiting for BidQty > 1M and AskQty > 1M
2026-08-10 13:30:49.438081,NSE:SMCGLOBAL-EQ,79.02,79.27372417527386,79.41216193034549,-0.1384377550716351,NONE,BEARISH,1,1.0,2.272727272727273,0.4399999999999999,25,67,72693,7,126,-0.8947368421052632,160025,0.0,-0.4535147392290217,0.6185142462454161,False,10,AVOID,moderate ML probability; recent exchange activity; strong ask-side imbalance; no current SMMA crossover; waiting for BidQty > 1M and AskQty > 1M
2026-08-10 13:31:34.805760,NSE:THOMASCOTT-EQ,350.0,349.74530462052024,333.2467134058437,16.498591214676537,NONE,BULLISH,3,42.22222222222222,34.91954022988506,1.2091288128154487,3038,5169,57685,35,1631,-0.957983193277311,1155288,0.0285795941697752,0.2004008016031955,0.6183246342197043,False,10,AVOID,moderate ML probability; moderate LTQ spike; recent exchange activity; strong ask-side imbalance; no current SMMA crossover; waiting for BidQty > 1M and AskQty > 1M
2026-08-10 13:31:36.859962,NSE:SILVER-EQ,230.83,230.87616020118344,230.541279192626,0.3348810085574598,NONE,BULLISH,25,154.52482269503545,156.37278106508876,0.9881823527249022,52854,91060,407822,505,3569,-0.7520864015709376,887674,-0.0043320048518369,-0.0173257677480775,0.6178131382963115,False,10,AVOID,moderate ML probability; recent exchange activity; strong ask-side imbalance; no current SMMA crossover; waiting for BidQty > 1M and AskQty > 1M
2026-08-10 13:31:28.263936,NSE:DOLPHIN-EQ,421.0,420.0212630009551,414.8820383507329,5.139224650222218,NONE,BULLISH,39,39.0,39.0,1.0,390,840,4770,1,167,-0.988095238095238,22135,0.0,0.0,0.6178044232077634,False,10,AVOID,moderate ML probability; recent exchange activity; strong ask-side imbalance; no current SMMA crossover; waiting for BidQty > 1M and AskQty > 1M
2026-08-10 13:31:36.413751,NSE:SILVERBETA-EQ,223.17,223.2324368195332,222.9994120556057,0.2330247639275171,NONE,BULLISH,4,4.0,5.563934426229508,0.7189157336476134,1697,22691,49850,4,1069,-0.9925442684063374,389589,0.0,-0.0313563877441414,0.6176163532765664,False,10,AVOID,moderate ML probability; recent exchange activity; strong ask-side imbalance; no current SMMA crossover; waiting for BidQty > 1M and AskQty > 1M
2026-08-10 13:31:27.261604,NSE:EPL-EQ,230.85,230.24131142468815,228.095935770285,2.145375654403182,NONE,BULLISH,40,40.0,24.27586206896552,1.6477272727272727,704,796,3553,30,91,-0.5041322314049587,241235,0.0,0.0823723228995154,0.6175114400491276,False,35,AVOID,moderate ML probability; strong LTQ spike; recent exchange activity; strong ask-side imbalance; no current SMMA crossover; waiting for BidQty > 1M and AskQty > 1M
2026-08-10 13:31:34.778069,NSE:OIL-EQ,456.35,455.5934082860684,450.0399250749918,5.553483211076582,NONE,BULLISH,24,67.1923076923077,65.8,1.0211596913724574,13489,19881,74859,212,15,0.8678414096916299,5732378,-0.0219082046226226,0.16461808604038,0.6172084728924895,False,25,AVOID,moderate ML probability; recent exchange activity; strong bid-side imbalance; no current SMMA crossover; waiting for BidQty > 1M and AskQty > 1M
2026-08-10 13:31:36.874924,NSE:BAJEL-EQ,194.67,194.33541307702237,192.419722771768,1.915690305254316,NONE,BULLISH,1,54.94285714285714,39.16666666666666,1.4027963525835867,3995,12995,182126,1,2,-0.3333333333333333,950437,0.1904271744724628,0.1491923037349574,0.6171301951550914,False,10,AVOID,moderate ML probability; moderate LTQ spike; recent exchange activity; strong ask-side imbalance; no current SMMA crossover; waiting for BidQty > 1M and AskQty > 1M
2026-08-10 13:30:34.569112,NSE:LAOPALA-EQ,192.61,192.75996059815745,191.62837753972445,1.1315830584329944,NONE,BULLISH,20,20.0,13.112903225806452,1.5252152521525215,813,1416,4873,10,12,-0.0909090909090909,122488,0.0,-0.0207630417856208,0.6169133686180873,False,35,AVOID,moderate ML probability; strong LTQ spike; recent exchange activity; no current SMMA crossover; waiting for BidQty > 1M and AskQty > 1M
2026-08-10 13:31:34.687799,NSE:HDFCSML250-EQ,185.62,185.6312762070067,185.34574604251597,0.2855301644907513,NONE,BULLISH,34,15.754901960784316,76.625,0.2056104660461248,14712,20343,105724,72,200,-0.4705882352941176,696188,0.0377256804095837,0.0107758620689679,0.6169089531618389,False,10,AVOID,moderate ML probability; recent exchange activity; strong ask-side imbalance; no current SMMA crossover; waiting for BidQty > 1M and AskQty > 1M
2026-08-10 13:31:36.501983,NSE:MOBIKWIK-EQ,205.5,205.3415251808902,203.50071471538268,1.8408104655075024,NONE,BULLISH,766,107.5,62.76635514018692,1.7127010125074449,6716,12740,54398,27,1,0.9285714285714286,1980174,-0.0291885580852357,0.0681729645500617,0.6167181569064606,False,50,AVOID,moderate ML probability; strong LTQ spike; recent exchange activity; strong bid-side imbalance; no current SMMA crossover; waiting for BidQty > 1M and AskQty > 1M
2026-08-10 13:31:36.776006,NSE:BECTORFOOD-EQ,234.12,234.03544295712703,226.79853309369972,7.236909863427286,NONE,BULLISH,70,128.85714285714286,86.90196078431373,1.482787519339866,26592,49903,172153,30,46,-0.2105263157894736,7905530,-0.3193255843658149,-0.467647308902297,0.6166623303760168,False,10,AVOID,moderate ML probability; moderate LTQ spike; recent exchange activity; no current SMMA crossover; waiting for BidQty > 1M and AskQty > 1M
2026-08-10 13:31:34.857994,NSE:CASTROLIND-EQ,192.55,192.9241143006329,192.6102054145261,0.313908886106816,NONE,BULLISH,2,83.79411764705883,75.94252873563218,1.1033885629323623,13214,20359,137840,487,521,-0.0337301587301587,3020067,0.0103879914818527,-0.2073075926405709,0.6166450499993553,False,10,AVOID,moderate ML probability; recent exchange activity; no current SMMA crossover; waiting for BidQty > 1M and AskQty > 1M
2026-08-10 13:31:36.163913,NSE:NATIONALUM-EQ,385.3,384.71413891203787,383.2630296243752,1.451109287662689,NONE,BULLISH,1,30.52112676056338,37.47093023255814,0.8145281307706597,6445,13940,62764,953,357,0.4549618320610687,4242005,0.0,-0.0518806744487676,0.6163201034202823,False,25,AVOID,moderate ML probability; recent exchange activity; strong bid-side imbalance; no current SMMA crossover; waiting for BidQty > 1M and AskQty > 1M
2026-08-10 13:31:32.953821,NSE:GPIL-EQ,240.18,239.8793387039962,239.83332698801712,0.0460117159790911,NONE,BULLISH,10,36.1764705882353,35.87603305785124,1.0083743241595189,4341,8080,50929,26,42,-0.2352941176470588,1369736,0.0124921923797538,-0.0291363163371416,0.6160289941583985,False,10,AVOID,moderate ML probability; recent exchange activity; no current SMMA crossover; waiting for BidQty > 1M and AskQty > 1M
2026-08-10 13:31:36.386034,NSE:TBZ-EQ,282.2,281.79326220235777,278.2344965558422,3.5587656465155533,NONE,BULLISH,10,33.55172413793103,24.53125,1.3677135954315836,1570,4134,23858,29,31,-0.0333333333333333,942789,0.0,-0.0354233085370303,0.6159831920730576,False,10,AVOID,moderate ML probability; moderate LTQ spike; recent exchange activity; no current SMMA crossover; waiting for BidQty > 1M and AskQty > 1M
2026-08-10 13:26:54.385867,NSE:ASPINWALL-EQ,232.07,234.16091509650064,237.9302178636089,-3.7693027671082575,NONE,BEARISH,35,0.0,35.0,0.0,105,269,400,10,8,0.1111111111111111,1265,0.0,0.0,0.6159800480916882,False,10,AVOID,moderate ML probability; recent exchange activity; no current SMMA crossover; waiting for BidQty > 1M and AskQty > 1M
2026-08-10 13:31:24.390127,NSE:MUNJALSHOW-EQ,135.9,135.81017677030587,135.12443850174375,0.685738268562119,NONE,BULLISH,100,14.0,12.478260869565217,1.1219512195121952,287,336,14903,45,12,0.5789473684210527,60093,0.0,-0.0882223202470222,0.6158577162414648,False,25,AVOID,moderate ML probability; recent exchange activity; strong bid-side imbalance; no current SMMA crossover; waiting for BidQty > 1M and AskQty > 1M
2026-08-10 13:31:36.765886,NSE:GIPCL-EQ,164.21,164.4251720848314,161.90877755173176,2.5163945330996285,NONE,BULLISH,23,23.0,225.45,0.1020181858505211,9018,11472,29584,16,71,-0.632183908045977,512483,0.0,0.0,0.6157208166986591,False,10,AVOID,moderate ML probability; recent exchange activity; strong ask-side imbalance; no current SMMA crossover; waiting for BidQty > 1M and AskQty > 1M
2026-08-10 13:31:26.297700,NSE:MONARCH-EQ,391.7,391.4470785850302,391.22411600858817,0.2229625764420575,NONE,BULLISH,38,22.285714285714285,56.869565217391305,0.3918741808650065,1308,1958,5839,185,9,0.9072164948453608,81780,0.012766500702166,-0.0765306122448961,0.6157176384232262,False,25,AVOID,moderate ML probability; recent exchange activity; strong bid-side imbalance; no current SMMA crossover; waiting for BidQty > 1M and AskQty > 1M
2026-08-10 13:31:20.265453,NSE:BHARATWIRE-EQ,194.1,194.14838759383892,197.31505498870817,-3.166667394869222,NONE,BEARISH,4,4.0,103.54347826086956,0.0386311148435859,4763,5487,9656,27,12,0.3846153846153846,159191,0.0,0.3204465577837601,0.6157175713460808,False,25,AVOID,moderate ML probability; recent exchange activity; strong bid-side imbalance; no current SMMA crossover; waiting for BidQty > 1M and AskQty > 1M
2026-08-10 13:31:34.565866,NSE:NACLIND-EQ,178.95,179.405691845684,178.69838362348574,0.7073082221982645,NONE,BULLISH,4,103.45,61.03921568627451,1.694812078380983,3113,3438,11281,25,6,0.6129032258064516,666767,0.0,-0.1172136637642373,0.6156004595942598,False,50,AVOID,moderate ML probability; strong LTQ spike; recent exchange activity; strong bid-side imbalance; no current SMMA crossover; waiting for BidQty > 1M and AskQty > 1M
2026-08-10 13:29:09.399358,NSE:INTENTECH-EQ,81.8,81.91255600290573,82.8049290214915,-0.8923730185857721,NONE,BEARISH,12,0.0,12.0,0.0,48,84,228,75,28,0.4563106796116505,18127,0.0,-0.0122234445666835,0.6155421324443415,False,25,AVOID,moderate ML probability; recent exchange activity; strong bid-side imbalance; no current SMMA crossover; waiting for BidQty > 1M and AskQty > 1M
2026-08-10 13:31:31.184161,NSE:SWANCORP-EQ,308.25,308.6296688650019,308.5012642477761,0.1284046172258399,NONE,BULLISH,4,15.678571428571429,16.516666666666666,0.9492576041516506,991,1609,7644,4,52,-0.8571428571428571,354067,-0.1457725947521804,0.0486854917234547,0.6155364604375486,False,10,AVOID,moderate ML probability; recent exchange activity; strong ask-side imbalance; no current SMMA crossover; waiting for BidQty > 1M and AskQty > 1M
2026-08-10 13:31:36.890147,NSE:SILVERBEES-EQ,221.04,221.0821476532481,220.28231820914988,0.7998294440982363,NONE,BULLISH,10,138.47798742138366,119.62659846547317,1.1575852627904606,46774,117680,640631,50,7650,-0.987012987012987,17895614,0.0045242727231498,-0.0045238633793354,0.6154598409042262,False,10,AVOID,moderate ML probability; recent exchange activity; strong ask-side imbalance; no current SMMA crossover; waiting for BidQty > 1M and AskQty > 1M
2026-08-10 13:31:36.758019,NSE:ASHIKAG-EQ,437.75,443.0113078817525,449.2905642304458,-6.279256348693309,NONE,BEARISH,2,1.16,36.1978021978022,0.0320461445051609,3294,7794,8756,4,4,0.0,239724,0.0,-0.2847380410022748,0.6154459593873913,False,10,AVOID,moderate ML probability; recent exchange activity; no current SMMA crossover; waiting for BidQty > 1M and AskQty > 1M
2026-08-10 13:30:56.846342,NSE:HINDWAREAP-EQ,219.29,219.36075207396703,220.1923574920069,-0.8316054180398282,NONE,BEARISH,21,21.0,15.285714285714286,1.3738317757009346,214,1076,2362,2,3,-0.2,52823,0.0,0.1781635449977114,0.6154259602660277,False,10,AVOID,moderate ML probability; moderate LTQ spike; recent exchange activity; no current SMMA crossover; waiting for BidQty > 1M and AskQty > 1M
2026-08-10 13:31:36.453364,NSE:FSL-EQ,275.45,275.607883313765,277.68507174365067,-2.077188429885666,NONE,BEARISH,383,33.68181818181818,17.270676691729324,1.950231527288558,2297,3524,23907,81,11,0.7608695652173914,1733950,0.0,-0.0906782734856781,0.6153337903165117,False,50,AVOID,moderate ML probability; strong LTQ spike; recent exchange activity; strong bid-side imbalance; no current SMMA crossover; waiting for BidQty > 1M and AskQty > 1M
2026-08-10 13:31:36.820592,NSE:EMIL-EQ,185.5,184.404768437005,171.56839884033732,12.83636959666768,NONE,BULLISH,50,83.8238341968912,109.14347826086956,0.7680150525947088,50206,108481,425488,139,111,0.112,76564000,-0.1077005923532548,0.3244997295835494,0.6151623929308502,False,10,AVOID,moderate ML probability; recent exchange activity; no current SMMA crossover; waiting for BidQty > 1M and AskQty > 1M
2026-08-10 13:28:46.568079,NSE:GOLD360-EQ,147.4,147.3074797352065,146.50860035004084,0.7988793851656624,NONE,BULLISH,10,0.0,10.75,0.0,43,266,1429,48,75,-0.2195121951219512,10769,0.0678886625933516,0.0678886625933516,0.6150733877715551,False,10,AVOID,moderate ML probability; recent exchange activity; no current SMMA crossover; waiting for BidQty > 1M and AskQty > 1M
2026-08-10 13:26:59.423983,NSE:EUROBOND-EQ,162.75,162.64682292656397,164.28943566508426,-1.6426127385202849,NONE,BEARISH,2,0.0,2.0,0.0,2,8,41,5,3,0.25,7555,0.0,0.0,0.6150434322900596,False,10,AVOID,moderate ML probability; recent exchange activity; no current SMMA crossover; waiting for BidQty > 1M and AskQty > 1M
2026-08-10 13:31:29.949800,NSE:ORIENTELEC-EQ,190.46,190.09515309238503,189.45835120924863,0.6368018831363713,NONE,BULLISH,1,2.25,6.415094339622642,0.350735294117647,340,1939,25131,30,9,0.5384615384615384,574669,0.0315126050420166,-0.0262453414518804,0.6145781072814706,False,25,AVOID,moderate ML probability; recent exchange activity; strong bid-side imbalance; no current SMMA crossover; waiting for BidQty > 1M and AskQty > 1M
2026-08-10 13:31:36.808133,NSE:GAIL-EQ,170.5,170.5052907304473,171.64373582196166,-1.1384450915143418,NONE,BEARISH,20,92.98666666666666,146.00947867298578,0.6368536310914914,30808,50441,121200,1031,1522,-0.1923227575401488,5411613,0.0,0.1468428781204123,0.6143634966039029,False,10,AVOID,moderate ML probability; recent exchange activity; no current SMMA crossover; waiting for BidQty > 1M and AskQty > 1M
2026-08-10 13:31:27.429803,NSE:DMCC-EQ,282.0,283.41406241529967,280.7439702620347,2.6700921532649886,NONE,BULLISH,17,12.5,9.078947368421051,1.3768115942028984,690,1829,10367,5,19,-0.5833333333333334,211684,-0.1593202336696686,0.1420454545454363,0.6138817254881382,False,10,AVOID,moderate ML probability; moderate LTQ spike; recent exchange activity; strong ask-side imbalance; no current SMMA crossover; waiting for BidQty > 1M and AskQty > 1M
2026-08-10 13:31:34.709647,NSE:NCC-EQ,147.28,146.92434058140668,146.01720480681212,0.9071357745945648,NONE,BULLISH,3,125.49253731343283,80.63461538461539,1.5563109802762956,12579,21841,60543,99,554,-0.6967840735068913,1741784,0.0067902492021376,-0.3181049069373887,0.6138353474077508,False,35,AVOID,moderate ML probability; strong LTQ spike; recent exchange activity; strong ask-side imbalance; no current SMMA crossover; waiting for BidQty > 1M and AskQty > 1M
2026-08-10 13:31:36.203692,NSE:ONGC-EQ,239.2,238.92806129394816,238.56037636433948,0.3676849296086857,NONE,BULLISH,47,88.13333333333334,61.01793721973094,1.4443840180299357,13607,22887,139875,2056,17,0.9835986493005306,6299869,-0.0292556526100273,0.0669344042838027,0.6137850445827032,False,25,AVOID,moderate ML probability; moderate LTQ spike; recent exchange activity; strong bid-side imbalance; no current SMMA crossover; waiting for BidQty > 1M and AskQty > 1M
2026-08-10 13:31:32.070861,NSE:HPL-EQ,343.0,343.8319563949785,342.6814348128028,1.1505215821756565,NONE,BULLISH,44,280.3333333333333,149.66666666666666,1.8730512249443207,3143,3751,14403,106,15,0.7520661157024794,72138,-0.2906976744186051,-0.3051881993896277,0.613330432731913,False,50,AVOID,moderate ML probability; strong LTQ spike; recent exchange activity; strong bid-side imbalance; no current SMMA crossover; waiting for BidQty > 1M and AskQty > 1M
2026-08-10 13:31:36.834128,NSE:SHADOWFAX-EQ,246.5,245.5691241051072,242.78976335042813,2.7793607546790327,NONE,BULLISH,124,36.36666666666667,37.34517766497462,0.973798196728739,7357,18623,58434,1490,4,0.994645247657296,2594384,0.0162298141686223,0.142189721714403,0.613306876426116,False,25,AVOID,moderate ML probability; recent exchange activity; strong bid-side imbalance; no current SMMA crossover; waiting for BidQty > 1M and AskQty > 1M
2026-08-10 13:29:24.317935,NSE:SHINDL-EQ,162.36,162.01854159111804,162.29572015896392,-0.2771785678458798,NONE,BEARISH,42,0.0,10.0,0.0,100,288,1488,42,2,0.9090909090909092,52239,-0.0246305418719172,-0.3681885125184081,0.6131517942872385,False,25,AVOID,moderate ML probability; recent exchange activity; strong bid-side imbalance; no current SMMA crossover; waiting for BidQty > 1M and AskQty > 1M
2026-08-10 13:31:30.897078,NSE:TRIVENI-EQ,244.5,246.43152696331825,241.19853056421655,5.232996399101637,NONE,BULLISH,1,14.305555555555555,67.65277777777777,0.2114555532744816,4871,7359,45115,99,377,-0.5840336134453782,1398433,0.0,-0.077649270505542,0.6129160686235734,False,10,AVOID,moderate ML probability; recent exchange activity; strong ask-side imbalance; no current SMMA crossover; waiting for BidQty > 1M and AskQty > 1M
2026-08-10 13:30:13.053892,NSE:NIITMTS-EQ,245.75,246.11376695830955,245.0574867410689,1.0562802172406125,NONE,BULLISH,7,24.23076923076923,32.25490196078432,0.7512274959083469,1645,2305,9861,3,15,-0.6666666666666666,75344,0.0,-0.0406752084604389,0.6127278218834001,False,10,AVOID,moderate ML probability; recent exchange activity; strong ask-side imbalance; no current SMMA crossover; waiting for BidQty > 1M and AskQty > 1M
2026-08-10 13:31:27.411840,NSE:EIHAHOTELS-EQ,298.9,298.7471201722974,300.4734962636955,-1.7263760913980946,NONE,BEARISH,44,44.0,49.5,0.8888888888888888,891,979,1833,1,3,-0.5,25849,0.0,0.0,0.6125601189858312,False,10,AVOID,moderate ML probability; recent exchange activity; strong ask-side imbalance; no current SMMA crossover; waiting for BidQty > 1M and AskQty > 1M
2026-08-10 13:31:36.293910,NSE:AUTOBEES-EQ,308.67,308.56462750822146,308.1582435334093,0.4063839748121722,NONE,BULLISH,281,220.66666666666663,167.2824427480916,1.3191262815247482,21914,26717,205707,1,768,-0.9973992197659298,286863,0.0,0.0259243656631991,0.6123625572560258,False,10,AVOID,moderate ML probability; moderate LTQ spike; recent exchange activity; strong ask-side imbalance; no current SMMA crossover; waiting for BidQty > 1M and AskQty > 1M
2026-08-10 13:21:57.211786,NSE:LGHL-EQ,200.94,201.6438650020064,202.43095631325784,-0.7870913112514302,NONE,BEARISH,4,0.0,0.0,0.0,0,8,40,1,1,0.0,8726,0.0,0.0,0.6119106711147106,False,0,AVOID,moderate ML probability; no current SMMA crossover; waiting for BidQty > 1M and AskQty > 1M
2026-08-10 13:31:36.396656,NSE:SIMPLEXINF-EQ,257.29,256.22966157387225,249.37430572937063,6.855355844501588,NONE,BULLISH,936,153.8421052631579,77.84782608695652,1.9761901262511208,3581,3927,17978,190,126,0.2025316455696202,502338,0.0,0.194711632072897,0.6116165965629949,False,35,AVOID,moderate ML probability; strong LTQ spike; recent exchange activity; no current SMMA crossover; waiting for BidQty > 1M and AskQty > 1M
2026-08-10 13:31:36.784159,NSE:SSWL-EQ,323.25,321.92597952213833,315.80262900970195,6.123350512436389,NONE,BULLISH,2,37.88372093023256,30.37254901960784,1.2473013346945516,3098,8337,40696,4,286,-0.9724137931034482,809290,0.0,0.4037894082932203,0.6115563471160196,False,10,AVOID,moderate ML probability; moderate LTQ spike; recent exchange activity; strong ask-side imbalance; no current SMMA crossover; waiting for BidQty > 1M and AskQty > 1M
2026-08-10 13:31:36.868020,NSE:TIMETECHNO-EQ,207.01,206.884912532026,205.81547863100823,1.0694339010177316,NONE,BULLISH,115,24.16521739130435,27.27467811158798,0.8859945951493177,6355,9983,31822,1,10,-0.8181818181818182,2550343,-0.0144899536321463,-0.0144899536321463,0.6115345388019037,False,10,AVOID,moderate ML probability; recent exchange activity; strong ask-side imbalance; no current SMMA crossover; waiting for BidQty > 1M and AskQty > 1M
2026-08-10 13:31:29.373757,NSE:MAHLIFE-EQ,387.9,387.9552007845534,387.3348399168145,0.6203608677389525,NONE,BULLISH,12,15.75,20.444444444444443,0.7703804347826088,368,649,1900,45,36,0.1111111111111111,106385,-0.0257731958762996,0.0,0.6113550677186516,False,10,AVOID,moderate ML probability; recent exchange activity; no current SMMA crossover; waiting for BidQty > 1M and AskQty > 1M
2026-08-10 13:21:55.008104,NSE:ZUARIIND-EQ,262.7,261.9853292849025,260.2632318260851,1.7220974588174158,NONE,BULLISH,2,0.0,0.0,0.0,0,4,496,4,6,-0.2,5226,0.4588910133843216,-0.01902949571837,0.610997840679678,False,0,AVOID,moderate ML probability; no current SMMA crossover; waiting for BidQty > 1M and AskQty > 1M
2026-08-10 13:31:27.524422,NSE:INDOSTAR-EQ,243.1,242.11274036344105,236.3007729742777,5.811967389163328,NONE,BULLISH,1,16.6,31.24137931034483,0.5313465783664459,906,1621,3300,5,29,-0.7058823529411765,153317,0.0,0.4753048150444305,0.6109554699230371,False,10,AVOID,moderate ML probability; recent exchange activity; strong ask-side imbalance; no current SMMA crossover; waiting for BidQty > 1M and AskQty > 1M
2026-08-10 13:30:46.444138,NSE:SHBAJRG-EQ,177.99,178.32554663149256,180.33490769722013,-2.0093610657275747,NONE,BEARISH,36,36.0,36.0,0.0,144,216,2078,37,53,-0.1777777777777777,3923,0.0,-0.0617630544637815,0.6109239025901457,False,10,AVOID,moderate ML probability; recent exchange activity; no current SMMA crossover; waiting for BidQty > 1M and AskQty > 1M
2026-08-10 13:30:48.926007,NSE:VRLLOG-EQ,285.3,285.5974089389666,283.9573405269161,1.6400684120505389,NONE,BULLISH,23,7.923076923076923,13.487179487179487,0.5874524714828897,526,1063,12649,26,4,0.7333333333333333,276116,-0.1749475157452718,-0.0875503414463296,0.6109114733441324,False,25,AVOID,moderate ML probability; recent exchange activity; strong bid-side imbalance; no current SMMA crossover; waiting for BidQty > 1M and AskQty > 1M
2026-08-10 13:29:35.903979,NSE:PODDARMENT-EQ,263.65,262.4991765029023,258.97924627777167,3.519930225130622,NONE,BULLISH,3,0.0,3.0,0.0,24,64,244,1,5,-0.6666666666666666,3191,0.0,-0.1325757575757702,0.6107052611183467,False,10,AVOID,moderate ML probability; recent exchange activity; strong ask-side imbalance; no current SMMA crossover; waiting for BidQty > 1M and AskQty > 1M
2026-08-10 13:31:31.704129,NSE:ARTEMISMED-EQ,319.85,319.9124435818374,318.5439806102959,1.3684629715415326,NONE,BULLISH,208,84.78260869565217,63.75925925925926,1.3297301392870222,3443,4290,9482,36,14,0.44,371226,0.0,-0.0312548835755488,0.6102023824678428,False,25,AVOID,moderate ML probability; moderate LTQ spike; recent exchange activity; strong bid-side imbalance; no current SMMA crossover; waiting for BidQty > 1M and AskQty > 1M
2026-08-10 13:30:31.190683,NSE:TAINWALCHM-EQ,206.65,204.9090696429692,206.73994557161495,-1.8308759286458096,NONE,BEARISH,2,2.0,2.0,0.0,10,16,441,5,1,0.6666666666666666,625,0.0,1.747907434761209,0.609758517354504,False,25,AVOID,moderate ML probability; recent exchange activity; strong bid-side imbalance; no current SMMA crossover; waiting for BidQty > 1M and AskQty > 1M
2026-08-10 13:29:53.046074,NSE:NATIONSTD-EQ,182.26,184.54075982959853,189.84680002270628,-5.306040193107748,NONE,BEARISH,2,2.0,2.0,0.0,4,6,52,0,49012,-1.0,2806,0.0,0.0,0.609616832602433,False,10,AVOID,moderate ML probability; recent exchange activity; strong ask-side imbalance; no current SMMA crossover; waiting for BidQty > 1M and AskQty > 1M
2026-08-10 13:31:36.809887,NSE:IKIO-EQ,196.24,196.1865277881541,199.32563133399157,-3.1391035458374006,NONE,BEARISH,15,11.5,12.2,0.9426229508196722,244,768,5220,143,31,0.6436781609195402,290896,0.0,0.2247191011236049,0.6092826040747901,False,25,AVOID,moderate ML probability; recent exchange activity; strong bid-side imbalance; no current SMMA crossover; waiting for BidQty > 1M and AskQty > 1M
2026-08-10 13:29:44.793837,NSE:MEDICO-EQ,46.01,46.14071834131674,46.53137002699157,-0.3906516856748325,NONE,BEARISH,100,100.0,100.0,0.0,300,310,398,100,36,0.4705882352941176,399563,-0.3465453757851455,-0.3465453757851455,0.6089596013801932,False,25,AVOID,moderate ML probability; recent exchange activity; strong bid-side imbalance; no current SMMA crossover; waiting for BidQty > 1M and AskQty > 1M
2026-08-10 13:31:32.563649,NSE:EUROPRATIK-EQ,319.2,319.59712209893974,317.9890990502091,1.6080230487306153,NONE,BULLISH,12,4.142857142857143,2.6666666666666665,1.5535714285714288,40,220,1691,1,2,-0.3333333333333333,202475,-0.125156445556962,-0.1095290251916791,0.6089464224529946,False,35,AVOID,moderate ML probability; strong LTQ spike; recent exchange activity; strong ask-side imbalance; no current SMMA crossover; waiting for BidQty > 1M and AskQty > 1M
2026-08-10 13:31:34.691839,NSE:SILVER360-EQ,227.08,227.317831349254,228.1039917122696,-0.7861603630156253,NONE,BEARISH,2,2.0,5.6231884057971016,0.3556701030927835,388,1437,61745,4,621,-0.9872,29426,0.0,-0.1143661476203039,0.6088688785210662,False,10,AVOID,moderate ML probability; recent exchange activity; strong ask-side imbalance; no current SMMA crossover; waiting for BidQty > 1M and AskQty > 1M
2026-08-10 13:30:22.623974,NSE:GLOBALVECT-EQ,162.35,161.83424019262796,159.95193659594133,1.8823035966866255,NONE,BULLISH,1,1.0,1.0,1.0,12,56,125,18,1,0.8947368421052632,2829,0.0,0.0,0.6088482441739348,False,25,AVOID,moderate ML probability; recent exchange activity; strong bid-side imbalance; no current SMMA crossover; waiting for BidQty > 1M and AskQty > 1M
2026-08-10 13:31:33.055887,NSE:HEIDELBERG-EQ,155.9,156.02278689906183,156.17618346690986,-0.1533965678480342,NONE,BEARISH,120,91.5,32.8,2.789634146341464,656,3676,4241,1,5,-0.6666666666666666,26033,0.0,0.0,0.6086661338735199,False,35,AVOID,moderate ML probability; strong LTQ spike; recent exchange activity; strong ask-side imbalance; no current SMMA crossover; waiting for BidQty > 1M and AskQty > 1M
2026-08-10 13:30:57.030943,NSE:WORTHPERI-EQ,160.41,160.77195918425215,162.38061113772903,-1.6086519534768795,NONE,BEARISH,10,10.0,10.0,0.0,30,150,1373,1,10,-0.8181818181818182,10413,0.0,0.0436572283896596,0.6086163464917551,False,10,AVOID,moderate ML probability; recent exchange activity; strong ask-side imbalance; no current SMMA crossover; waiting for BidQty > 1M and AskQty > 1M
2026-08-10 13:31:03.613944,NSE:ADFFOODS-EQ,262.05,261.7266666284991,260.80299244308856,0.9236741854105616,NONE,BULLISH,1,9.538461538461538,5.142857142857143,1.8547008547008543,144,689,9345,7,15,-0.3636363636363636,87703,0.0,-0.0190766882869231,0.6085707657185789,False,35,AVOID,moderate ML probability; strong LTQ spike; recent exchange activity; strong ask-side imbalance; no current SMMA crossover; waiting for BidQty > 1M and AskQty > 1M
2026-08-10 13:31:36.778020,NSE:TSFINV-EQ,435.2,435.4379986345596,438.6851572713087,-3.247158636749134,NONE,BEARISH,2,1.5714285714285714,4.614583333333333,0.3405353111899387,443,1658,14816,81,1,0.975609756097561,30944,0.0,0.1956947162426559,0.6084102306620922,False,25,AVOID,moderate ML probability; recent exchange activity; strong bid-side imbalance; no current SMMA crossover; waiting for BidQty > 1M and AskQty > 1M
2026-08-10 13:26:59.958305,NSE:PATELRMART-EQ,219.5,219.80307605702612,220.19125861975604,-0.3881825627298951,NONE,BEARISH,1,0.0,1.0,0.0,2,269,999,4,4,0.0,14760,0.0,-0.1410308903143642,0.6082229312287543,False,10,AVOID,moderate ML probability; recent exchange activity; no current SMMA crossover; waiting for BidQty > 1M and AskQty > 1M
2026-08-10 13:29:18.211115,NSE:LOVABLE-EQ,72.37,72.90361256796001,72.77882464896221,0.1247879189977965,NONE,BULLISH,199,0.0,199.0,0.0,199,597,2190,94,3,0.9381443298969072,9525,0.0,-0.4402256156279982,0.6077246105721096,False,25,AVOID,moderate ML probability; recent exchange activity; strong bid-side imbalance; no current SMMA crossover; waiting for BidQty > 1M and AskQty > 1M
2026-08-10 13:31:36.287853,NSE:NIFTYIETF-EQ,279.21,279.1528045382422,278.7948155279859,0.3579890102562899,NONE,BULLISH,5,3.2857142857142856,3.3529411764705883,0.9799498746867168,1425,2938,64922,62,3,0.9076923076923076,289339,0.0537518813158444,-0.0107434464976519,0.6075830027970747,False,25,AVOID,moderate ML probability; recent exchange activity; strong bid-side imbalance; no current SMMA crossover; waiting for BidQty > 1M and AskQty > 1M
2026-08-10 13:31:32.984060,NSE:MID150BEES-EQ,243.34,243.2309800282752,242.55881679992547,0.6721632283497456,NONE,BULLISH,1,124.1509433962264,66.2043795620438,1.8752678329970247,9070,11279,134996,82,1246,-0.8765060240963856,597132,0.0205516050803655,0.036998972250779,0.6074768668785419,False,35,AVOID,moderate ML probability; strong LTQ spike; recent exchange activity; strong ask-side imbalance; no current SMMA crossover; waiting for BidQty > 1M and AskQty > 1M
2026-08-10 13:31:36.344070,NSE:BANKINDIA-EQ,141.58,141.63360096583884,142.55897457422662,-0.9253736083877868,NONE,BEARISH,4,301.0826446280992,210.4297520661157,1.4307988374833085,50924,109248,242939,274,304,-0.0519031141868512,5029603,0.0,0.1556310130164107,0.6071684273996597,False,10,AVOID,moderate ML probability; moderate LTQ spike; recent exchange activity; no current SMMA crossover; waiting for BidQty > 1M and AskQty > 1M
2026-08-10 13:31:36.175847,NSE:SCHAND-EQ,143.0,142.93867849024988,143.99561688856772,-1.0569383983178398,NONE,BEARISH,1,2.5,2.4166666666666665,1.0344827586206895,29,345,893,174,28,0.7227722772277227,23972,0.0,0.0,0.6071163954130406,False,25,AVOID,moderate ML probability; recent exchange activity; strong bid-side imbalance; no current SMMA crossover; waiting for BidQty > 1M and AskQty > 1M
2026-08-10 13:30:28.089829,NSE:KSOLVES-EQ,279.75,279.706866913212,279.8407588858171,-0.1338919726051131,NONE,BEARISH,37,15.0,14.2,1.0563380281690142,142,220,511,3,13,-0.625,11620,0.0,0.0,0.6071029660148454,False,10,AVOID,moderate ML probability; recent exchange activity; strong ask-side imbalance; no current SMMA crossover; waiting for BidQty > 1M and AskQty > 1M
2026-08-10 13:31:32.009655,NSE:PDSL-EQ,386.4,385.2395414707641,375.29566364041546,9.94387783034864,NONE,BULLISH,11,73.18181818181819,62.61627906976744,1.168734700768127,5385,7478,13917,16,12,0.1428571428571428,444222,0.0129416332341092,0.1295672454003638,0.6070464788739666,False,10,AVOID,moderate ML probability; recent exchange activity; no current SMMA crossover; waiting for BidQty > 1M and AskQty > 1M
2026-08-10 13:31:23.775888,NSE:WINDMACHIN-EQ,300.55,300.2016368934401,296.0752507289786,4.126386164461508,NONE,BULLISH,110,125.70833333333331,94.78787878787878,1.326206841432225,3128,3333,13753,88,3,0.934065934065934,241404,0.0,0.1165889407062081,0.6069455911274101,False,25,AVOID,moderate ML probability; moderate LTQ spike; recent exchange activity; strong bid-side imbalance; no current SMMA crossover; waiting for BidQty > 1M and AskQty > 1M
2026-08-10 13:31:34.799725,NSE:ARVINDFASN-EQ,461.15,461.07599700351307,460.1583959622458,0.9176010412672896,NONE,BULLISH,1,4.025,3.760869565217391,1.0702312138728325,346,509,1619,1,18,-0.8947368421052632,122013,0.0,0.1194094659140221,0.6068202591595561,False,10,AVOID,moderate ML probability; recent exchange activity; strong ask-side imbalance; no current SMMA crossover; waiting for BidQty > 1M and AskQty > 1M
2026-08-10 13:31:33.534924,NSE:ESILVER-EQ,230.64,230.68833498683367,230.6551722739929,0.033162712840749,NONE,BULLISH,4,4.947368421052632,33.73,0.1466756128387973,3373,7040,37245,6,7,-0.0769230769230769,40583,0.0,-0.004335573379588,0.6068119943552369,False,10,AVOID,moderate ML probability; recent exchange activity; no current SMMA crossover; waiting for BidQty > 1M and AskQty > 1M
2026-08-10 13:31:36.154078,NSE:EPACK-EQ,231.83,232.18597571303212,230.6152147598605,1.570760953171657,NONE,BULLISH,1,19.0,71.46511627906976,0.2658639765701269,3073,4479,20802,6,40,-0.7391304347826086,322237,0.0,-0.0388064849948133,0.6067312067303335,False,10,AVOID,moderate ML probability; recent exchange activity; strong ask-side imbalance; no current SMMA crossover; waiting for BidQty > 1M and AskQty > 1M
2026-08-10 13:31:16.665872,NSE:MAMATA-EQ,421.65,422.2984079746237,425.08460463775873,-2.786196663135001,NONE,BEARISH,30,30.0,21.314285714285717,1.407506702412869,746,782,1335,2,2,0.0,40994,0.0,-0.0829383886255974,0.6065659229520758,False,10,AVOID,moderate ML probability; moderate LTQ spike; recent exchange activity; no current SMMA crossover; waiting for BidQty > 1M and AskQty > 1M
2026-08-10 13:31:36.239430,NSE:NIFTYBEES-EQ,280.52,280.4895182307384,280.2346883975584,0.2548298331799969,NONE,BULLISH,7,37.851851851851855,36.1965601965602,1.045730634245432,14732,39843,183307,2,434,-0.9908256880733946,5672589,0.0356607945224851,0.0356607945224851,0.6064906506466157,False,10,AVOID,moderate ML probability; recent exchange activity; strong ask-side imbalance; no current SMMA crossover; waiting for BidQty > 1M and AskQty > 1M
2026-08-10 13:31:21.824416,NSE:EFCIL-EQ,184.09,184.61826338001188,185.3302124106033,-0.7119490305914269,NONE,BEARISH,29,23.75,14.833333333333334,1.601123595505618,267,1504,5658,26,4,0.7333333333333333,155351,0.0,-0.1681127982646413,0.6064890183472702,False,50,AVOID,moderate ML probability; strong LTQ spike; recent exchange activity; strong bid-side imbalance; no current SMMA crossover; waiting for BidQty > 1M and AskQty > 1M
2026-08-10 13:31:36.874924,NSE:TARIL-EQ,299.7,299.9969173263937,299.326934167249,0.6699831591446923,NONE,BULLISH,221,79.55555555555556,133.01785714285714,0.59808177085664,7449,9453,37025,482,2028,-0.6159362549800796,531359,0.0667779632721243,0.0667779632721243,0.6063565138806478,False,10,AVOID,moderate ML probability; recent exchange activity; strong ask-side imbalance; no current SMMA crossover; waiting for BidQty > 1M and AskQty > 1M
2026-08-10 13:31:17.153833,NSE:GRAUWEIL-EQ,68.35,68.25610215247214,68.98446494288828,-0.728362790416142,NONE,BEARISH,254,254.0,80.95,3.137739345274861,1619,1779,8071,71,106,-0.1977401129943503,138272,0.0,0.146520146520146,0.6061119191811535,False,35,AVOID,moderate ML probability; strong LTQ spike; recent exchange activity; no current SMMA crossover; waiting for BidQty > 1M and AskQty > 1M
2026-08-10 13:30:16.334157,NSE:GOLDBND-EQ,150.87,150.7648740872951,150.1698353068909,0.5950387804042236,NONE,BULLISH,47,47.0,47.0,0.0,517,4921,5033,6,7,-0.0769230769230769,4605,0.0,-0.0463760434609716,0.6053832385237693,False,10,AVOID,moderate ML probability; recent exchange activity; no current SMMA crossover; waiting for BidQty > 1M and AskQty > 1M
2026-08-10 13:28:40.172457,NSE:MEDICAMEQ-EQ,233.0,233.66201024372137,234.86866646743843,-1.2066562237170615,NONE,BEARISH,70,0.0,34.0,0.0,238,311,793,3,1,0.5,11201,0.0,0.0816116146213685,0.6053495742851797,False,25,AVOID,moderate ML probability; recent exchange activity; strong bid-side imbalance; no current SMMA crossover; waiting for BidQty > 1M and AskQty > 1M
2026-08-10 13:31:34.908102,NSE:BANKPSU-EQ,87.52,87.6209844900058,88.14540873450989,-0.5244242445040896,NONE,BEARISH,50,33.945945945945944,39.51807228915663,0.8589980224126564,3280,8467,81091,300,14670,-0.9599198396793588,23116,0.0,0.0800457404230847,0.6051924330327998,False,10,AVOID,moderate ML probability; recent exchange activity; strong ask-side imbalance; no current SMMA crossover; waiting for BidQty > 1M and AskQty > 1M
2026-08-10 13:31:36.872048,NSE:HARIOMPIPE-EQ,400.55,400.4963940440061,400.0989838019058,0.3974102421003067,NONE,BULLISH,1,23.73913043478261,20.346153846153847,1.166762554450563,1058,1985,15797,19,5,0.5833333333333334,86206,-0.0997630627260215,-0.0873035669742949,0.6051370661055729,False,25,AVOID,moderate ML probability; recent exchange activity; strong bid-side imbalance; no current SMMA crossover; waiting for BidQty > 1M and AskQty > 1M
2026-08-10 13:31:06.863666,NSE:SEIL-EQ,203.36,202.91405959347813,202.68371799128315,0.2303416021949829,NONE,BULLISH,8,5.2,4.15,1.2530120481927711,83,251,3041,13,38,-0.4901960784313725,88295,0.0,-0.0344098707172002,0.6049688788923637,False,10,AVOID,moderate ML probability; moderate LTQ spike; recent exchange activity; strong ask-side imbalance; no current SMMA crossover; waiting for BidQty > 1M and AskQty > 1M
2026-08-10 13:31:23.293822,NSE:SUDARCOLOR-EQ,411.55,411.6866847647488,416.62932240260017,-4.942637637851419,NONE,BEARISH,1,2.210526315789474,5.785714285714286,0.3820662768031189,162,432,2115,7,1,0.75,11238,0.0,0.3535722994391532,0.6047569409304923,False,25,AVOID,moderate ML probability; recent exchange activity; strong bid-side imbalance; no current SMMA crossover; waiting for BidQty > 1M and AskQty > 1M
2026-08-10 13:31:26.390541,NSE:SHRINGARMS-EQ,234.4,235.06768009768592,234.08667208108392,0.9810080166020044,NONE,BULLISH,2,676.1363636363636,547.7659574468086,1.23435265453133,25745,25971,33058,198,219,-0.0503597122302158,359510,0.0,-0.2722940776038074,0.6047201890325129,False,10,AVOID,moderate ML probability; moderate LTQ spike; recent exchange activity; no current SMMA crossover; waiting for BidQty > 1M and AskQty > 1M
2026-08-10 13:30:17.737854,NSE:SUMIT-EQ,54.14,54.9131220563896,56.19625560227064,-1.283133545881043,NONE,BEARISH,10,10.0,10.0,0.0,30,598,986,1,8,-0.7777777777777778,19508,0.0,0.2592592592592702,0.6044357624782941,False,10,AVOID,moderate ML probability; recent exchange activity; strong ask-side imbalance; no current SMMA crossover; waiting for BidQty > 1M and AskQty > 1M
2026-08-10 13:30:29.663998,NSE:NATCAPSUQ-EQ,168.5,169.78245604412933,164.34183964323304,5.440616400896289,NONE,BULLISH,30,30.0,30.0,0.0,120,270,4984,2,20,-0.8181818181818182,79752,0.0,0.2319909583011092,0.6043201329974301,False,10,AVOID,moderate ML probability; recent exchange activity; strong ask-side imbalance; no current SMMA crossover; waiting for BidQty > 1M and AskQty > 1M
2026-08-10 13:31:34.958276,NSE:LASERPOWER-EQ,300.45,300.98595744422425,298.7359900729009,2.2499673713233506,NONE,BULLISH,20,132.3846153846154,113.0695652173913,1.1708244842906077,13003,17003,63511,128,51,0.4301675977653631,1608832,-0.0166389351081597,-0.182724252491695,0.6035602874970883,False,25,AVOID,moderate ML probability; recent exchange activity; strong bid-side imbalance; no current SMMA crossover; waiting for BidQty > 1M and AskQty > 1M
2026-08-10 13:31:36.421357,NSE:STUDDS-EQ,440.0,437.399003508181,435.789711732434,1.6092917757470104,NONE,BULLISH,1,3.5,6.625,0.5283018867924528,742,2098,20930,3,144,-0.9591836734693876,103379,0.0,0.0,0.6034294336904404,False,10,AVOID,moderate ML probability; recent exchange activity; strong ask-side imbalance; no current SMMA crossover; waiting for BidQty > 1M and AskQty > 1M
2026-08-10 13:23:53.210508,NSE:ALPA-EQ,68.23,68.4539680490214,68.18842018847367,0.265547860547727,NONE,BULLISH,2,0.0,0.0,0.0,0,66,322,9,10,-0.0526315789473684,5021,-0.6117989803350321,-0.6117989803350321,0.6031138307553999,False,0,AVOID,moderate ML probability; no current SMMA crossover; waiting for BidQty > 1M and AskQty > 1M
2026-08-10 13:31:34.799725,NSE:SULA-EQ,154.09,153.96358304627756,155.86255066615973,-1.8989676198821712,NONE,BEARISH,7,28.904761904761905,110.45098039215686,0.2616976490578478,5633,8389,22892,15,32,-0.3617021276595745,414224,0.0,0.2406973718449112,0.6031133831829107,False,10,AVOID,moderate ML probability; recent exchange activity; strong ask-side imbalance; no current SMMA crossover; waiting for BidQty > 1M and AskQty > 1M
2026-08-10 13:30:29.528273,NSE:MAXESTATES-EQ,415.15,413.90718738103,405.8142473924774,8.092939988552587,NONE,BULLISH,3,3.0,3.0,1.0,66,109,4283,10,25,-0.4285714285714285,54382,0.0,0.0,0.6029203159918196,False,10,AVOID,moderate ML probability; recent exchange activity; strong ask-side imbalance; no current SMMA crossover; waiting for BidQty > 1M and AskQty > 1M
2026-08-10 13:31:27.475928,NSE:HUHTAMAKI-EQ,284.65,284.91756874553346,280.82559103789526,4.091977707638193,NONE,BULLISH,23,9.909090909090908,19.55555555555556,0.5067148760330578,528,1017,9784,12,5,0.4117647058823529,169572,-0.0877500877500825,-0.1403262585511488,0.6029140438767906,False,25,AVOID,moderate ML probability; recent exchange activity; strong bid-side imbalance; no current SMMA crossover; waiting for BidQty > 1M and AskQty > 1M
2026-08-10 13:31:34.623766,NSE:HEALTHAXIS-EQ,169.6,169.7035968569383,169.68110698071013,0.0224898762281782,NONE,BULLISH,8,8.0,8.0,1.0,832,1220,20786,42,4203,-0.9802120141342756,8387,0.0,0.0,0.6025638674876528,False,10,AVOID,moderate ML probability; recent exchange activity; strong ask-side imbalance; no current SMMA crossover; waiting for BidQty > 1M and AskQty > 1M
2026-08-10 13:31:36.847799,NSE:TNPL-EQ,154.16,154.96140173511114,155.95692339601632,-0.9955216609051832,NONE,BEARISH,27,31.9,61.08571428571429,0.5222170252572497,2138,2510,11390,3,50,-0.8867924528301887,72218,-0.0583468395461972,-0.1683719725424137,0.6024853662221819,False,10,AVOID,moderate ML probability; recent exchange activity; strong ask-side imbalance; no current SMMA crossover; waiting for BidQty > 1M and AskQty > 1M
2026-08-10 13:31:12.345531,NSE:SUPREMEINF-EQ,90.2,90.55666503933446,91.1612255510276,-0.6045605116931512,NONE,BEARISH,116,116.0,116.0,0.0,116,236,3764,3,67,-0.9142857142857144,43151,0.0,0.0,0.6023570712512653,False,10,AVOID,moderate ML probability; recent exchange activity; strong ask-side imbalance; no current SMMA crossover; waiting for BidQty > 1M and AskQty > 1M
2026-08-10 13:31:33.828177,NSE:BLS-EQ,260.08,259.8168049098339,257.6631947308895,2.1536101789444047,NONE,BULLISH,29,54.59756097560975,39.70224719101124,1.375175584216575,7067,20565,58323,35,87,-0.4262295081967213,6187362,-0.0806792423835078,-0.2531257191071612,0.6019503875033012,False,10,AVOID,moderate ML probability; moderate LTQ spike; recent exchange activity; strong ask-side imbalance; no current SMMA crossover; waiting for BidQty > 1M and AskQty > 1M
2026-08-10 13:31:35.118941,NSE:MUFIN-EQ,137.15,137.15294044477963,136.96349231048282,0.1894481342968106,NONE,BULLISH,9,71.92857142857143,79.19354838709677,0.9082630200756474,2455,3141,21948,500,42,0.8450184501845018,350456,0.0729660707770918,-0.1383427988932539,0.6018466856393068,False,25,AVOID,moderate ML probability; recent exchange activity; strong bid-side imbalance; no current SMMA crossover; waiting for BidQty > 1M and AskQty > 1M
2026-08-10 13:21:57.262983,NSE:METROGLOBL-EQ,130.1,130.9078737459341,133.43068166737353,-2.522807921439437,NONE,BEARISH,47,0.0,0.0,0.0,0,94,987,1,15,-0.875,1448,0.0,0.0,0.6018292609911583,False,0,AVOID,moderate ML probability; strong ask-side imbalance; no current SMMA crossover; waiting for BidQty > 1M and AskQty > 1M
2026-08-10 13:28:32.774164,NSE:ALLTIME-EQ,218.25,218.52598911261683,219.1813778775014,-0.6553887648845773,NONE,BEARISH,1,0.0,1.0,0.0,2,475,1096,150,4,0.948051948051948,16590,0.0,0.0779530447542198,0.6018179804945709,False,25,AVOID,moderate ML probability; recent exchange activity; strong bid-side imbalance; no current SMMA crossover; waiting for BidQty > 1M and AskQty > 1M
2026-08-10 13:31:35.811539,NSE:PACEDIGITK-EQ,179.15,178.809776676777,180.3675262327724,-1.5577495559954002,NONE,BEARISH,72,1290.40625,582.0769230769231,2.2168998612395927,45402,50510,74814,36,57,-0.2258064516129032,913056,0.0279173646007935,0.2181696128888077,0.6015956663702758,False,35,AVOID,moderate ML probability; strong LTQ spike; recent exchange activity; no current SMMA crossover; waiting for BidQty > 1M and AskQty > 1M
2026-08-10 13:30:31.163959,NSE:MEGASTAR-EQ,321.0,323.868475309884,329.07423744992093,-5.2057621400369385,NONE,BEARISH,1,1.0,1.0,0.0,2,7,438,6,2,0.5,2605,0.0,0.0,0.6015454407478198,False,25,AVOID,moderate ML probability; recent exchange activity; strong bid-side imbalance; no current SMMA crossover; waiting for BidQty > 1M and AskQty > 1M
2026-08-10 13:31:36.839858,NSE:GAEL-EQ,169.69,170.56403759498943,170.90715677208405,-0.3431191770946213,NONE,BEARISH,10,3.869565217391304,8.644736842105264,0.4476209383892528,657,2455,19075,73,6,0.8481012658227848,485390,0.0058934464874926,-0.0353460972017716,0.6011714783645685,False,25,AVOID,moderate ML probability; recent exchange activity; strong bid-side imbalance; no current SMMA crossover; waiting for BidQty > 1M and AskQty > 1M
2026-08-10 13:31:30.781733,NSE:MBAPL-EQ,163.7,163.37543256069506,160.98260337301164,2.392829187683418,NONE,BULLISH,4,11.0,44.095238095238095,0.2494600431965442,926,1243,10429,79,221,-0.4733333333333333,302897,0.0,0.122324159021403,0.6010472985754586,False,10,AVOID,moderate ML probability; recent exchange activity; strong ask-side imbalance; no current SMMA crossover; waiting for BidQty > 1M and AskQty > 1M
2026-08-10 13:31:16.095853,NSE:VSSL-EQ,343.55,344.39246573280224,343.69837596446087,0.6940897683413709,NONE,BULLISH,13,59.6875,58.56140350877193,1.0192293289394847,3338,3906,9552,17,69,-0.6046511627906976,174355,0.1457513481999628,0.1457513481999628,0.6010439229434699,False,10,AVOID,moderate ML probability; recent exchange activity; strong ask-side imbalance; no current SMMA crossover; waiting for BidQty > 1M and AskQty > 1M
2026-08-10 13:29:31.533878,NSE:SURAJLTD-EQ,220.0,220.87203515093395,221.68852729222445,-0.8164921412905244,NONE,BEARISH,1,0.0,1.0,0.0,1,3,5,6,1,0.7142857142857143,186,0.0,0.0,0.6009643761707744,False,25,AVOID,moderate ML probability; recent exchange activity; strong bid-side imbalance; no current SMMA crossover; waiting for BidQty > 1M and AskQty > 1M
2026-08-10 13:31:31.568160,NSE:GENESYS-EQ,223.9,225.53012389563443,226.96035797803225,-1.4302340823977886,NONE,BEARISH,42,26.529411764705884,18.01923076923077,1.4722832569527278,937,1980,4155,88,8,0.8333333333333334,116435,-0.0223264121455568,0.0223363859727543,0.6009367886621784,False,25,AVOID,moderate ML probability; moderate LTQ spike; recent exchange activity; strong bid-side imbalance; no current SMMA crossover; waiting for BidQty > 1M and AskQty > 1M
2026-08-10 13:29:14.413899,NSE:PAKKA-EQ,71.65,71.77371117857625,72.00022085825061,-0.2265096796743648,NONE,BEARISH,13,0.0,99.8,0.0,499,1899,2483,7,8,-0.0666666666666666,14242,0.0,-0.2089136490250553,0.6008458722891455,False,10,AVOID,moderate ML probability; recent exchange activity; no current SMMA crossover; waiting for BidQty > 1M and AskQty > 1M
2026-08-10 13:31:36.373810,NSE:MANAPPURAM-EQ,367.65,368.6488277683039,368.3220600914848,0.3267676768190313,NONE,BULLISH,9,23.43076923076923,25.20987654320988,0.9294281624350184,4084,6186,54973,72,25,0.4845360824742268,1914458,0.0136017410228284,-0.1764865598696818,0.600791098209642,False,25,AVOID,moderate ML probability; recent exchange activity; strong bid-side imbalance; no current SMMA crossover; waiting for BidQty > 1M and AskQty > 1M
2026-08-10 13:31:29.785134,NSE:STANLEY-EQ,144.02,144.58528760278324,147.13860098376566,-2.5533133809824164,NONE,BEARISH,4,5.888888888888889,3.066666666666667,1.920289855072464,92,805,4038,2,38,-0.9,126053,-0.1178999930646962,-0.0832523935062945,0.6006951515641813,False,35,AVOID,moderate ML probability; strong LTQ spike; recent exchange activity; strong ask-side imbalance; no current SMMA crossover; waiting for BidQty > 1M and AskQty > 1M
2026-08-10 13:31:36.523923,NSE:ZAGGLE-EQ,204.43,205.0446997027157,206.0809462393144,-1.0362465365987248,NONE,BEARISH,10,13.214285714285714,27.82089552238806,0.4749770079705702,1864,4818,20611,42,11,0.5849056603773585,366862,0.0,0.1960496005489309,0.6006240706820395,False,25,AVOID,moderate ML probability; recent exchange activity; strong bid-side imbalance; no current SMMA crossover; waiting for BidQty > 1M and AskQty > 1M
2026-08-10 13:31:34.011168,NSE:GROWWPSUBK-EQ,87.28,87.32935541658287,87.89147336546651,-0.562117948883639,NONE,BEARISH,45,71.94444444444444,37.02439024390244,1.943163519250476,3036,3491,32840,1198,17777,-0.8737285902503293,6546,0.0,0.0,0.6006020075132257,False,35,AVOID,moderate ML probability; strong LTQ spike; recent exchange activity; strong ask-side imbalance; no current SMMA crossover; waiting for BidQty > 1M and AskQty > 1M
2026-08-10 13:31:12.438324,NSE:KRONOX-EQ,166.29,167.2837125742534,165.79393499953002,1.4897775747233766,NONE,BULLISH,50,35.333333333333336,28.428571428571427,1.2428810720268009,398,446,6825,21,10,0.3548387096774194,142453,0.0,0.0,0.6004821173165532,False,25,AVOID,moderate ML probability; moderate LTQ spike; recent exchange activity; strong bid-side imbalance; no current SMMA crossover; waiting for BidQty > 1M and AskQty > 1M
2026-08-10 13:31:24.198820,NSE:ESENSEX-EQ,79.04,79.04108192106129,79.07073842468542,-0.0296565036241247,NONE,BEARISH,6,6.0,6.0,1.0,300,576,1990,7,6,0.0769230769230769,436,0.0,0.0,0.6003402133345802,False,10,AVOID,moderate ML probability; recent exchange activity; no current SMMA crossover; waiting for BidQty > 1M and AskQty > 1M
2026-08-10 13:31:36.528121,NSE:GUJTHEM-EQ,369.5,368.0992754015489,362.2518764276903,5.84739897385856,NONE,BULLISH,100,74.9,77.18518518518519,0.9703934740882918,2084,2147,13069,596,56,0.8282208588957055,75578,-0.0676132521974293,0.3939682108409226,0.6001496393630257,False,25,AVOID,moderate ML probability; recent exchange activity; strong bid-side imbalance; no current SMMA crossover; waiting for BidQty > 1M and AskQty > 1M
2026-08-10 13:31:27.216548,NSE:VIDHIING-EQ,315.55,316.7307731617766,316.8635450783111,-0.1327719165345229,NONE,BEARISH,3,3.0,3.0,1.0,15,24,338,2,1,0.3333333333333333,7915,0.0,0.126923687133118,0.5999898471094722,False,25,AVOID,moderate ML probability; recent exchange activity; strong bid-side imbalance; no current SMMA crossover; waiting for BidQty > 1M and AskQty > 1M
2026-08-10 13:31:27.493661,NSE:MAHLOG-EQ,412.0,412.4520058856611,408.6516858576693,3.8003200279918583,NONE,BULLISH,412,220.35294117647055,110.67647058823528,1.9909646558596863,3763,4015,6696,41,293,-0.7544910179640718,211113,0.0,-0.1333171736759175,0.5999068737177319,False,35,AVOID,moderate ML probability; strong LTQ spike; recent exchange activity; strong ask-side imbalance; no current SMMA crossover; waiting for BidQty > 1M and AskQty > 1M
2026-08-10 13:31:36.803879,NSE:ITAXIS-EQ,349.47,349.218241627279,348.9587000788623,0.2595415484166778,NONE,BULLISH,1,7.477272727272727,8.932692307692308,0.8370682062824151,2787,5271,153229,6,15,-0.4285714285714285,2583041,0.0830517211753312,0.0830517211753312,0.5997633861750203,False,10,AVOID,moderate ML probability; recent exchange activity; strong ask-side imbalance; no current SMMA crossover; waiting for BidQty > 1M and AskQty > 1M
2026-08-10 13:30:48.126451,NSE:NITIRAJ-EQ,206.5,207.1423835907892,208.3129538516156,-1.1705702608264232,NONE,BEARISH,1,1.0,1.0,0.0,2,4,11,12,2,0.7142857142857143,1155,0.0,0.0,0.5995182161140583,False,25,AVOID,moderate ML probability; recent exchange activity; strong bid-side imbalance; no current SMMA crossover; waiting for BidQty > 1M and AskQty > 1M
2026-08-10 13:29:54.174017,NSE:DTIL-EQ,133.11,133.2806905709383,133.06516086171536,0.2155297092229489,NONE,BULLISH,12,12.0,12.0,0.0,36,84,941,25,1,0.9230769230769232,1506,0.0,0.0,0.599424878989074,False,25,AVOID,moderate ML probability; recent exchange activity; strong bid-side imbalance; no current SMMA crossover; waiting for BidQty > 1M and AskQty > 1M
2026-08-10 13:30:25.388295,NSE:BHAGCHEM-EQ,279.2,279.5943231248329,282.96809145141685,-3.3737683265839564,NONE,BEARISH,3,3.0,3.0,0.0,18,33,682,10,4,0.4285714285714285,52598,0.0,0.053753807561363,0.5993123535437499,False,25,AVOID,moderate ML probability; recent exchange activity; strong bid-side imbalance; no current SMMA crossover; waiting for BidQty > 1M and AskQty > 1M
2026-08-10 13:31:36.156167,NSE:GODIGIT-EQ,268.0,268.06770353376845,269.9755661828564,-1.9078626490879171,NONE,BEARISH,7,7.717948717948718,6.530434782608696,1.1818430127351565,751,1367,5290,159,43,0.5742574257425742,94731,0.0,0.0,0.5993038083865643,False,25,AVOID,moderate ML probability; recent exchange activity; strong bid-side imbalance; no current SMMA crossover; waiting for BidQty > 1M and AskQty > 1M
2026-08-10 13:31:36.753917,NSE:MOTHERSON-EQ,169.03,169.26935336247763,168.75645985934645,0.5128935031311812,NONE,BULLISH,1,60.11834319526627,72.57627118644068,0.8283470921346824,29974,49386,140482,392,176,0.380281690140845,22605909,0.0414299242424309,0.0177514792899513,0.5992467896268209,False,25,AVOID,moderate ML probability; recent exchange activity; strong bid-side imbalance; no current SMMA crossover; waiting for BidQty > 1M and AskQty > 1M
2026-08-10 13:31:34.727936,NSE:LICI-EQ,395.0,394.9739691793653,394.0338524981675,0.9401166811978214,NONE,BULLISH,1,42.93103448275862,41.25877192982456,1.0405310792036744,9407,17216,75693,1364,7930,-0.706477297180977,14858832,0.0,0.0,0.5991176689963972,False,10,AVOID,moderate ML probability; recent exchange activity; strong ask-side imbalance; no current SMMA crossover; waiting for BidQty > 1M and AskQty > 1M
2026-08-10 13:31:30.178035,NSE:PCBL-EQ,324.6,324.45842851434736,323.3606910835644,1.0977374307829564,NONE,BULLISH,27,36.34782608695652,37.16326530612245,0.9780579232624216,1821,4155,17934,63,75,-0.0869565217391304,456478,0.0462320850670439,0.0616522811344166,0.5991173045455903,False,10,AVOID,moderate ML probability; recent exchange activity; no current SMMA crossover; waiting for BidQty > 1M and AskQty > 1M
2026-08-10 13:31:34.264055,NSE:BELRISE-EQ,252.66,252.70967490574344,251.25210700583605,1.4575678999073889,NONE,BULLISH,10,61.907407407407405,42.10869565217392,1.4701810742079198,5811,12561,67641,956,151,0.7271906052393857,5427851,-0.0514260848925918,0.0197933573492736,0.5990881913453681,False,25,AVOID,moderate ML probability; moderate LTQ spike; recent exchange activity; strong bid-side imbalance; no current SMMA crossover; waiting for BidQty > 1M and AskQty > 1M
2026-08-10 13:31:36.828095,NSE:FUSION-EQ,207.5,208.4349975870052,207.61802387354703,0.8169737134581396,NONE,BULLISH,31,60.9,33.559322033898304,1.8146969696969697,1980,4779,44156,61,67,-0.046875,434744,-0.1539794052545451,-0.2403846153846145,0.5989845195522028,False,35,AVOID,moderate ML probability; strong LTQ spike; recent exchange activity; no current SMMA crossover; waiting for BidQty > 1M and AskQty > 1M
2026-08-10 13:31:34.978042,NSE:PARADEEP-EQ,150.83,150.82786793088158,150.6443843345923,0.1834835962892782,NONE,BULLISH,100,56.88095238095238,61.204081632653065,0.9293653440035566,5998,18143,70542,73,54,0.1496062992125984,3158549,-0.0265128918936818,0.0796231172450534,0.5989741733700842,False,10,AVOID,moderate ML probability; recent exchange activity; no current SMMA crossover; waiting for BidQty > 1M and AskQty > 1M
2026-08-10 13:31:36.317025,NSE:INDRAMEDCO-EQ,391.05,390.6763803978959,385.6541201563082,5.022260241587674,NONE,BULLISH,5,53.44,43.1764705882353,1.2377111716621252,2936,4964,32684,102,120,-0.081081081081081,409236,-0.0383435582822055,-0.0255656397801229,0.5984998355807715,False,10,AVOID,moderate ML probability; moderate LTQ spike; recent exchange activity; no current SMMA crossover; waiting for BidQty > 1M and AskQty > 1M
2026-08-10 13:31:33.243738,NSE:EMMVEE-EQ,326.3,325.79230483076645,323.7085229328034,2.083781897963036,NONE,BULLISH,8,162.42307692307693,129.57777777777778,1.2534794137435197,17493,25096,73478,70,151,-0.3665158371040724,3158657,0.1073784322748849,0.0153256704980897,0.5984495638960177,False,10,AVOID,moderate ML probability; moderate LTQ spike; recent exchange activity; strong ask-side imbalance; no current SMMA crossover; waiting for BidQty > 1M and AskQty > 1M
2026-08-10 13:31:34.663822,NSE:CAMLINFINE-EQ,124.31,125.0627449777956,126.17621183530636,-1.113466857510744,NONE,BEARISH,58,44.82608695652174,22.821428571428573,1.964210383071375,1278,7101,15372,100,40,0.4285714285714285,446066,-0.1766642576086052,-0.1205206492045585,0.5983333006834827,False,50,AVOID,moderate ML probability; strong LTQ spike; recent exchange activity; strong bid-side imbalance; no current SMMA crossover; waiting for BidQty > 1M and AskQty > 1M
2026-08-10 13:31:34.853998,NSE:ABFRL-EQ,61.06,61.01558871468767,61.76538059000762,-0.7497918753199571,NONE,BEARISH,65,300.8269230769231,220.15079365079364,1.366458499141725,27739,54555,388161,1000,291,0.5491866769945778,26520978,-0.0654664484451728,0.0,0.598276931500016,False,25,AVOID,moderate ML probability; moderate LTQ spike; recent exchange activity; strong bid-side imbalance; no current SMMA crossover; waiting for BidQty > 1M and AskQty > 1M
2026-08-10 13:31:20.761219,NSE:VAIBHAVGBL-EQ,239.9,239.74904455777784,241.37652278981568,-1.6274782320378165,NONE,BEARISH,21,75.46153846153847,58.45161290322581,1.2910086602139583,1812,3364,22004,1,5,-0.6666666666666666,291864,0.0,0.1461072844917588,0.598242259271266,False,10,AVOID,moderate ML probability; moderate LTQ spike; recent exchange activity; strong ask-side imbalance; no current SMMA crossover; waiting for BidQty > 1M and AskQty > 1M
2026-08-10 13:31:36.383946,NSE:VEDL-EQ,285.0,284.9203982463412,281.1052903868632,3.815107859478019,NONE,BULLISH,1,42.44578313253012,70.1906976744186,0.6047209179970827,15091,52456,274968,100,1856,-0.8977505112474438,21187274,-0.0526038926880523,0.0,0.5978340756585333,False,10,AVOID,moderate ML probability; recent exchange activity; strong ask-side imbalance; no current SMMA crossover; waiting for BidQty > 1M and AskQty > 1M
2026-08-10 13:31:21.833638,NSE:HIKAL-EQ,222.54,222.4059596820553,224.4001591845783,-1.9941995025229744,NONE,BEARISH,17,110.23076923076924,101.875,1.0820198206701277,3260,4339,7704,7,20,-0.4814814814814814,107893,0.035961521172334,-0.0897907874652159,0.5976616978221428,False,10,AVOID,moderate ML probability; recent exchange activity; strong ask-side imbalance; no current SMMA crossover; waiting for BidQty > 1M and AskQty > 1M
2026-08-10 13:31:21.663885,NSE:TRUALT-EQ,475.45,475.37770335689584,476.133949685777,-0.7562463288811614,NONE,BEARISH,5,92.23076923076924,70.29787234042553,1.3119994412367293,3304,4614,8385,4,20,-0.6666666666666666,243138,0.0,-0.3980307950141482,0.5976433177829883,False,10,AVOID,moderate ML probability; moderate LTQ spike; recent exchange activity; strong ask-side imbalance; no current SMMA crossover; waiting for BidQty > 1M and AskQty > 1M
2026-08-10 13:31:23.061830,NSE:LICMFGOLD-EQ,136.1,135.93456669849846,135.11754164342884,0.817025055069621,NONE,BULLISH,5,74.0,261.0,0.2835249042145594,3915,3926,6192,2,432,-0.9907834101382488,208675,0.0,-0.0734214390602061,0.5974101753460973,False,10,AVOID,moderate ML probability; recent exchange activity; strong ask-side imbalance; no current SMMA crossover; waiting for BidQty > 1M and AskQty > 1M
2026-08-10 13:31:34.616217,NSE:PNCINFRA-EQ,226.22,226.42566972165463,225.50672415192176,0.9189455697328696,NONE,BULLISH,1,2.333333333333333,3.357142857142857,0.6950354609929078,235,502,3817,1038,1957,-0.3068447412353923,1170072,-0.0662631974201577,-0.0706776216980231,0.5972041033267177,False,10,AVOID,moderate ML probability; recent exchange activity; strong ask-side imbalance; no current SMMA crossover; waiting for BidQty > 1M and AskQty > 1M
2026-08-10 13:31:21.828683,NSE:HARSHA-EQ,428.65,428.7465281515974,427.02398187604985,1.7225462755475291,NONE,BULLISH,10,22.75,33.88461538461539,0.6713961407491487,881,979,12581,72,156,-0.3684210526315789,254020,0.0,-0.0815850815850893,0.5971070237821264,False,10,AVOID,moderate ML probability; recent exchange activity; strong ask-side imbalance; no current SMMA crossover; waiting for BidQty > 1M and AskQty > 1M
2026-08-10 13:31:08.363679,NSE:MUKANDLTD-EQ,141.48,141.7309302786788,142.74095183078114,-1.01002155210233,NONE,BEARISH,5,5.0,5.0,0.0,15,49,4155,15,39,-0.4444444444444444,89294,0.0,0.134475192865735,0.5970040170220745,False,10,AVOID,moderate ML probability; recent exchange activity; strong ask-side imbalance; no current SMMA crossover; waiting for BidQty > 1M and AskQty > 1M
2026-08-10 13:31:35.163875,NSE:STALLION-EQ,252.8,252.47811473349012,256.77167728167205,-4.29356254818191,NONE,BEARISH,30,16.037037037037038,46.51136363636363,0.3447982553772928,4093,5560,30157,5,5,0.0,1336243,-0.0987947046038328,-0.1382579498321101,0.5966128541088175,False,10,AVOID,moderate ML probability; recent exchange activity; no current SMMA crossover; waiting for BidQty > 1M and AskQty > 1M
2026-08-10 13:31:31.564139,NSE:LINC-EQ,99.01,99.27250567791135,99.61729844700716,-0.3447927690958039,NONE,BEARISH,41,41.0,25.823529411764707,1.5876993166287017,1317,1484,2038,4,2,0.3333333333333333,16760,0.0,-0.67215088282504,0.5963022779467494,False,50,AVOID,moderate ML probability; strong LTQ spike; recent exchange activity; strong bid-side imbalance; no current SMMA crossover; waiting for BidQty > 1M and AskQty > 1M
2026-08-10 13:31:34.857994,NSE:NCLIND-EQ,174.2,174.1117189665078,176.2978767572369,-2.1861577907291405,NONE,BEARISH,1,1.0,1.0,1.0,31,246,581,4876,27,0.9889863348970018,75744,0.0,0.0,0.5962738963851828,False,25,AVOID,moderate ML probability; recent exchange activity; strong bid-side imbalance; no current SMMA crossover; waiting for BidQty > 1M and AskQty > 1M
2026-08-10 13:31:34.958276,NSE:BHEL-EQ,408.25,407.7218363491401,407.56451933957607,0.1573170095640534,NONE,BULLISH,3,25.511904761904763,43.6864406779661,0.5839776453743476,10310,22131,62527,104,426,-0.6075471698113207,3270564,-0.0244887963756657,0.0,0.5961556920377878,False,10,AVOID,moderate ML probability; recent exchange activity; strong ask-side imbalance; no current SMMA crossover; waiting for BidQty > 1M and AskQty > 1M
2026-08-10 13:31:34.924007,NSE:MRPL-EQ,163.4,163.46275594708544,164.96894665428658,-1.5061907072011422,NONE,BEARISH,1,154.29268292682926,81.01923076923077,1.9043958016128937,8426,14035,60051,1482,1024,0.1827613727055068,1680860,0.0306091215182213,-0.0061195765252985,0.5959483715428214,False,35,AVOID,moderate ML probability; strong LTQ spike; recent exchange activity; no current SMMA crossover; waiting for BidQty > 1M and AskQty > 1M
2026-08-10 13:31:07.763920,NSE:GREENPANEL-EQ,191.05,191.1814913874099,191.86356462903893,-0.6820732416290411,NONE,BEARISH,1,3.8,3.56,1.0674157303370786,89,122,1962,2,3,-0.2,139351,0.0,-0.1619983277591941,0.5958070444640322,False,10,AVOID,moderate ML probability; recent exchange activity; no current SMMA crossover; waiting for BidQty > 1M and AskQty > 1M
2026-08-10 13:31:24.761096,NSE:ENEXT50-EQ,74.23,74.28164608648567,74.39253044809108,-0.1108843616054144,NONE,BEARISH,842,842.0,842.0,1.0,39574,57256,166772,29149,725,0.9514628104706434,967,0.0,0.0,0.5956687372361525,False,25,AVOID,moderate ML probability; recent exchange activity; strong bid-side imbalance; no current SMMA crossover; waiting for BidQty > 1M and AskQty > 1M
2026-08-10 13:31:35.843948,NSE:VIKRAMSOLR-EQ,160.3,160.31185523527202,161.7867815102361,-1.4749262749640764,NONE,BEARISH,7,59.60416666666666,51.40458015267176,1.1595108157608158,6734,16141,78773,13,153,-0.8433734939759037,4090258,-0.0748036404438212,-0.1681509621971666,0.5954480472484608,False,10,AVOID,moderate ML probability; recent exchange activity; strong ask-side imbalance; no current SMMA crossover; waiting for BidQty > 1M and AskQty > 1M
2026-08-10 13:31:36.172264,NSE:PENIND-EQ,161.11,161.6439257722211,161.0058732740566,0.6380524981645124,NONE,BULLISH,3655,2746.25,1333.96,2.058719901646226,33349,33740,36962,24,167,-0.7486910994764397,201209,-0.1177929324240545,-0.2105915144007264,0.5954431929548929,False,35,AVOID,moderate ML probability; strong LTQ spike; recent exchange activity; strong ask-side imbalance; no current SMMA crossover; waiting for BidQty > 1M and AskQty > 1M
2026-08-10 13:31:36.795403,NSE:INOXWIND-EQ,74.65,74.65439775937412,76.16962536670015,-1.5152276073260251,NONE,BEARISH,40,122.904,138.02640264026402,0.8904383338912534,41822,76443,309718,663,577,0.0693548387096774,42421622,0.0402036987402931,0.2147939320714442,0.5951978869419043,False,10,AVOID,moderate ML probability; recent exchange activity; no current SMMA crossover; waiting for BidQty > 1M and AskQty > 1M
2026-08-10 13:28:44.193934,NSE:NATHBIOGEN-EQ,156.79,157.00480346379658,157.49152912282256,-0.4867256590259785,NONE,BEARISH,11,0.0,11.0,0.0,44,88,518,64,5,0.855072463768116,16377,0.0,0.0255183413078174,0.5948082697114588,False,25,AVOID,moderate ML probability; recent exchange activity; strong bid-side imbalance; no current SMMA crossover; waiting for BidQty > 1M and AskQty > 1M
2026-08-10 13:31:21.767774,NSE:GODAVARIB-EQ,241.25,242.1474625341407,244.49779895100303,-2.350336416862348,NONE,BEARISH,59,52.2,29.227272727272727,1.7860031104199068,643,968,1832,41,14,0.4909090909090909,172268,0.0,-0.082832884655204,0.5944316723581344,False,50,AVOID,moderate ML probability; strong LTQ spike; recent exchange activity; strong bid-side imbalance; no current SMMA crossover; waiting for BidQty > 1M and AskQty > 1M
2026-08-10 13:31:32.447998,NSE:NV20BEES-EQ,142.46,142.60287681099138,142.78533969376934,-0.182462882777969,NONE,BEARISH,22,22.0,22.0,1.0,2486,4272,26148,28,196,-0.75,11304,0.0,0.0,0.5944092530014672,False,10,AVOID,moderate ML probability; recent exchange activity; strong ask-side imbalance; no current SMMA crossover; waiting for BidQty > 1M and AskQty > 1M
2026-08-10 13:31:36.499974,NSE:FINPIPE-EQ,161.3,161.24627729599084,162.67099357294595,-1.4247162769551096,NONE,BEARISH,1,9.309090909090909,5.669291338582677,1.642020202020202,720,979,3405,776,19,0.9522012578616352,450471,0.0,0.0062000124000372,0.5943164950232149,False,50,AVOID,moderate ML probability; strong LTQ spike; recent exchange activity; strong bid-side imbalance; no current SMMA crossover; waiting for BidQty > 1M and AskQty > 1M
2026-08-10 13:31:33.323933,NSE:LAXMIDENTL-EQ,216.8,217.22862983851508,216.69993684685045,0.5286929916646272,NONE,BULLISH,6,6.0,110.76744186046513,0.0541675414654629,4763,6763,8819,46,14,0.5333333333333333,65809,-0.0921658986175022,-0.0461041954817886,0.5943143427219129,False,25,AVOID,moderate ML probability; recent exchange activity; strong bid-side imbalance; no current SMMA crossover; waiting for BidQty > 1M and AskQty > 1M
2026-08-10 13:31:07.414578,NSE:PARAGMILK-EQ,220.97,221.31166973061377,221.7751290000713,-0.4634592694575303,NONE,BEARISH,9,9.4,64.19047619047619,0.1464391691394659,2696,3097,11162,24,7,0.5483870967741935,346197,0.0,-0.3292737934145195,0.5941642376256642,False,25,AVOID,moderate ML probability; recent exchange activity; strong bid-side imbalance; no current SMMA crossover; waiting for BidQty > 1M and AskQty > 1M
2026-08-10 13:31:36.845786,NSE:MEDIASSIST-EQ,353.6,353.9869857953108,358.11364433029973,-4.126658534988962,NONE,BEARISH,5,19.26315789473684,14.193548387096774,1.357177033492823,880,2347,8282,13,2,0.7333333333333333,422994,-0.1834862385321045,-0.2398081534772056,0.5939172072591811,False,25,AVOID,moderate ML probability; moderate LTQ spike; recent exchange activity; strong bid-side imbalance; no current SMMA crossover; waiting for BidQty > 1M and AskQty > 1M
2026-08-10 13:31:36.397729,NSE:BANDHANBNK-EQ,173.8,173.55247896226146,175.07615717051144,-1.5236782082499758,NONE,BEARISH,37,20.445945945945947,46.1767955801105,0.4427753309662857,8358,20485,133610,184,203,-0.0490956072351421,3746582,0.0172641998043454,-0.0230096640589039,0.5938647692659587,False,10,AVOID,moderate ML probability; recent exchange activity; no current SMMA crossover; waiting for BidQty > 1M and AskQty > 1M
2026-08-10 13:31:32.673906,NSE:IGARASHI-EQ,470.0,467.9668203054412,466.4717584266696,1.495061878771594,NONE,BULLISH,1,39.833333333333336,23.866666666666667,1.6689944134078214,1790,3354,9835,131,10,0.8581560283687943,127946,0.0,0.0638705556738283,0.593834449630996,False,50,AVOID,moderate ML probability; strong LTQ spike; recent exchange activity; strong bid-side imbalance; no current SMMA crossover; waiting for BidQty > 1M and AskQty > 1M
2026-08-10 13:31:12.310269,NSE:SHREYANIND-EQ,142.5,142.10999831176943,142.24868501479045,-0.1386867030210226,NONE,BEARISH,107,107.0,87.25,1.2263610315186246,698,1276,1414,9,20,-0.3793103448275862,957,0.0,0.3521126760563486,0.5936491596307522,False,10,AVOID,moderate ML probability; moderate LTQ spike; recent exchange activity; strong ask-side imbalance; no current SMMA crossover; waiting for BidQty > 1M and AskQty > 1M
2026-08-10 13:31:00.833672,NSE:TVSSCS-EQ,130.15,130.71211243718568,132.57949664377674,-1.8673842065910549,NONE,BEARISH,2,38.75,143.38235294117646,0.2702564102564103,4875,12023,28281,10,9,0.0526315789473684,392908,0.0,-0.0153645233156529,0.5936089861711593,False,10,AVOID,moderate ML probability; recent exchange activity; no current SMMA crossover; waiting for BidQty > 1M and AskQty > 1M
2026-08-10 13:31:29.343733,NSE:ACMESOLAR-EQ,364.3,364.41404519228126,366.3344996792186,-1.9204544869373308,NONE,BEARISH,7,15.657142857142857,12.738636363636363,1.2291066649675035,1121,6197,13841,247,21,0.8432835820895522,342886,-0.0274423710208471,-0.2191180498493539,0.5935249160809695,False,25,AVOID,moderate ML probability; moderate LTQ spike; recent exchange activity; strong bid-side imbalance; no current SMMA crossover; waiting for BidQty > 1M and AskQty > 1M
2026-08-10 13:31:13.724097,NSE:IITL-EQ,147.4,146.98580187821042,145.56821472985706,1.4175871483533626,NONE,BULLISH,3300,3300.0,3300.0,1.0,23100,42979,43061,6,36,-0.7142857142857143,92307,0.0,0.1290673187962721,0.593523507733108,False,10,AVOID,moderate ML probability; recent exchange activity; strong ask-side imbalance; no current SMMA crossover; waiting for BidQty > 1M and AskQty > 1M
2026-08-10 13:31:30.943851,NSE:TRANSRAILL-EQ,479.85,478.6366850549793,476.0208918491063,2.61579320587299,NONE,BULLISH,6,12.285714285714286,13.104166666666666,0.9375425846014084,629,2263,12539,15,29,-0.3181818181818182,292568,-0.124882922260372,-0.0312499999999937,0.593380274751668,False,10,AVOID,moderate ML probability; recent exchange activity; strong ask-side imbalance; no current SMMA crossover; waiting for BidQty > 1M and AskQty > 1M
2026-08-10 13:31:36.425710,NSE:INDSWFTLAB-EQ,239.23,238.4078195446575,234.4106663408702,3.99715320378732,NONE,BULLISH,14,31.32258064516129,42.83606557377049,0.7312198313642705,2613,4167,15664,32,106,-0.5362318840579711,724432,-0.0083594566353206,0.7284210526315782,0.5932515311614566,False,10,AVOID,moderate ML probability; recent exchange activity; strong ask-side imbalance; no current SMMA crossover; waiting for BidQty > 1M and AskQty > 1M
2026-08-10 13:30:20.997413,NSE:SILINV-EQ,440.0,438.41906380032793,440.0720806365011,-1.6530168361731512,NONE,BEARISH,25,25.0,25.0,0.0,75,275,979,4,2,0.3333333333333333,909,0.0,0.0,0.5932079817276771,False,25,AVOID,moderate ML probability; recent exchange activity; strong bid-side imbalance; no current SMMA crossover; waiting for BidQty > 1M and AskQty > 1M
2026-08-10 13:28:40.017651,NSE:NAHARCAP-EQ,266.0,265.7066963354639,266.3321055623496,-0.6254092268857221,NONE,BEARISH,25,0.0,25.0,0.0,25,152,3945,1,21,-0.9090909090909092,4662,0.0,0.3773584905660376,0.5931133862894781,False,10,AVOID,moderate ML probability; recent exchange activity; strong ask-side imbalance; no current SMMA crossover; waiting for BidQty > 1M and AskQty > 1M
2026-08-10 13:31:36.728169,NSE:VSTIND-EQ,219.78,219.8524900011234,219.897828250306,-0.0453382491826062,NONE,BEARISH,4,5.5625,22.869565217391305,0.243227186311787,1052,5161,15976,29,94,-0.5284552845528455,80621,0.0,-0.0545702592087304,0.5928998601662577,False,10,AVOID,moderate ML probability; recent exchange activity; strong ask-side imbalance; no current SMMA crossover; waiting for BidQty > 1M and AskQty > 1M
2026-08-10 13:31:30.033932,NSE:SPANDANA-EQ,255.4,255.5168207520897,256.7537788918316,-1.236958139741887,NONE,BEARISH,2,6.4,9.35897435897436,0.6838356164383562,365,1595,7098,2,4,-0.3333333333333333,156966,0.0,0.2354788069073743,0.5928153356298624,False,10,AVOID,moderate ML probability; recent exchange activity; strong ask-side imbalance; no current SMMA crossover; waiting for BidQty > 1M and AskQty > 1M
2026-08-10 13:31:36.417841,NSE:SENCO-EQ,400.15,400.1884783597786,395.5758337840636,4.6126445757150805,NONE,BULLISH,4,12.448979591836734,10.962616822429906,1.1355846686500688,1173,2838,48592,40,69,-0.2660550458715596,1300204,-0.0499562882477988,0.0875437718859339,0.5925064726456034,False,10,AVOID,moderate ML probability; recent exchange activity; no current SMMA crossover; waiting for BidQty > 1M and AskQty > 1M
2026-08-10 13:30:11.191988,NSE:MALUPAPER-EQ,32.35,32.78506122111538,32.71557307881598,0.0694881422993987,NONE,BULLISH,1,1.0,1.0,0.0,6,9,47,1,50,-0.9607843137254902,12570,0.0,-2.088377723970936,0.5922049135931523,False,10,AVOID,moderate ML probability; recent exchange activity; strong ask-side imbalance; no current SMMA crossover; waiting for BidQty > 1M and AskQty > 1M
2026-08-10 13:29:04.520220,NSE:TEAMGTY-EQ,223.99,222.69242973296227,222.73171681160284,-0.0392870786405694,NONE,BEARISH,1,0.0,1.0,0.0,1,5,132,59,4,0.873015873015873,1364,0.0,-0.4001956512072468,0.5919248865028733,False,25,AVOID,moderate ML probability; recent exchange activity; strong bid-side imbalance; no current SMMA crossover; waiting for BidQty > 1M and AskQty > 1M
2026-08-10 13:31:34.413726,NSE:HDFCPSUBK-EQ,87.62,87.76162601073293,88.24501227791934,-0.4833862671864182,NONE,BEARISH,22,9.829787234042554,12.15929203539823,0.808417727399424,1374,38811,272644,195082,137,0.9985964480916304,224172,0.0,-0.0114116170261246,0.5915234564314253,False,25,AVOID,moderate ML probability; recent exchange activity; strong bid-side imbalance; no current SMMA crossover; waiting for BidQty > 1M and AskQty > 1M
2026-08-10 13:31:30.033932,NSE:INDOTHAI-EQ,94.62,94.6509737160262,96.79051208314188,-2.139538367115705,NONE,BEARISH,1000,519.0,351.2,1.4777904328018223,5268,6353,118958,0,4663637,-1.0,215632,0.0,0.0,0.5912239969546307,False,10,AVOID,moderate ML probability; moderate LTQ spike; recent exchange activity; strong ask-side imbalance; no current SMMA crossover; waiting for BidQty > 1M and AskQty > 1M
2026-08-10 13:30:50.153949,NSE:AARON-EQ,138.39,138.00575908125808,136.0210265783034,1.984732502954671,NONE,BULLISH,2,5.714285714285714,4.666666666666667,1.2244897959183674,42,49,534,8,5,0.2307692307692307,18426,-0.0072254335260257,0.9261960326720996,0.5912170657590549,False,10,AVOID,moderate ML probability; moderate LTQ spike; recent exchange activity; no current SMMA crossover; waiting for BidQty > 1M and AskQty > 1M
2026-08-10 13:31:35.093908,NSE:NAZARA-EQ,354.1,355.0474187729596,353.95949013210384,1.0879286408557505,NONE,BULLISH,1,111.06666666666666,108.05555555555556,1.027866323907455,7780,10504,39085,135,125,0.0384615384615384,2661547,-0.0282326369282825,-0.042342978122789,0.5911803066270617,False,10,AVOID,moderate ML probability; recent exchange activity; no current SMMA crossover; waiting for BidQty > 1M and AskQty > 1M
2026-08-10 13:29:20.218055,NSE:AHLEAST-EQ,143.0,143.0606096217271,143.1850275656497,-0.1244179439225945,NONE,BEARISH,1,0.0,1.0,0.0,2,606,7250,1066,13,0.9759036144578314,3948,0.0,0.0,0.5911250948702939,False,25,AVOID,moderate ML probability; recent exchange activity; strong bid-side imbalance; no current SMMA crossover; waiting for BidQty > 1M and AskQty > 1M
2026-08-10 13:31:11.136552,NSE:ANUHPHR-EQ,77.97,78.01676977115619,78.74737984386442,-0.730610072708231,NONE,BEARISH,1,8.6,12.538461538461538,0.6858895705521472,163,9364,10478,600,48,0.8518518518518519,86674,0.0128270908158034,-0.0128238009746151,0.590996065652428,False,25,AVOID,moderate ML probability; recent exchange activity; strong bid-side imbalance; no current SMMA crossover; waiting for BidQty > 1M and AskQty > 1M
2026-08-10 13:31:35.193738,NSE:MARINE-EQ,353.55,352.0458335844785,344.8993357574008,7.146497827077667,NONE,BULLISH,8,46.54347826086956,38.16216216216216,1.2196237221332675,4236,15006,39462,14,40,-0.4814814814814814,1364138,-0.1130103121909864,0.1132663174288728,0.5909066905153553,False,10,AVOID,moderate ML probability; moderate LTQ spike; recent exchange activity; strong ask-side imbalance; no current SMMA crossover; waiting for BidQty > 1M and AskQty > 1M
2026-08-10 13:31:32.673906,NSE:NETF-EQ,267.8,267.739868891748,268.084505246403,-0.3446363546550515,NONE,BEARISH,40,31.162790697674417,40.21153846153846,0.7749713612047201,4182,6912,48036,62421,5,0.9998398103354372,1989,0.0,0.3146538807311971,0.5908322959614654,False,25,AVOID,moderate ML probability; recent exchange activity; strong bid-side imbalance; no current SMMA crossover; waiting for BidQty > 1M and AskQty > 1M
2026-08-10 13:31:36.224107,NSE:VBL-EQ,445.0,445.11827292937545,443.9820164354469,1.1362564939285562,NONE,BULLISH,2,17.68918918918919,19.038251366120218,0.9291393862289384,3484,7051,28705,214,76,0.4758620689655172,1195791,0.0337192312015233,-0.0224668613794665,0.5905850240258479,False,25,AVOID,moderate ML probability; recent exchange activity; strong bid-side imbalance; no current SMMA crossover; waiting for BidQty > 1M and AskQty > 1M
2026-08-10 13:21:58.062470,NSE:DONEAR-EQ,83.75,83.8794515102996,84.29232345216305,-0.4128719418634432,NONE,BEARISH,4,0.0,0.0,0.0,0,8,145,7,62,-0.7971014492753623,4955,0.0,0.0,0.5904714944465265,False,0,AVOID,moderate ML probability; strong ask-side imbalance; no current SMMA crossover; waiting for BidQty > 1M and AskQty > 1M
2026-08-10 13:31:06.447864,NSE:5PAISA-EQ,381.75,382.77160738238325,376.40761347923416,6.363993903149094,NONE,BULLISH,16,11.5,8.588235294117647,1.339041095890411,146,920,6047,123,4,0.937007874015748,93418,-0.0130958617077014,0.0130992926381967,0.5893593220792164,False,25,AVOID,moderate ML probability; moderate LTQ spike; recent exchange activity; strong bid-side imbalance; no current SMMA crossover; waiting for BidQty > 1M and AskQty > 1M
2026-08-10 13:31:27.294022,NSE:DLINKINDIA-EQ,436.8,436.7507525812615,440.2658391727919,-3.5150865915304053,NONE,BEARISH,18,20.0,15.588235294117649,1.2830188679245282,530,1099,4226,1,1,0.0,57524,0.0,-0.0343288705801581,0.5891921874340181,False,10,AVOID,moderate ML probability; moderate LTQ spike; recent exchange activity; no current SMMA crossover; waiting for BidQty > 1M and AskQty > 1M
2026-08-10 13:31:36.183888,NSE:SURYAROSNI-EQ,247.1,247.4721354618519,249.8988551526193,-2.4267196907673565,NONE,BEARISH,8,62.47916666666666,29.432,2.122831158829392,3679,5020,11551,797,53,0.8752941176470588,364839,-0.0040467807858934,-0.0485397621551642,0.5891728063663455,False,50,AVOID,moderate ML probability; strong LTQ spike; recent exchange activity; strong bid-side imbalance; no current SMMA crossover; waiting for BidQty > 1M and AskQty > 1M
2026-08-10 13:31:28.834876,NSE:OSWALPUMPS-EQ,309.15,309.6607424339043,316.4860460930176,-6.825303659113274,NONE,BEARISH,15,28.96969696969697,33.75268817204301,0.8582930290480466,3139,7136,28792,96,6,0.8823529411764706,1214363,-0.1614726303891478,-0.2098127824402995,0.5890831089605426,False,25,AVOID,moderate ML probability; recent exchange activity; strong bid-side imbalance; no current SMMA crossover; waiting for BidQty > 1M and AskQty > 1M
2026-08-10 13:31:30.224098,NSE:AARTIDRUGS-EQ,421.25,420.84345604691686,418.7650203074884,2.078435739428471,NONE,BULLISH,20,17.85185185185185,16.763636363636362,1.0649152406202298,922,1148,13597,2,7,-0.5555555555555556,137472,0.0,0.0356209926383188,0.5889924108551178,False,10,AVOID,moderate ML probability; recent exchange activity; strong ask-side imbalance; no current SMMA crossover; waiting for BidQty > 1M and AskQty > 1M
2026-08-10 13:31:36.443912,NSE:IGL-EQ,152.3,152.26901649679792,152.15049742984576,0.1185190669521603,NONE,BULLISH,5,42.392857142857146,34.453125,1.2304502753482347,2205,3869,15399,19,143,-0.7654320987654321,797740,0.0,0.0657030223390364,0.588939798007479,False,10,AVOID,moderate ML probability; moderate LTQ spike; recent exchange activity; strong ask-side imbalance; no current SMMA crossover; waiting for BidQty > 1M and AskQty > 1M
2026-08-10 13:31:17.243941,NSE:MANCREDIT-EQ,235.69,235.50662534300247,238.7153924018344,-3.2087670588319384,NONE,BEARISH,2,2.0,2.0,1.0,42,540,7456,2,4,-0.3333333333333333,238246,0.0,0.0,0.5886097799072673,False,10,AVOID,moderate ML probability; recent exchange activity; strong ask-side imbalance; no current SMMA crossover; waiting for BidQty > 1M and AskQty > 1M
2026-08-10 13:31:33.993784,NSE:GOLDETF-EQ,146.6,146.6178557897437,145.9400214876974,0.6778343020462785,NONE,BULLISH,7,30.14,51.29365079365079,0.5875970911341483,6463,34537,100360,550,80601,-0.9864450222424862,1262078,0.0,0.0,0.5884404660972019,False,10,AVOID,moderate ML probability; recent exchange activity; strong ask-side imbalance; no current SMMA crossover; waiting for BidQty > 1M and AskQty > 1M
2026-08-10 13:31:36.197891,NSE:PFOCUS-EQ,284.15,284.29519292056824,286.1150002689681,-1.819807348399877,NONE,BEARISH,1,11.571428571428571,12.157894736842104,0.9517625231910948,693,2206,8430,20,7,0.4814814814814814,209456,0.0528169014084367,0.1056896248018191,0.5880603580411005,False,25,AVOID,moderate ML probability; recent exchange activity; strong bid-side imbalance; no current SMMA crossover; waiting for BidQty > 1M and AskQty > 1M
2026-08-10 13:31:34.893769,NSE:AYE-EQ,176.52,176.46809965404594,173.5703065945678,2.897793059478147,NONE,BULLISH,20,12.93103448275862,10.958333333333334,1.1800183558410908,789,4427,42296,13,8,0.238095238095238,581238,0.0,-0.1583710407239813,0.5880006267835599,False,10,AVOID,moderate ML probability; recent exchange activity; no current SMMA crossover; waiting for BidQty > 1M and AskQty > 1M
2026-08-10 13:31:20.948257,NSE:SOLARWORLD-EQ,166.85,166.9690158258436,167.93729895899187,-0.968283133148276,NONE,BEARISH,4,15.090909090909092,15.357142857142858,0.9826638477801268,430,716,13201,8,20,-0.4285714285714285,132747,0.0419714594076081,-0.0359475166257228,0.5879788712670555,False,10,AVOID,moderate ML probability; recent exchange activity; strong ask-side imbalance; no current SMMA crossover; waiting for BidQty > 1M and AskQty > 1M
2026-08-10 13:31:34.576490,NSE:PSUBNKIETF-EQ,87.9,88.03864773593709,88.44807258895598,-0.4094248530188906,NONE,BEARISH,995,394.5813953488372,140.03252032520325,2.8177840006913013,17224,27023,138651,75,788,-0.8261877172653534,102692,0.0,0.0,0.58771451120998,False,35,AVOID,moderate ML probability; strong LTQ spike; recent exchange activity; strong ask-side imbalance; no current SMMA crossover; waiting for BidQty > 1M and AskQty > 1M
2026-08-10 13:30:50.949444,NSE:OSWALAGRO-EQ,39.0,38.75504702716952,39.43470294057885,-0.6796559134093343,NONE,BEARISH,12,56.0,118.625,0.4720758693361433,1898,3434,6081,7336,40,0.9891540130151844,102236,0.0,-0.8894536213468918,0.5875073448289787,False,25,AVOID,moderate ML probability; recent exchange activity; strong bid-side imbalance; no current SMMA crossover; waiting for BidQty > 1M and AskQty > 1M
2026-08-10 13:31:33.263847,NSE:MOM50-EQ,258.06,257.5923118293215,258.0072346634247,-0.4149228341032085,NONE,BEARISH,1,2.125,6.926829268292683,0.3067781690140845,568,1228,6677,500,24386,-0.9598167644458732,1609,0.0,0.3538790589150409,0.5871890532864653,False,10,AVOID,moderate ML probability; recent exchange activity; strong ask-side imbalance; no current SMMA crossover; waiting for BidQty > 1M and AskQty > 1M
2026-08-10 13:31:30.441804,NSE:NUVOCO-EQ,339.85,340.17225210129766,342.8602734089858,-2.688021307688132,NONE,BEARISH,2,8.583333333333334,12.540983606557376,0.6844226579520697,765,2157,6997,11,34,-0.5111111111111111,236249,0.0,0.0883522308938289,0.5864634426382246,False,10,AVOID,moderate ML probability; recent exchange activity; strong ask-side imbalance; no current SMMA crossover; waiting for BidQty > 1M and AskQty > 1M
2026-08-10 13:31:36.203692,NSE:TMCV-EQ,454.55,454.99716229916027,454.6930155229358,0.3041467762244565,NONE,BULLISH,51,37.196969696969695,34.88235294117647,1.0663549491542743,5930,10871,38947,14,499,-0.9454191033138402,3502931,-0.0109986801583805,-0.0329887838135034,0.5864322547538741,False,10,AVOID,moderate ML probability; recent exchange activity; strong ask-side imbalance; no current SMMA crossover; waiting for BidQty > 1M and AskQty > 1M
2026-08-10 13:31:30.234054,NSE:CAPACITE-EQ,209.3,209.34491998560827,210.6732209057651,-1.3283009201568348,NONE,BEARISH,44,12.25,8.45,1.4497041420118344,169,698,11473,196,3,0.9698492462311558,224576,-0.0573011173717774,-0.0620732464307827,0.5861917747907088,False,25,AVOID,moderate ML probability; moderate LTQ spike; recent exchange activity; strong bid-side imbalance; no current SMMA crossover; waiting for BidQty > 1M and AskQty > 1M
2026-08-10 13:31:33.893649,NSE:IFGLEXPOR-EQ,226.0,227.24271538577668,227.30027818130472,-0.0575627955280424,NONE,BEARISH,1,1.0,1.0,1.0,38,65,180896,1,1,0.0,149392,0.0,0.0,0.5859052966824633,False,10,AVOID,moderate ML probability; recent exchange activity; no current SMMA crossover; waiting for BidQty > 1M and AskQty > 1M
2026-08-10 13:31:31.388257,NSE:APTUS-EQ,257.3,257.5478214258516,259.0408213149077,-1.4929998890560796,NONE,BEARISH,11,9.25,23.807692307692307,0.388529886914378,1857,4669,31784,1677,344,0.6595744680851063,415379,0.0,0.0194363459669721,0.5857672846098428,False,25,AVOID,moderate ML probability; recent exchange activity; strong bid-side imbalance; no current SMMA crossover; waiting for BidQty > 1M and AskQty > 1M
2026-08-10 13:31:36.427450,NSE:M&MFIN-EQ,411.45,412.1428477372618,410.7512127465425,1.3916349907192966,NONE,BULLISH,5,5.871287128712871,8.123348017621145,0.7227669079272352,1844,3167,29191,225,64,0.5570934256055363,2935227,-0.0121506682867589,-0.2303588748787555,0.5856903248577207,False,25,AVOID,moderate ML probability; recent exchange activity; strong bid-side imbalance; no current SMMA crossover; waiting for BidQty > 1M and AskQty > 1M
2026-08-10 13:30:00.329192,NSE:ACL-EQ,47.35,47.4837816960744,47.78985775073872,-0.3060760546643237,NONE,BEARISH,40,40.0,233.8571428571429,0.0,1637,1737,5224,742,211,0.5571878279118573,10096,0.0,-0.7545587927059283,0.5854066757873123,False,25,AVOID,moderate ML probability; recent exchange activity; strong bid-side imbalance; no current SMMA crossover; waiting for BidQty > 1M and AskQty > 1M
2026-08-10 13:21:55.966822,NSE:HISARMETAL-EQ,161.49,158.50028409271326,153.6510891599217,4.849194932791562,NONE,BULLISH,45,0.0,0.0,0.0,0,90,153,1,9,-0.8,6941,0.0495632240877341,0.5479110889732963,0.5850877090848314,False,0,AVOID,moderate ML probability; strong ask-side imbalance; no current SMMA crossover; waiting for BidQty > 1M and AskQty > 1M
2026-08-10 13:31:36.382430,NSE:WEBELSOLAR-EQ,94.53,94.6249420750284,95.39612638829328,-0.7711843132648823,NONE,BEARISH,100,211.86206896551724,303.1940298507463,0.6987672846652384,20314,47415,74111,87,831,-0.8104575163398693,1282171,0.0,0.0,0.5850676265714131,False,10,AVOID,moderate ML probability; recent exchange activity; strong ask-side imbalance; no current SMMA crossover; waiting for BidQty > 1M and AskQty > 1M
2026-08-10 13:31:34.502504,NSE:GOLDADD-EQ,146.74,146.7683301088226,146.05363959669333,0.7146905121292662,NONE,BULLISH,224,899.0625,397.2203389830509,2.2633848566308243,46872,47548,57760,6,92883,-0.9998708135516584,171551,0.0,-0.0408719346049024,0.5849534478566341,False,35,AVOID,moderate ML probability; strong LTQ spike; recent exchange activity; strong ask-side imbalance; no current SMMA crossover; waiting for BidQty > 1M and AskQty > 1M
2026-08-10 13:31:34.823759,NSE:HDFCNIMEG-EQ,132.15,132.00286100967807,131.97606300009238,0.0267980095856898,NONE,BULLISH,53,53.0,53.0,1.0,6307,12570,66823,47,64,-0.1531531531531531,9675,0.0,0.0,0.5848248203879883,False,10,AVOID,moderate ML probability; recent exchange activity; no current SMMA crossover; waiting for BidQty > 1M and AskQty > 1M
2026-08-10 13:31:30.612513,NSE:BAJAJELEC-EQ,365.45,366.6678270970068,370.8081606003644,-4.140333503357681,NONE,BEARISH,2,7.130434782608695,7.236363636363636,0.9853615905615032,398,1352,8888,60,67,-0.0551181102362204,332247,0.0,0.1507262263633846,0.584775425578287,False,10,AVOID,moderate ML probability; recent exchange activity; no current SMMA crossover; waiting for BidQty > 1M and AskQty > 1M
2026-08-10 13:31:10.384056,NSE:SIS-EQ,426.3,426.68438520517833,430.3788806820739,-3.694495476895554,NONE,BEARISH,1,3.947368421052632,40.83783783783784,0.0966595841025462,1511,2501,5068,8,41,-0.673469387755102,77521,0.0,-0.0468933177022234,0.5845385578751713,False,10,AVOID,moderate ML probability; recent exchange activity; strong ask-side imbalance; no current SMMA crossover; waiting for BidQty > 1M and AskQty > 1M
2026-08-10 13:29:05.310332,NSE:GILT5BETA-EQ,66.98,66.955046120453,67.1870936604459,-0.2320475399928909,NONE,BEARISH,1,0.0,1.0,0.0,4,13,31,21,5,0.6153846153846154,342,0.0,0.0,0.5838776291266414,False,25,AVOID,moderate ML probability; recent exchange activity; strong bid-side imbalance; no current SMMA crossover; waiting for BidQty > 1M and AskQty > 1M
2026-08-10 13:21:54.984044,NSE:ZODIACLOTH-EQ,76.68,76.63265964242814,77.32875674886891,-0.6960971064407744,NONE,BEARISH,3,0.0,0.0,0.0,0,6,18,31,20,0.2156862745098039,4928,0.0,0.8947368421052815,0.5838245959887876,False,0,AVOID,moderate ML probability; no current SMMA crossover; waiting for BidQty > 1M and AskQty > 1M
2026-08-10 13:31:36.327972,NSE:TMPV-EQ,347.35,347.9010204709369,347.8509702440976,0.0500502268392892,NONE,BULLISH,7,17.95744680851064,23.73776223776224,0.7564928247509269,6789,15079,46594,152,675,-0.6324062877871826,3445598,-0.0143926309729258,0.0143967751223827,0.5837992823430561,False,10,AVOID,moderate ML probability; recent exchange activity; strong ask-side imbalance; no current SMMA crossover; waiting for BidQty > 1M and AskQty > 1M
2026-08-10 13:31:36.778020,NSE:ASHOKLEY-EQ,176.06,176.36776293655066,176.78906611205304,-0.4213031755023735,NONE,BEARISH,10,81.51492537313433,69.51162790697674,1.1726804252408085,17934,35961,97916,576,1218,-0.3578595317725752,10558575,0.0,-0.1814264655856656,0.5836915595232017,False,10,AVOID,moderate ML probability; recent exchange activity; strong ask-side imbalance; no current SMMA crossover; waiting for BidQty > 1M and AskQty > 1M
2026-08-10 13:31:36.809887,NSE:BEL-EQ,403.0,403.31359348994295,402.3559209660266,0.957672523916358,NONE,BULLISH,70,183.659793814433,91.9877049180328,1.9965689325338225,22445,93771,190724,356,4490,-0.8530747007841519,5112850,-0.086773273831664,-0.0991571641051014,0.5832356903850968,False,35,AVOID,moderate ML probability; strong LTQ spike; recent exchange activity; strong ask-side imbalance; no current SMMA crossover; waiting for BidQty > 1M and AskQty > 1M
2026-08-10 13:30:05.892438,NSE:ZODIAC-EQ,251.4,251.0610085583369,251.26414623189743,-0.2031376735605476,NONE,BEARISH,1,1.0,3.4,0.2941176470588235,34,93,410,5,65,-0.8571428571428571,4430,0.0,-0.0794912559618388,0.5832106340170319,False,10,AVOID,moderate ML probability; recent exchange activity; strong ask-side imbalance; no current SMMA crossover; waiting for BidQty > 1M and AskQty > 1M
2026-08-10 13:31:29.343733,NSE:BHARATSE-EQ,236.27,236.80906684512965,238.93186978637635,-2.122802941246704,NONE,BEARISH,3,3.3846153846153846,12.088235294117649,0.2799925135691559,411,1530,7370,10,19,-0.3103448275862069,238420,0.0,-0.0084641753777092,0.5830635932805369,False,10,AVOID,moderate ML probability; recent exchange activity; strong ask-side imbalance; no current SMMA crossover; waiting for BidQty > 1M and AskQty > 1M
2026-08-10 13:31:33.863879,NSE:MOTOUR-EQ,80.84,80.90033942029937,80.98100791635099,-0.080668496051615,NONE,BEARISH,574,574.0,574.0,1.0,55104,97050,134031,2537,29,0.9773967264224472,22873,0.0,0.0,0.5829577291881219,False,25,AVOID,moderate ML probability; recent exchange activity; strong bid-side imbalance; no current SMMA crossover; waiting for BidQty > 1M and AskQty > 1M
2026-08-10 13:31:26.407795,NSE:FEDFINA-EQ,149.22,149.24922194312325,149.32204759144184,-0.0728256483185987,NONE,BEARISH,2,9.75,24.30666666666667,0.4011245200219418,1823,3014,21414,83,62,0.1448275862068965,533940,0.0067019636753595,-0.1071093854599025,0.5826812907244675,False,10,AVOID,moderate ML probability; recent exchange activity; no current SMMA crossover; waiting for BidQty > 1M and AskQty > 1M
2026-08-10 13:31:20.538050,NSE:SPORTKING-EQ,212.95,213.83376123809256,214.2441052996924,-0.4103440615998295,NONE,BEARISH,20,9.823529411764708,33.475,0.2934586829504019,1339,3157,10252,6,3,0.3333333333333333,362818,0.0,-0.0328607642474998,0.5825349058865928,False,25,AVOID,moderate ML probability; recent exchange activity; strong bid-side imbalance; no current SMMA crossover; waiting for BidQty > 1M and AskQty > 1M
2026-08-10 13:31:25.305825,NSE:MATRIMONY-EQ,476.2,477.7959069041752,479.0021141311029,-1.206207226927745,NONE,BEARISH,42,25.6,11.416666666666666,2.242335766423358,137,179,1672,11,5,0.375,59495,0.0,-0.0839278220730266,0.5823698510525113,False,50,AVOID,moderate ML probability; strong LTQ spike; recent exchange activity; strong bid-side imbalance; no current SMMA crossover; waiting for BidQty > 1M and AskQty > 1M
2026-08-10 13:31:31.444499,NSE:ARKADE-EQ,135.5,135.84902221763312,137.7992838045218,-1.950261586888672,NONE,BEARISH,147,31.125,148.425,0.2097018696311268,5937,6379,10097,650,5,0.9847328244274808,245071,-0.0073795291860356,-0.0073795291860356,0.5823355498993097,False,25,AVOID,moderate ML probability; recent exchange activity; strong bid-side imbalance; no current SMMA crossover; waiting for BidQty > 1M and AskQty > 1M
2026-08-10 13:31:34.449860,NSE:NIF100BEES-EQ,273.74,273.67301165922856,274.16051876600693,-0.4875071067783665,NONE,BEARISH,1,27.121951219512194,2846.247619047619,0.0095290202574108,298856,459784,467458,8,3999,-0.9960069877714,42256,0.0,0.0255782511784152,0.581687497870942,False,10,AVOID,moderate ML probability; recent exchange activity; strong ask-side imbalance; no current SMMA crossover; waiting for BidQty > 1M and AskQty > 1M
2026-08-10 13:22:48.608741,NSE:BEEKAY-EQ,390.05,391.95314389608586,393.7481550390973,-1.795011143011379,NONE,BEARISH,18,0.0,0.0,0.0,0,38,1265,12,1,0.8461538461538461,2961,-1.2406633751107732,0.3989703989704107,0.5814020838231833,False,15,AVOID,moderate ML probability; strong bid-side imbalance; no current SMMA crossover; waiting for BidQty > 1M and AskQty > 1M
2026-08-10 13:31:32.048137,NSE:TAJGVK-EQ,356.9,356.8887139940321,358.5352884859984,-1.6465744919663052,NONE,BEARISH,1,4.555555555555555,4.586206896551724,0.9933166248955722,133,226,2565,55,11,0.6666666666666666,35846,0.0,0.0981629504978265,0.5813145918495333,False,25,AVOID,moderate ML probability; recent exchange activity; strong bid-side imbalance; no current SMMA crossover; waiting for BidQty > 1M and AskQty > 1M
2026-08-10 13:31:24.315850,NSE:LLOYDSENT-EQ,82.05,82.0101923334434,82.64279053531092,-0.6325982018675234,NONE,BEARISH,100,141.96666666666667,105.76190476190476,1.3423232778027916,6663,9309,99662,5,273,-0.9640287769784172,3791243,0.0609756097560865,0.15869140625,0.581188215499281,False,10,AVOID,moderate ML probability; moderate LTQ spike; recent exchange activity; strong ask-side imbalance; no current SMMA crossover; waiting for BidQty > 1M and AskQty > 1M
2026-08-10 13:31:36.273736,NSE:BSLGOLDETF-EQ,132.7,132.72249631648103,132.08708529937238,0.6354110171086518,NONE,BULLISH,300,424.42105263157896,233.72413793103448,1.8159059495892285,33890,54967,98609,547,920,-0.2542603953646898,127264,0.0,-0.0301340967304608,0.5807733616030183,False,35,AVOID,moderate ML probability; strong LTQ spike; recent exchange activity; no current SMMA crossover; waiting for BidQty > 1M and AskQty > 1M
2026-08-10 13:31:34.949741,NSE:KTKBANK-EQ,305.35,305.72571674324377,307.78223722071914,-2.056520477475374,NONE,BEARISH,4,13.0,11.511363636363637,1.129318854886476,1013,1808,29570,283,28,0.819935691318328,1210202,0.0327600327600485,-0.0327385824193671,0.5803412370804991,False,25,AVOID,moderate ML probability; recent exchange activity; strong bid-side imbalance; no current SMMA crossover; waiting for BidQty > 1M and AskQty > 1M
2026-08-10 13:31:31.134146,NSE:KRISHANA-EQ,184.22,183.80831312591388,181.09910764501,2.709205480903904,NONE,BULLISH,16,17.095238095238095,19.686274509803923,0.868383608423449,1004,7126,27252,28,3,0.8064516129032258,357919,0.0,0.0814907372195472,0.5802424194666921,False,25,AVOID,moderate ML probability; recent exchange activity; strong bid-side imbalance; no current SMMA crossover; waiting for BidQty > 1M and AskQty > 1M
2026-08-10 13:31:30.484358,NSE:WAAREEINDO-EQ,314.55,313.5480339826259,319.3450267156757,-5.796992733049819,NONE,BEARISH,50,41.833333333333336,46.96153846153846,0.8907998907998909,1221,3072,7831,102,56,0.2911392405063291,126606,0.0,-0.0952834683182524,0.580240305680165,False,10,AVOID,moderate ML probability; recent exchange activity; no current SMMA crossover; waiting for BidQty > 1M and AskQty > 1M
2026-08-10 13:31:36.403876,NSE:HLEGLAS-EQ,468.0,468.8126024712633,468.49542518764434,0.3171772836189461,NONE,BULLISH,1,16.6,27.8135593220339,0.5968312004875076,1641,2400,13536,12,5,0.4117647058823529,312042,0.1605136436597209,-0.3301032903844092,0.5799573825292633,False,25,AVOID,moderate ML probability; recent exchange activity; strong bid-side imbalance; no current SMMA crossover; waiting for BidQty > 1M and AskQty > 1M
2026-08-10 13:31:33.763974,NSE:GLOBECIVIL-EQ,43.12,44.40888882787669,42.62268776239239,1.786201065484306,NONE,BULLISH,50,39.372093023255815,194.57798165137612,0.2023460860735953,21209,21311,60179,1,72,-0.9726027397260274,412067,-1.440000000000008,-1.5749828806208788,0.5798274048092069,False,10,AVOID,moderate ML probability; recent exchange activity; strong ask-side imbalance; no current SMMA crossover; waiting for BidQty > 1M and AskQty > 1M
2026-08-10 13:31:36.255511,NSE:VAML-EQ,477.45,477.02257009718073,474.9464101631777,2.0761599340030443,NONE,BULLISH,10,26.493827160493822,28.61881188118812,0.9257486743504156,5781,11156,67242,162,196,-0.0949720670391061,5401611,-0.0209402156842286,0.0,0.5798191588821872,False,10,AVOID,moderate ML probability; recent exchange activity; no current SMMA crossover; waiting for BidQty > 1M and AskQty > 1M
2026-08-10 13:31:20.938040,NSE:SWSOLAR-EQ,204.21,204.2547109746633,204.67422612655247,-0.4195151518891578,NONE,BEARISH,100,79.16666666666667,49.33928571428572,1.6045361322234286,2763,6529,36260,157,152,0.0161812297734627,370884,0.0,-0.0880669308674475,0.5797437247758956,False,35,AVOID,moderate ML probability; strong LTQ spike; recent exchange activity; no current SMMA crossover; waiting for BidQty > 1M and AskQty > 1M
2026-08-10 13:31:36.310252,NSE:GKENERGY-EQ,134.81,134.78856340175628,135.8544002787878,-1.0658368770315292,NONE,BEARISH,129,96.6842105263158,51.16666666666666,1.8895936910680613,2456,10803,37800,60,146,-0.4174757281553398,646890,0.0,0.0371029979222337,0.5797209742115366,False,35,AVOID,moderate ML probability; strong LTQ spike; recent exchange activity; strong ask-side imbalance; no current SMMA crossover; waiting for BidQty > 1M and AskQty > 1M
2026-08-10 13:26:01.392340,NSE:HECPROJECT-EQ,135.9,135.0136634338166,133.40475530449427,1.608908129322316,NONE,BULLISH,59,0.0,0.0,0.0,0,590,3210,1,50,-0.9607843137254902,3327,0.0,0.0,0.5792285611924253,False,0,AVOID,moderate ML probability; strong ask-side imbalance; no current SMMA crossover; waiting for BidQty > 1M and AskQty > 1M
2026-08-10 13:31:34.268190,NSE:APOLLOTYRE-EQ,449.75,449.7204450426436,447.8724988501889,1.8479461924546852,NONE,BULLISH,2,2.236842105263158,2.1515151515151514,1.0396590066716087,213,429,2968,22,2887,-0.9848745273289792,551489,0.0,-0.0222296320995907,0.5786600394104017,False,10,AVOID,moderate ML probability; recent exchange activity; strong ask-side imbalance; no current SMMA crossover; waiting for BidQty > 1M and AskQty > 1M
2026-08-10 13:31:10.734116,NSE:OMPOWER-EQ,169.97,169.62268660563254,170.33548764218705,-0.7128010365545094,NONE,BEARISH,1,1.0,1.0,0.0,2,1487,3949,17,5,0.5454545454545454,26692,0.1001177856301493,0.4135404974301426,0.5786400220509712,False,25,AVOID,moderate ML probability; recent exchange activity; strong bid-side imbalance; no current SMMA crossover; waiting for BidQty > 1M and AskQty > 1M
2026-08-10 13:31:24.274841,NSE:NORTHARC-EQ,287.35,286.84690749005347,282.3954689213649,4.451438568688559,NONE,BULLISH,34,34.0,65.0,0.5230769230769231,3315,4409,23492,21,11,0.3125,523271,0.0,0.0696500087062679,0.5786329122947488,False,25,AVOID,moderate ML probability; recent exchange activity; strong bid-side imbalance; no current SMMA crossover; waiting for BidQty > 1M and AskQty > 1M
2026-08-10 13:31:33.964030,NSE:EPACKPEB-EQ,252.75,252.10014510397207,249.0533830295943,3.0467620743777672,NONE,BULLISH,2,5.076923076923077,2.783783783783784,1.823749066467513,103,342,2129,97,225,-0.3975155279503105,380746,0.0,0.0395804472590466,0.5785647039628057,False,35,AVOID,moderate ML probability; strong LTQ spike; recent exchange activity; strong ask-side imbalance; no current SMMA crossover; waiting for BidQty > 1M and AskQty > 1M
2026-08-10 13:31:36.858032,NSE:HINDOILEXP-EQ,162.58,162.92799506036664,160.01694835038856,2.911046709978081,NONE,BULLISH,4,1944.3939393939395,1230.3584905660375,1.5803474794564982,65209,67646,142335,596,46,0.8566978193146417,881025,0.0,-0.2086913822734959,0.5783894759088153,False,50,AVOID,moderate ML probability; strong LTQ spike; recent exchange activity; strong bid-side imbalance; no current SMMA crossover; waiting for BidQty > 1M and AskQty > 1M
2026-08-10 13:31:36.357881,NSE:AEGISVOPAK-EQ,279.5,280.1986816018121,282.93639084220024,-2.737709240388142,NONE,BEARISH,8,18.571428571428573,22.33333333333333,0.8315565031982943,1541,8425,34748,32,484,-0.875968992248062,474200,0.0357909806728784,0.1074498567335213,0.5780496385340731,False,10,AVOID,moderate ML probability; recent exchange activity; strong ask-side imbalance; no current SMMA crossover; waiting for BidQty > 1M and AskQty > 1M
2026-08-10 13:31:35.127911,NSE:GANDHAR-EQ,238.8,239.38012301368389,241.30611251814355,-1.9259895044596649,NONE,BEARISH,6,27.6,66.48863636363636,0.4151085284566741,5851,10036,35646,170,194,-0.0659340659340659,962150,-0.0334896182183408,-0.0334896182183408,0.5778759916938309,False,10,AVOID,moderate ML probability; recent exchange activity; no current SMMA crossover; waiting for BidQty > 1M and AskQty > 1M
2026-08-10 13:31:32.577967,NSE:INFOBEAN-EQ,162.82,163.12336007735897,165.41967386175446,-2.296313784395494,NONE,BEARISH,142,36.25,35.611111111111114,1.017940717628705,1282,1707,4843,50,58,-0.074074074074074,154668,0.0,0.0614552605703089,0.5778651757568392,False,10,AVOID,moderate ML probability; recent exchange activity; no current SMMA crossover; waiting for BidQty > 1M and AskQty > 1M
2026-08-10 13:31:33.425163,NSE:PSUBANKADD-EQ,87.79,87.83582241352174,88.21247830060278,-0.3766558870810428,NONE,BEARISH,1,1.0,727.2181818181818,0.0013751031327349,79994,432863,483593,44,55,-0.1111111111111111,61373,0.0,0.0,0.577521890007603,False,10,AVOID,moderate ML probability; recent exchange activity; no current SMMA crossover; waiting for BidQty > 1M and AskQty > 1M
2026-08-10 13:30:35.163984,NSE:IGPL-EQ,489.4,491.691298048831,493.4383239032986,-1.7470258544676085,NONE,BEARISH,3,3.0,8.08695652173913,0.3709677419354839,186,458,7619,21,1,0.9090909090909092,66670,0.0,-0.020429009193057,0.577092580318078,False,25,AVOID,moderate ML probability; recent exchange activity; strong bid-side imbalance; no current SMMA crossover; waiting for BidQty > 1M and AskQty > 1M
2026-08-10 13:31:17.273983,NSE:HINDCOMPOS-EQ,418.95,418.3840923555123,421.4762673281791,-3.0921749726668395,NONE,BEARISH,1,1.0,1.0,0.0,3,289,563,1,1,0.0,2773,0.0,0.1553908677982329,0.5767754359741177,False,10,AVOID,moderate ML probability; recent exchange activity; no current SMMA crossover; waiting for BidQty > 1M and AskQty > 1M
2026-08-10 13:31:36.836194,NSE:MOREPENLAB-EQ,79.63,79.95390695952591,80.17518913733743,-0.221282177811517,NONE,BEARISH,49,267.3103448275862,487.6319018404908,0.5481805924072336,79484,114854,335047,891,1244,-0.1653395784543325,11124974,0.0251224720512421,0.037688442211059,0.5767602224973097,False,10,AVOID,moderate ML probability; recent exchange activity; no current SMMA crossover; waiting for BidQty > 1M and AskQty > 1M
2026-08-10 13:31:36.449681,NSE:LLOYDSENGG-EQ,95.52,95.64549210894934,95.97899056674954,-0.3334984578002036,NONE,BEARISH,40,222.10526315789477,203.66187050359716,1.0905588886554582,28309,65652,229732,271,1383,-0.6723095525997581,16588599,-0.0836820083682021,0.1467812958691583,0.5767191021009904,False,10,AVOID,moderate ML probability; recent exchange activity; strong ask-side imbalance; no current SMMA crossover; waiting for BidQty > 1M and AskQty > 1M
2026-08-10 13:31:36.283645,NSE:ABCAPITAL-EQ,410.95,410.66720670642457,409.72895339174295,0.9382533146816172,NONE,BULLISH,459,24.195652173913043,23.64829396325459,1.023145780051151,9010,13507,50308,79,2562,-0.940174176448315,1352449,0.0121684108055575,0.0365141187925965,0.5764663313301838,False,10,AVOID,moderate ML probability; recent exchange activity; strong ask-side imbalance; no current SMMA crossover; waiting for BidQty > 1M and AskQty > 1M
2026-08-10 13:31:33.824077,NSE:SBIETFPB-EQ,281.44,281.4174488300646,282.3218753124128,-0.9044264823482422,NONE,BEARISH,15,12.130434782608695,6.315315315315315,1.920796377845314,701,785,6956,11,15000,-0.998534408100726,3150,0.0,-0.010658329484503,0.5762966804264923,False,35,AVOID,moderate ML probability; strong LTQ spike; recent exchange activity; strong ask-side imbalance; no current SMMA crossover; waiting for BidQty > 1M and AskQty > 1M
2026-08-10 13:31:09.877037,NSE:EIHOTEL-EQ,305.45,306.5209691710915,307.48128768528966,-0.9603185141981498,NONE,BEARISH,1,6.590909090909091,4.307692307692308,1.5300324675324677,168,221,3031,11,23,-0.3529411764705882,141614,0.0,-0.0327278677794251,0.5762268843453605,False,35,AVOID,moderate ML probability; strong LTQ spike; recent exchange activity; strong ask-side imbalance; no current SMMA crossover; waiting for BidQty > 1M and AskQty > 1M
2026-08-10 13:31:36.816733,NSE:BRIGHOTEL-EQ,59.87,59.891146630030605,60.11149726381692,-0.2203506337863174,NONE,BEARISH,17,11.6,10.636363636363637,1.0905982905982905,117,127,2119,2,3,-0.2,85776,0.0,0.0,0.575751932576013,False,10,AVOID,moderate ML probability; recent exchange activity; no current SMMA crossover; waiting for BidQty > 1M and AskQty > 1M
2026-08-10 13:31:36.843696,NSE:GOPAL-EQ,274.0,274.1523114208966,275.5948035146088,-1.4424920937121897,NONE,BEARISH,13,12.161290322580646,8.487804878048781,1.4327956989247312,696,1619,15488,25,7,0.5625,299206,-0.0729394602479893,-0.1275742664479717,0.5754081336496499,False,25,AVOID,moderate ML probability; moderate LTQ spike; recent exchange activity; strong bid-side imbalance; no current SMMA crossover; waiting for BidQty > 1M and AskQty > 1M
2026-08-10 13:31:36.234072,NSE:KRBL-EQ,375.75,375.7250220430181,377.3103798988941,-1.5853578558759978,NONE,BEARISH,43,43.0,34.41860465116279,1.2493243243243244,1480,2601,14538,38,54,-0.1739130434782608,216205,0.0,0.186641781095842,0.5751416305684292,False,10,AVOID,moderate ML probability; moderate LTQ spike; recent exchange activity; no current SMMA crossover; waiting for BidQty > 1M and AskQty > 1M
2026-08-10 13:31:36.143731,NSE:NLCINDIA-EQ,286.8,287.3945528503567,295.10860667695874,-7.714053826602026,NONE,BEARISH,17,46.40972222222222,40.025,1.1595183565826914,14409,29878,147353,1,147,-0.9864864864864864,6427727,-0.0174307129161666,0.0,0.5745753186124813,False,10,AVOID,moderate ML probability; recent exchange activity; strong ask-side imbalance; no current SMMA crossover; waiting for BidQty > 1M and AskQty > 1M
2026-08-10 13:30:56.823748,NSE:AIROLAM-EQ,89.0,89.64815692349957,89.39976857213739,0.2483883513621805,NONE,BULLISH,28,28.0,28.0,0.0,28,84,452,59,1,0.9666666666666668,563,0.0,0.0,0.5742999657839519,False,25,AVOID,moderate ML probability; recent exchange activity; strong bid-side imbalance; no current SMMA crossover; waiting for BidQty > 1M and AskQty > 1M
2026-08-10 13:31:06.147611,NSE:GPTHEALTH-EQ,159.27,159.3088773948125,159.34405992790946,-0.0351825330969575,NONE,BEARISH,38,14.25,12.571428571428571,1.1335227272727273,88,566,5911,15,19,-0.1176470588235294,56862,-0.0313833793622819,0.0188394875659358,0.5742557165432337,False,10,AVOID,moderate ML probability; recent exchange activity; no current SMMA crossover; waiting for BidQty > 1M and AskQty > 1M
2026-08-10 13:26:35.814207,NSE:GUJAPOLLO-EQ,365.0,366.37035168554905,367.4264632534647,-1.05611156791565,NONE,BEARISH,50,0.0,0.0,0.0,0,380,768,50,50,0.0,2432,0.0,0.0,0.5739808963097703,False,0,AVOID,moderate ML probability; no current SMMA crossover; waiting for BidQty > 1M and AskQty > 1M
2026-08-10 13:31:34.326463,NSE:MIDHANI-EQ,438.5,438.201091877813,436.8972944727898,1.303797405023147,NONE,BULLISH,15,29.6875,25.764705882352946,1.1522545662100456,1314,3078,16005,41,113,-0.4675324675324675,532066,0.0,0.0684618895481437,0.5739512361658793,False,10,AVOID,moderate ML probability; recent exchange activity; strong ask-side imbalance; no current SMMA crossover; waiting for BidQty > 1M and AskQty > 1M
2026-08-10 13:31:16.078283,NSE:BOROLTD-EQ,242.26,242.20896995066155,243.4569335731548,-1.2479636224932165,NONE,BEARISH,4,22.5,28.666666666666668,0.7848837209302325,172,336,1382,5,1,0.6666666666666666,29971,0.3146997929606598,0.3146997929606598,0.5730745055852866,False,25,AVOID,moderate ML probability; recent exchange activity; strong bid-side imbalance; no current SMMA crossover; waiting for BidQty > 1M and AskQty > 1M
2026-08-10 13:31:31.277899,NSE:STARCEMENT-EQ,200.34,200.32478836010196,201.117894841042,-0.7931064809400254,NONE,BEARISH,1,1.0,1.0,1.0,13,822,2026,10,8,0.1111111111111111,93976,0.0,0.0,0.5728656963226308,False,10,AVOID,moderate ML probability; recent exchange activity; no current SMMA crossover; waiting for BidQty > 1M and AskQty > 1M
2026-08-10 13:31:33.617887,NSE:POCL-EQ,485.75,486.496145174594,484.7128278283087,1.78331734628523,NONE,BULLISH,1,8.484848484848484,9.223684210526317,0.9198979812389227,701,1018,7160,10,4,0.4285714285714285,283695,-0.1130989101377766,-0.0102923013585831,0.5722326173552343,False,25,AVOID,moderate ML probability; recent exchange activity; strong bid-side imbalance; no current SMMA crossover; waiting for BidQty > 1M and AskQty > 1M
2026-08-10 13:31:36.334064,NSE:GPPL-EQ,150.28,150.3894941697786,150.96109807027665,-0.5716039004980473,NONE,BEARISH,163,37.15,40.04950495049505,0.9276019777503092,4045,7260,40285,88,161,-0.2931726907630522,456060,-0.0332601609791871,-0.059852364168389,0.571929292096888,False,10,AVOID,moderate ML probability; recent exchange activity; no current SMMA crossover; waiting for BidQty > 1M and AskQty > 1M
2026-08-10 13:31:36.787983,NSE:INDUSTOWER-EQ,372.15,372.6950963767987,378.14449568068005,-5.449399303881364,NONE,BEARISH,5,25.406976744186046,20.796536796536795,1.221692678581802,4804,6525,56658,1855,99,0.8986693961105425,2949545,-0.0134336378291299,0.0134372480515843,0.57163514621051,False,25,AVOID,moderate ML probability; moderate LTQ spike; recent exchange activity; strong bid-side imbalance; no current SMMA crossover; waiting for BidQty > 1M and AskQty > 1M
2026-08-10 13:30:54.217586,NSE:ONEPOINT-EQ,59.8,59.73225743064231,60.0143450575982,-0.2820876269558923,NONE,BEARISH,6,6.0,9.628571428571428,0.6231454005934718,337,701,37011,32,80,-0.4285714285714285,554783,0.0,0.1339584728734077,0.5715407881363529,False,10,AVOID,moderate ML probability; recent exchange activity; strong ask-side imbalance; no current SMMA crossover; waiting for BidQty > 1M and AskQty > 1M
2026-08-10 13:31:30.563708,NSE:GREAVESCOT-EQ,196.1,196.2018133346321,197.60387938252012,-1.4020660478880416,NONE,BEARISH,19,29.341463414634145,25.181818181818183,1.1651844677291536,2493,5298,35212,484,177,0.464447806354009,648172,-0.0509683995922549,0.0561253125159311,0.5710270213407452,False,25,AVOID,moderate ML probability; recent exchange activity; strong bid-side imbalance; no current SMMA crossover; waiting for BidQty > 1M and AskQty > 1M
2026-08-10 13:31:36.465758,NSE:CANBK-EQ,129.41,129.7819168253861,130.84238714051426,-1.060470315128157,NONE,BEARISH,1,58.51428571428571,99.75223214285714,0.5865962541117501,44689,72446,250129,985,1368,-0.1627709307267318,15799322,-0.0308999613750415,0.0618572643624748,0.5704574848314459,False,10,AVOID,moderate ML probability; recent exchange activity; no current SMMA crossover; waiting for BidQty > 1M and AskQty > 1M
2026-08-10 13:31:08.240098,NSE:SPIC-EQ,67.54,67.60857424518777,67.72985880199326,-0.1212845568054916,NONE,BEARISH,300,218.0,97.8181818181818,2.2286245353159853,2152,2394,9280,1000,193,0.6764459346186086,315497,0.0,-0.1478415138970956,0.5704438862253598,False,50,AVOID,moderate ML probability; strong LTQ spike; recent exchange activity; strong bid-side imbalance; no current SMMA crossover; waiting for BidQty > 1M and AskQty > 1M
2026-08-10 13:31:32.479276,NSE:INDOFARM-EQ,153.26,152.83145995878277,155.25535190641102,-2.423891947628249,NONE,BEARISH,33,13.944444444444445,11.689655172413794,1.19288757784333,339,4793,15353,4,24,-0.7142857142857143,257847,0.0,0.3010471204188292,0.5700846275703632,False,10,AVOID,moderate ML probability; recent exchange activity; strong ask-side imbalance; no current SMMA crossover; waiting for BidQty > 1M and AskQty > 1M
2026-08-10 13:31:01.884084,NSE:TOUCHWOOD-EQ,67.14,67.68283300256391,67.05883604952606,0.623996953037846,NONE,BULLISH,49,49.0,49.0,1.0,245,392,398,18,49,-0.4626865671641791,2724,0.0,-3.1448355452971644,0.5699007856658892,False,10,AVOID,moderate ML probability; recent exchange activity; strong ask-side imbalance; no current SMMA crossover; waiting for BidQty > 1M and AskQty > 1M
2026-08-10 13:31:26.894512,NSE:SUVEN-EQ,336.65,337.1455064591214,329.0892560094821,8.056250449639322,NONE,BULLISH,3,11.76,19.40983606557377,0.6058783783783783,1184,1736,10741,48,2,0.92,864070,0.0,0.0297132669736965,0.5697981539976783,False,25,AVOID,moderate ML probability; recent exchange activity; strong bid-side imbalance; no current SMMA crossover; waiting for BidQty > 1M and AskQty > 1M
2026-08-10 13:31:30.842144,NSE:SHRIRAMPPS-EQ,85.49,85.491182859298,85.04561691299394,0.4455659463040575,NONE,BULLISH,24,54.6,43.11111111111112,1.266494845360825,776,2583,9565,14,25,-0.282051282051282,215536,-0.1868067717454846,-0.1285046728972005,0.5696720559768964,False,10,AVOID,moderate ML probability; moderate LTQ spike; recent exchange activity; no current SMMA crossover; waiting for BidQty > 1M and AskQty > 1M
2026-08-10 13:31:34.584047,NSE:NEXT50ADD-EQ,75.05,75.05901721869841,75.16639133317715,-0.1073741144787305,NONE,BEARISH,2,2199.4615384615386,2450.6,0.8975196027346521,171542,311888,1286513,35000,13,0.9992574186730644,3239,0.0,0.0,0.5696026287567556,False,25,AVOID,moderate ML probability; recent exchange activity; strong bid-side imbalance; no current SMMA crossover; waiting for BidQty > 1M and AskQty > 1M
2026-08-10 13:31:32.917840,NSE:INA-EQ,109.14,109.3055920778219,109.8626398125871,-0.5570477347652059,NONE,BEARISH,30,36.5,35.37735849056604,1.0317333333333334,1875,5369,20402,52,14,0.5757575757575758,386514,-0.2832343535861148,-0.1737857861520142,0.5693314264098313,False,25,AVOID,moderate ML probability; recent exchange activity; strong bid-side imbalance; no current SMMA crossover; waiting for BidQty > 1M and AskQty > 1M
2026-08-10 13:31:01.651807,NSE:GOKULAGRO-EQ,228.41,228.40595302197272,228.5737199092609,-0.1677668872881668,NONE,BEARISH,5,7.769230769230769,9.541666666666666,0.8142425260329191,229,791,4011,1,22,-0.9130434782608696,163334,0.0,0.0043782837127803,0.5693114094984517,False,10,AVOID,moderate ML probability; recent exchange activity; strong ask-side imbalance; no current SMMA crossover; waiting for BidQty > 1M and AskQty > 1M
2026-08-10 13:31:32.929018,NSE:GARUDA-EQ,194.97,195.04404045466296,189.05986498379932,5.984175470863619,NONE,BULLISH,35,88.70370370370371,66.11023622047244,1.3417544509731263,8396,22310,160251,133,97,0.1565217391304348,10197781,0.0821313074277574,0.010259040779692,0.5691414843809073,False,10,AVOID,moderate ML probability; moderate LTQ spike; recent exchange activity; no current SMMA crossover; waiting for BidQty > 1M and AskQty > 1M
2026-08-10 13:31:36.778020,NSE:ELECON-EQ,440.0,441.696764557567,440.38784359522174,1.308920962345269,NONE,BULLISH,6,13.204545454545457,10.242990654205608,1.289129893828799,1096,1876,12655,38,7,0.6888888888888889,260451,-0.2041279201632995,-0.283286118980175,0.5690083798262011,False,25,AVOID,moderate ML probability; moderate LTQ spike; recent exchange activity; strong bid-side imbalance; no current SMMA crossover; waiting for BidQty > 1M and AskQty > 1M
2026-08-10 13:31:15.874042,NSE:AEROPLANE-EQ,193.99,194.26411828084824,194.6807895892008,-0.4166713083525337,NONE,BEARISH,3,3.0,58.86363636363637,0.0509652509652509,1295,7511,16779,141,37,0.5842696629213483,94919,0.0,0.2480491964239606,0.5689941217447917,False,25,AVOID,moderate ML probability; recent exchange activity; strong bid-side imbalance; no current SMMA crossover; waiting for BidQty > 1M and AskQty > 1M
2026-08-10 13:31:33.353875,NSE:MHLXMIRU-EQ,155.0,152.96549232789576,151.72648126425162,1.239011063644142,NONE,BULLISH,100,100.0,50.0,2.0,450,662,672,200,12,0.8867924528301887,7473,0.0,1.3403072899640378,0.5688496238149376,False,50,AVOID,moderate ML probability; strong LTQ spike; recent exchange activity; strong bid-side imbalance; no current SMMA crossover; waiting for BidQty > 1M and AskQty > 1M
2026-08-10 13:31:12.404025,NSE:HGS-EQ,413.85,415.8677678385274,422.149771635504,-6.282003796976483,NONE,BEARISH,2,7.533333333333333,9.6,0.7847222222222222,288,720,1721,46,1,0.9574468085106383,39680,0.1694299891080941,0.0,0.5684885201744893,False,25,AVOID,moderate ML probability; recent exchange activity; strong bid-side imbalance; no current SMMA crossover; waiting for BidQty > 1M and AskQty > 1M
2026-08-10 13:30:05.317834,NSE:SINGERIND-EQ,68.43,68.09527098453741,67.88960348184143,0.2056675026959737,NONE,BULLISH,90,90.0,90.0,0.0,540,3086,52812,19,20,-0.0256410256410256,31879,0.0,-0.5377906976744007,0.5683077066146662,False,10,AVOID,moderate ML probability; recent exchange activity; no current SMMA crossover; waiting for BidQty > 1M and AskQty > 1M
2026-08-10 13:29:15.247971,NSE:MANOMAY-EQ,217.98,217.8805644000634,218.39390540557525,-0.513341005511819,NONE,BEARISH,1,0.0,21.0,0.0,126,153,545,6,1,0.7142857142857143,48727,0.0,0.0321233536781262,0.5682507127939869,False,25,AVOID,moderate ML probability; recent exchange activity; strong bid-side imbalance; no current SMMA crossover; waiting for BidQty > 1M and AskQty > 1M
2026-08-10 13:31:13.256194,NSE:AERONEU-EQ,84.75,84.59977368818193,84.82228453683139,-0.2225108486494633,NONE,BEARISH,2,2.0,2.0,1.0,10,16,170,1,1,0.0,33241,0.0,0.5457349626290187,0.56822347280431,False,10,AVOID,moderate ML probability; recent exchange activity; no current SMMA crossover; waiting for BidQty > 1M and AskQty > 1M
2026-08-10 13:31:21.017890,NSE:VERANDA-EQ,251.15,251.05400486756415,254.3167345547071,-3.2627296871429223,NONE,BEARISH,4,32.0,17.31578947368421,1.8480243161094227,329,3068,7953,38,48,-0.1162790697674418,90916,0.0996412913511379,0.0996412913511379,0.56807563515249,False,35,AVOID,moderate ML probability; strong LTQ spike; recent exchange activity; no current SMMA crossover; waiting for BidQty > 1M and AskQty > 1M
2026-08-10 13:29:46.611648,NSE:GKSL-EQ,135.42,135.75467706595708,135.49817192853214,0.2565051374249378,NONE,BULLISH,1,1.0,1.0,0.0,3,347,4985,80,8,0.8181818181818182,1093515,0.0,-0.0073838883556276,0.567626557337142,False,25,AVOID,moderate ML probability; recent exchange activity; strong bid-side imbalance; no current SMMA crossover; waiting for BidQty > 1M and AskQty > 1M
2026-08-10 13:31:12.163809,NSE:SURYALAXMI-EQ,60.64,60.6234430135768,60.45516935348122,0.1682736600955721,NONE,BULLISH,1,1.0,1.0,0.0,4,191,2559,21,37,-0.2758620689655172,13305,0.0,0.4638833664678543,0.5676215602030393,False,10,AVOID,moderate ML probability; recent exchange activity; no current SMMA crossover; waiting for BidQty > 1M and AskQty > 1M
2026-08-10 13:31:36.194803,NSE:APOLLO-EQ,387.95,388.3245158672364,395.1547647563823,-6.830248889145878,NONE,BEARISH,4,37.19402985074627,38.811764705882354,0.9583184411377488,6598,17630,65829,68,1188,-0.89171974522293,5130381,-0.0386498325174011,-0.0257698750161128,0.5675779857556983,False,10,AVOID,moderate ML probability; recent exchange activity; strong ask-side imbalance; no current SMMA crossover; waiting for BidQty > 1M and AskQty > 1M
2026-08-10 13:31:33.950775,NSE:MON100-EQ,328.08,328.0841688853117,328.4579562257822,-0.3737873404704714,NONE,BEARISH,3,963.6285714285714,544.3766233766233,1.770150535582222,41917,47659,82611,1718302,0,1.0,89551,0.0,0.0,0.5670966049201006,False,50,AVOID,moderate ML probability; strong LTQ spike; recent exchange activity; strong bid-side imbalance; no current SMMA crossover; waiting for BidQty > 1M and AskQty > 1M
2026-08-10 13:31:25.633116,NSE:ULTRAMAR-EQ,397.0,397.6908130574776,400.01430788566665,-2.323494828189041,NONE,BEARISH,1,1.0,7.545454545454546,0.1325301204819277,83,138,1462,1,10,-0.8181818181818182,92077,0.0,0.0,0.567054985280767,False,10,AVOID,moderate ML probability; recent exchange activity; strong ask-side imbalance; no current SMMA crossover; waiting for BidQty > 1M and AskQty > 1M
2026-08-10 13:31:33.523833,NSE:AWL-EQ,196.29,196.3940031949438,196.93941453196035,-0.5454113370165601,NONE,BEARISH,50,45.078947368421055,48.74528301886792,0.9247858372464935,5167,10337,33084,235,868,-0.5738893925657298,592867,0.0,-0.030557677616505,0.5670378689156369,False,10,AVOID,moderate ML probability; recent exchange activity; strong ask-side imbalance; no current SMMA crossover; waiting for BidQty > 1M and AskQty > 1M
2026-08-10 13:31:33.964030,NSE:BANKNIFTY1-EQ,59.91,59.920900831914444,60.00215696027753,-0.081256128363087,NONE,BEARISH,3,3.739130434782609,4.159420289855072,0.8989547038327527,287,6752,340144,10,431,-0.9546485260770976,100839,0.0,0.0,0.5667931973290157,False,10,AVOID,moderate ML probability; recent exchange activity; strong ask-side imbalance; no current SMMA crossover; waiting for BidQty > 1M and AskQty > 1M
2026-08-10 13:31:33.285821,NSE:MONEXT50-EQ,74.77,74.74892835388076,74.81583200853865,-0.0669036546578922,NONE,BEARISH,10,10.0,10.0,1.0,380,13534,13887,1,2,-0.3333333333333333,8924,0.0,0.0,0.5665682972053985,False,10,AVOID,moderate ML probability; recent exchange activity; strong ask-side imbalance; no current SMMA crossover; waiting for BidQty > 1M and AskQty > 1M
2026-08-10 13:31:29.363878,NSE:BANSALWIRE-EQ,324.0,325.072852881532,328.2283198063416,-3.1554669248095597,NONE,BEARISH,8,17.333333333333332,111.3953488372093,0.1556019485038274,4790,5073,10148,2,3,-0.2,125637,0.0,0.0926784059314123,0.5664449456271834,False,10,AVOID,moderate ML probability; recent exchange activity; no current SMMA crossover; waiting for BidQty > 1M and AskQty > 1M
2026-08-10 13:31:25.873811,NSE:20MICRONS-EQ,188.77,189.01565962949743,189.2297638624352,-0.2141042329377569,NONE,BEARISH,1,29.476190476190474,26.714285714285715,1.103386809269162,935,1237,6975,12,1,0.8461538461538461,50515,-0.0264802457366708,-0.0264802457366708,0.566361933205892,False,25,AVOID,moderate ML probability; recent exchange activity; strong bid-side imbalance; no current SMMA crossover; waiting for BidQty > 1M and AskQty > 1M
2026-08-10 13:31:31.271646,NSE:SMSPHARMA-EQ,375.55,375.9038450885538,376.5035979792764,-0.5997528907225842,NONE,BEARISH,4,4.0,5.031746031746032,0.7949526813880127,317,1937,7560,6,295,-0.9601328903654484,68317,0.0,0.0,0.5662439812204785,False,10,AVOID,moderate ML probability; recent exchange activity; strong ask-side imbalance; no current SMMA crossover; waiting for BidQty > 1M and AskQty > 1M
2026-08-10 13:31:36.747817,NSE:HFCL-EQ,215.7,215.7579474572178,212.5712217314338,3.1867257257839867,NONE,BULLISH,105,288.6428571428572,419.655737704918,0.6878086755621036,76797,95251,397258,128,402,-0.5169811320754717,14322509,-0.0694927032661607,0.0278241513633759,0.5661753650953493,False,10,AVOID,moderate ML probability; recent exchange activity; strong ask-side imbalance; no current SMMA crossover; waiting for BidQty > 1M and AskQty > 1M
2026-08-10 13:30:18.651903,NSE:NOCIL-EQ,169.08,168.7345937490582,168.76981150622322,-0.0352177571650145,NONE,BEARISH,13,13.0,391.6428571428572,0.0331935072040853,10966,14868,20310,328,7,0.9582089552238806,177957,0.0,-0.1063452676355769,0.5656576274705989,False,25,AVOID,moderate ML probability; recent exchange activity; strong bid-side imbalance; no current SMMA crossover; waiting for BidQty > 1M and AskQty > 1M
2026-08-10 13:31:30.923913,NSE:SURYODAY-EQ,161.7,161.6950187210287,161.91554451924767,-0.2205257982189721,NONE,BEARISH,9,9.545454545454543,7.5,1.2727272727272727,120,522,4163,23,70,-0.5053763440860215,172138,0.0061846743768967,0.0,0.5648883165110588,False,10,AVOID,moderate ML probability; moderate LTQ spike; recent exchange activity; strong ask-side imbalance; no current SMMA crossover; waiting for BidQty > 1M and AskQty > 1M
2026-08-10 13:31:35.087799,NSE:BANKBARODA-EQ,247.74,248.52470998947743,249.9183135555397,-1.3936035660622397,NONE,BEARISH,72,64.95454545454545,52.69444444444444,1.2326640149518375,11382,26822,116671,179,1930,-0.8302513039355145,4415828,-0.0201783768513541,0.0201865234769282,0.5644038518018581,False,10,AVOID,moderate ML probability; moderate LTQ spike; recent exchange activity; strong ask-side imbalance; no current SMMA crossover; waiting for BidQty > 1M and AskQty > 1M
2026-08-10 13:31:36.773919,NSE:PINELABS-EQ,162.07,161.48741018884093,158.33926253213772,3.148147656703202,NONE,BULLISH,87,47.786802030456855,75.29038854805727,0.6346998993099221,36817,69479,245307,4991,917,0.6895734597156398,27856287,-0.0801479654747194,-0.0924670200961652,0.564309789159671,False,25,AVOID,moderate ML probability; recent exchange activity; strong bid-side imbalance; no current SMMA crossover; waiting for BidQty > 1M and AskQty > 1M
2026-08-10 13:25:31.971203,NSE:SHAHALLOYS-EQ,70.85,70.849001148144,70.8093662828004,0.0396348653436007,NONE,BULLISH,5,0.0,0.0,0.0,0,15,41,19,94,-0.6637168141592921,554,0.0,0.0,0.564302786314299,False,0,AVOID,moderate ML probability; strong ask-side imbalance; no current SMMA crossover; waiting for BidQty > 1M and AskQty > 1M
2026-08-10 13:29:04.483818,NSE:TVTODAY-EQ,114.01,113.98232131858347,114.39904312050722,-0.4167218019237282,NONE,BEARISH,6,0.0,6.0,0.0,30,899,2886,8,7,0.0666666666666666,20953,0.0,-0.6795016987542479,0.5639789792601944,False,10,AVOID,moderate ML probability; recent exchange activity; no current SMMA crossover; waiting for BidQty > 1M and AskQty > 1M
2026-08-10 13:31:31.505077,NSE:WPIL-EQ,434.15,435.9520389419541,436.84699221666335,-0.8949532747092235,NONE,BEARISH,1,5.0,6.6,0.7575757575757576,99,150,8227,1,1,0.0,15286,0.0345622119815702,0.0345622119815702,0.5639270200882109,False,10,AVOID,moderate ML probability; recent exchange activity; no current SMMA crossover; waiting for BidQty > 1M and AskQty > 1M
2026-08-10 13:31:34.549835,NSE:PSUBANK-EQ,86.93,87.03694224852498,87.305380423789,-0.2684381752640234,NONE,BEARISH,30,1615.6097560975609,1843.960396039604,0.8761629368871008,186240,194514,228581,12,414922,-0.9999421594759648,252431,0.0,0.0,0.5639186492854512,False,10,AVOID,moderate ML probability; recent exchange activity; strong ask-side imbalance; no current SMMA crossover; waiting for BidQty > 1M and AskQty > 1M
2026-08-10 13:31:26.468518,NSE:SICAGEN-EQ,66.82,66.899901489306,68.96371667418381,-2.063815184877811,NONE,BEARISH,1,173.58823529411765,148.71794871794873,1.167231237322515,5800,8617,81124,508,38,0.8608058608058609,610703,0.1648928196672061,0.014967819188727,0.5638875498920635,False,25,AVOID,moderate ML probability; recent exchange activity; strong bid-side imbalance; no current SMMA crossover; waiting for BidQty > 1M and AskQty > 1M
2026-08-10 13:31:17.224136,NSE:GOACARBON-EQ,381.65,381.5013649225715,382.5429355141412,-1.041570591569723,NONE,BEARISH,1,1.0,1.0,1.0,7,13,9323,45,1,0.9565217391304348,3321,0.0,0.0,0.5637204724692908,False,25,AVOID,moderate ML probability; recent exchange activity; strong bid-side imbalance; no current SMMA crossover; waiting for BidQty > 1M and AskQty > 1M
2026-08-10 13:31:36.847799,NSE:GREENPLY-EQ,285.5,285.85790967038406,286.18884227592537,-0.3309326055413066,NONE,BEARISH,9,245.07692307692307,255.1764705882353,0.960421321417172,4338,5615,8558,103,4,0.9252336448598132,31557,0.0,-0.0175100682892725,0.5636683293739704,False,25,AVOID,moderate ML probability; recent exchange activity; strong bid-side imbalance; no current SMMA crossover; waiting for BidQty > 1M and AskQty > 1M
2026-08-10 13:31:26.284330,NSE:MASFIN-EQ,301.5,301.2121863659951,301.4381679559072,-0.2259815899121235,NONE,BEARISH,32,32.0,31.266666666666666,1.023454157782516,469,508,3558,16,104,-0.7333333333333333,102917,0.0,-0.1324942033785969,0.5633916595831594,False,10,AVOID,moderate ML probability; recent exchange activity; strong ask-side imbalance; no current SMMA crossover; waiting for BidQty > 1M and AskQty > 1M
2026-08-10 13:30:35.130798,NSE:NDTV-EQ,76.25,76.2118574326787,76.56376453866321,-0.3519071059845089,NONE,BEARISH,1,1.0,1.0,0.0,4,10,2891,95,68,0.1656441717791411,44692,0.0,0.0918876345497476,0.5630449364989838,False,10,AVOID,moderate ML probability; recent exchange activity; no current SMMA crossover; waiting for BidQty > 1M and AskQty > 1M
2026-08-10 13:31:34.284112,NSE:AVANTEL-EQ,162.5,162.4574966663238,162.74474284362557,-0.2872461773017676,NONE,BEARISH,200,159.73684210526315,208.81666666666663,0.7649621299637472,12529,17253,52381,100,437,-0.62756052141527,345365,-0.0307597662257852,-0.0615006150061492,0.5630243058610647,False,10,AVOID,moderate ML probability; recent exchange activity; strong ask-side imbalance; no current SMMA crossover; waiting for BidQty > 1M and AskQty > 1M
2026-08-10 13:31:12.265418,NSE:SHANTIGEAR-EQ,400.0,399.9785105364316,400.868123312186,-0.889612775754415,NONE,BEARISH,100,100.0,65.38461538461539,1.5294117647058822,850,1015,1920,28,150,-0.6853932584269663,11309,0.0,0.0,0.563002326839322,False,35,AVOID,moderate ML probability; strong LTQ spike; recent exchange activity; strong ask-side imbalance; no current SMMA crossover; waiting for BidQty > 1M and AskQty > 1M
2026-08-10 13:31:26.396126,NSE:WANBURY-EQ,252.7,253.1313226192235,254.03481223875065,-0.9034896195271074,NONE,BEARISH,10,120.73684210526316,132.76470588235293,0.9094046591889562,4514,5150,20657,10,40,-0.6,280519,-0.1185770750988135,-0.0395569620253222,0.5626626863997363,False,10,AVOID,moderate ML probability; recent exchange activity; strong ask-side imbalance; no current SMMA crossover; waiting for BidQty > 1M and AskQty > 1M
2026-08-10 13:31:15.393946,NSE:MAXIND-EQ,169.65,169.2357388525429,170.02087410889635,-0.785135256353442,NONE,BEARISH,3,2.333333333333333,1.2857142857142858,1.8148148148148149,18,755,12950,2,5,-0.4285714285714285,38182,-0.0176803394625224,-0.0176803394625224,0.5624842350862553,False,35,AVOID,moderate ML probability; strong LTQ spike; recent exchange activity; strong ask-side imbalance; no current SMMA crossover; waiting for BidQty > 1M and AskQty > 1M
2026-08-10 13:31:34.478295,NSE:BSOFT-EQ,318.95,319.31745848267667,319.4818421323085,-0.1643836496318158,NONE,BEARISH,1,51.47058823529412,23.841463414634145,2.158868662554536,1955,3651,10390,51,4,0.8545454545454545,721519,0.0,0.1255689844608332,0.5624001343996119,False,50,AVOID,moderate ML probability; strong LTQ spike; recent exchange activity; strong bid-side imbalance; no current SMMA crossover; waiting for BidQty > 1M and AskQty > 1M
2026-08-10 13:31:23.190767,NSE:WONDERLA-EQ,488.3,488.19893334939553,490.23685188467385,-2.0379185352783225,NONE,BEARISH,1,32.8125,28.595744680851062,1.1474609375,1344,1561,3032,44,3,0.8723404255319149,49901,0.0,0.0,0.5623662790853144,False,25,AVOID,moderate ML probability; recent exchange activity; strong bid-side imbalance; no current SMMA crossover; waiting for BidQty > 1M and AskQty > 1M
2026-08-10 13:31:27.433791,NSE:GFLLIMITED-EQ,49.65,49.91710925639774,50.38113933420079,-0.4640300778030521,NONE,BEARISH,50,50.0,29.0,0.0,203,2804,10679,108,35,0.5104895104895105,40258,0.0,0.0,0.5618890745515465,False,25,AVOID,moderate ML probability; recent exchange activity; strong bid-side imbalance; no current SMMA crossover; waiting for BidQty > 1M and AskQty > 1M
2026-08-10 13:30:36.940987,NSE:CANHLIFE-EQ,151.06,151.49295750949676,152.02211785953412,-0.5291603500373583,NONE,BEARISH,1,52.42857142857143,30.25,1.7331759149940968,484,1284,14886,28,44,-0.2222222222222222,169499,-0.0793755787802608,-0.0727657604021825,0.5617547200400428,False,35,AVOID,moderate ML probability; strong LTQ spike; recent exchange activity; no current SMMA crossover; waiting for BidQty > 1M and AskQty > 1M
2026-08-10 13:31:05.774118,NSE:FIRSTCRY-EQ,213.42,213.58244962275265,213.9260141156776,-0.3435644929249406,NONE,BEARISH,107,70.14285714285714,44.625,1.571828731492597,1785,2874,13446,1,1765,-0.9988674971687428,149222,0.0,-0.0421525923844368,0.5615175202211065,False,35,AVOID,moderate ML probability; strong LTQ spike; recent exchange activity; strong ask-side imbalance; no current SMMA crossover; waiting for BidQty > 1M and AskQty > 1M
2026-08-10 13:23:03.777638,NSE:SMLT-EQ,68.89,68.94872509200938,69.2773079992842,-0.3285829072748214,NONE,BEARISH,1,0.0,0.0,0.0,0,4,1782,1,13,-0.8571428571428571,2834,0.0,1.0117302052785826,0.5609857727425662,False,0,AVOID,moderate ML probability; strong ask-side imbalance; no current SMMA crossover; waiting for BidQty > 1M and AskQty > 1M
2026-08-10 13:31:36.122520,NSE:BIOCON-EQ,424.6,424.88110948900993,425.3440050625621,-0.4628955735522027,NONE,BEARISH,45,23.171875,21.97647058823529,1.0543947403640257,3736,6347,43458,1211,9,0.9852459016393442,1764949,0.0,-0.0823626308977476,0.5608896498237392,False,25,AVOID,moderate ML probability; recent exchange activity; strong bid-side imbalance; no current SMMA crossover; waiting for BidQty > 1M and AskQty > 1M
2026-08-10 13:28:05.199151,NSE:ELIN-EQ,96.5,96.54337097578554,96.56512035589648,-0.0217493801109327,NONE,BEARISH,28,0.0,28.4,0.0,142,404,1839,14,11,0.12,58101,0.0,0.2909997921429985,0.5605916844766943,False,10,AVOID,moderate ML probability; recent exchange activity; no current SMMA crossover; waiting for BidQty > 1M and AskQty > 1M
2026-08-10 13:31:36.271193,NSE:NYKAA-EQ,328.0,328.69772471194267,329.9745695779798,-1.276844866037152,NONE,BEARISH,2,191.49019607843135,178.4926686217009,1.0728182706723803,60866,95316,135580,7249,2026,0.5631266846361186,4913594,0.0,0.0152462265589292,0.5601505363683836,False,25,AVOID,moderate ML probability; recent exchange activity; strong bid-side imbalance; no current SMMA crossover; waiting for BidQty > 1M and AskQty > 1M
2026-08-10 13:31:26.542288,NSE:GOLDIAM-EQ,373.2,372.4060241707092,374.7558471005747,-2.3498229298655247,NONE,BEARISH,92,136.23333333333332,135.31578947368422,1.0067807597562557,10284,12393,31306,35,3,0.8421052631578947,1249833,-0.0401767778224315,-0.1471571906354496,0.5601032208575117,False,25,AVOID,moderate ML probability; recent exchange activity; strong bid-side imbalance; no current SMMA crossover; waiting for BidQty > 1M and AskQty > 1M
2026-08-10 13:31:15.434168,NSE:ARIS-EQ,136.0,136.1435731261522,134.54860918709747,1.594963939054736,NONE,BULLISH,13,21.73333333333333,53.05882352941177,0.4096082779009608,1804,8301,31135,85,65,0.1333333333333333,1442402,-0.0514441096494455,0.080947825447053,0.5600422469153127,False,10,AVOID,moderate ML probability; recent exchange activity; no current SMMA crossover; waiting for BidQty > 1M and AskQty > 1M
2026-08-10 13:31:35.854064,NSE:IDFCFIRSTB-EQ,84.67,84.74073979738183,84.81000871331864,-0.0692689159368029,NONE,BEARISH,407,120.0759493670886,105.70048309178743,1.136001897577118,21880,35867,152353,2658,408,0.7338551859099804,8375936,-0.0472199268091055,0.0,0.5595953619987202,False,25,AVOID,moderate ML probability; recent exchange activity; strong bid-side imbalance; no current SMMA crossover; waiting for BidQty > 1M and AskQty > 1M
2026-08-10 13:31:36.263759,NSE:GUJENERGY-EQ,264.45,264.6559244177558,264.7611349081141,-0.1052104903583313,NONE,BEARISH,9,7.142857142857143,16.806122448979593,0.4250151791135397,1647,2414,14990,170,13,0.8579234972677595,349631,0.0,-0.0189035916824287,0.5595289794849194,False,25,AVOID,moderate ML probability; recent exchange activity; strong bid-side imbalance; no current SMMA crossover; waiting for BidQty > 1M and AskQty > 1M
2026-08-10 13:31:14.369597,NSE:NIACL-EQ,176.75,176.9381790720578,177.0719154860925,-0.1337364140347006,NONE,BEARISH,30,9.333333333333334,34.76,0.2685078634445723,1738,3026,23439,66,111,-0.2542372881355932,506292,-0.0113141370142066,-0.096088627628299,0.5594103722610644,False,10,AVOID,moderate ML probability; recent exchange activity; no current SMMA crossover; waiting for BidQty > 1M and AskQty > 1M
2026-08-10 13:31:34.838641,NSE:SCI-EQ,298.15,298.0704659870323,301.4743857218181,-3.403919734785802,NONE,BEARISH,40,26.26086956521739,33.563025210084035,0.7824345213472382,3994,8330,65614,272,129,0.3566084788029925,1889420,-0.0502849480389033,0.0503355704697838,0.5593022519262928,False,25,AVOID,moderate ML probability; recent exchange activity; strong bid-side imbalance; no current SMMA crossover; waiting for BidQty > 1M and AskQty > 1M
2026-08-10 13:31:36.853405,NSE:HUDCO-EQ,199.8,199.56392082026844,200.385027461111,-0.8211066408425722,NONE,BEARISH,1,5.257142857142857,4.419047619047619,1.189655172413793,464,965,5307,5628,292,0.9013513513513514,1167181,0.0,0.0,0.5591821631472405,False,25,AVOID,moderate ML probability; recent exchange activity; strong bid-side imbalance; no current SMMA crossover; waiting for BidQty > 1M and AskQty > 1M
2026-08-10 13:31:17.597790,NSE:SPLIL-EQ,32.26,32.71404883137343,32.6982235412233,0.0158252901501327,NONE,BULLISH,265,265.0,189.8571428571429,0.0,1329,1393,1413,7,35,-0.6666666666666666,5057,0.0,-2.1237864077670032,0.5582597954203727,False,10,AVOID,moderate ML probability; recent exchange activity; strong ask-side imbalance; no current SMMA crossover; waiting for BidQty > 1M and AskQty > 1M
2026-08-10 13:31:30.607370,NSE:MSPL-EQ,35.37,35.50677073825763,35.78580406384081,-0.2790333255831783,NONE,BEARISH,111,39.44444444444444,53.1875,0.741611176393785,851,872,18770,34,149,-0.6284153005464481,269436,0.0,-0.2538071065989911,0.558238109155013,False,10,AVOID,moderate ML probability; recent exchange activity; strong ask-side imbalance; no current SMMA crossover; waiting for BidQty > 1M and AskQty > 1M
2026-08-10 13:31:35.814049,NSE:WIPRO-EQ,185.65,185.69992039750383,186.4676819258708,-0.7677615283669468,NONE,BEARISH,13,36.785714285714285,27.24401913875598,1.3502308194089017,5694,20948,66730,527,296,0.2806804374240583,3727064,0.0269396551724199,0.0808625336927271,0.5580090073743375,False,10,AVOID,moderate ML probability; moderate LTQ spike; recent exchange activity; no current SMMA crossover; waiting for BidQty > 1M and AskQty > 1M
2026-08-10 13:31:15.923931,NSE:AWFIS-EQ,269.95,269.9742355858189,270.7555141133593,-0.781278527540394,NONE,BEARISH,5,10.11111111111111,10.666666666666666,0.9479166666666666,192,1426,3740,37,21,0.2758620689655172,98253,0.0,0.0,0.5579423589436755,False,10,AVOID,moderate ML probability; recent exchange activity; no current SMMA crossover; waiting for BidQty > 1M and AskQty > 1M
2026-08-10 13:31:36.412117,NSE:SWIGGY-EQ,281.25,281.2436388117982,281.7137268757003,-0.4700880639020965,NONE,BEARISH,18,93.17910447761194,98.30909090909093,0.9478177818140664,16221,29729,141834,1436,3807,-0.4522220102994468,8028835,-0.0355429180735833,-0.0533049040511657,0.557919067371346,False,10,AVOID,moderate ML probability; recent exchange activity; strong ask-side imbalance; no current SMMA crossover; waiting for BidQty > 1M and AskQty > 1M
2026-08-10 13:31:36.432539,NSE:FDC-EQ,368.15,368.2514384037533,368.8578135436194,-0.6063751398662021,NONE,BEARISH,1,8.483870967741936,81.08823529411765,0.1046251769688885,5514,5937,18337,6,11,-0.2941176470588235,157688,0.0,-0.0135795763172241,0.5572937924453378,False,10,AVOID,moderate ML probability; recent exchange activity; no current SMMA crossover; waiting for BidQty > 1M and AskQty > 1M
2026-08-10 13:31:35.793815,NSE:ANDHRAPAP-EQ,60.62,60.64419809368863,60.23057714273784,0.4136209509507864,NONE,BULLISH,1,12.285714285714286,50.375,0.2438851471109535,806,8254,26074,15,24,-0.2307692307692307,54927,0.0,-0.1811295899884712,0.5571840332160272,False,10,AVOID,moderate ML probability; recent exchange activity; no current SMMA crossover; waiting for BidQty > 1M and AskQty > 1M
2026-08-10 13:31:27.210409,NSE:INDIANHUME-EQ,391.7,392.3322824227322,392.5578916979919,-0.2256092752597283,NONE,BEARISH,1,1.0,1.0,1.0,11,29,169,2,1,0.3333333333333333,13290,0.0,0.0,0.5566662482586319,False,25,AVOID,moderate ML probability; recent exchange activity; strong bid-side imbalance; no current SMMA crossover; waiting for BidQty > 1M and AskQty > 1M
2026-08-10 13:31:34.573921,NSE:BLKASHYAP-EQ,54.8,54.83367398246621,55.391321634269566,-0.5576476518033573,NONE,BEARISH,63,63.0,74.66666666666667,0.84375,4256,7896,47147,26,38,-0.1875,205694,0.0,-0.1639642922208084,0.5554905030207008,False,10,AVOID,moderate ML probability; recent exchange activity; no current SMMA crossover; waiting for BidQty > 1M and AskQty > 1M
2026-08-10 13:31:31.107868,NSE:AGIIL-EQ,301.5,301.4901306957853,302.33369577178087,-0.8435650759955138,NONE,BEARISH,9,7.0,7.473684210526316,0.9366197183098592,284,2359,26036,1066,1,0.9981255857544518,97784,0.0,0.0,0.5550840085415911,False,25,AVOID,moderate ML probability; recent exchange activity; strong bid-side imbalance; no current SMMA crossover; waiting for BidQty > 1M and AskQty > 1M
2026-08-10 13:31:31.548418,NSE:SHANKARA-EQ,141.76,141.67949090145885,141.9735577407892,-0.2940668393303554,NONE,BEARISH,1,1.0,1.0,1.0,20,467,1147,10000,23,0.9954105557218398,30038,0.0,0.070591557249755,0.5549856943729988,False,25,AVOID,moderate ML probability; recent exchange activity; strong bid-side imbalance; no current SMMA crossover; waiting for BidQty > 1M and AskQty > 1M
2026-08-10 13:31:36.163913,NSE:MOSCHIP-EQ,205.23,205.32634653792283,205.905005384407,-0.57865884648416,NONE,BEARISH,6,39.92105263157895,43.92592592592592,0.9088266619330788,3558,5778,23265,23,33,-0.1785714285714285,764171,-0.1216663422230923,-0.0438340151957983,0.5549705437114625,False,10,AVOID,moderate ML probability; recent exchange activity; no current SMMA crossover; waiting for BidQty > 1M and AskQty > 1M
2026-08-10 13:29:01.033993,NSE:LOTUSEYE-EQ,116.0,116.5550001826222,117.93732744117176,-1.3823272585495374,NONE,BEARISH,50,0.0,50.0,0.0,50,1497,4377,1,1,0.0,6641,0.0,0.34602076124568,0.5546854936226938,False,10,AVOID,moderate ML probability; recent exchange activity; no current SMMA crossover; waiting for BidQty > 1M and AskQty > 1M
2026-08-10 13:31:31.194379,NSE:KPEL-EQ,296.75,297.6005085565538,299.96121054435383,-2.360701987800041,NONE,BEARISH,15,52.51724137931034,28.647058823529413,1.83325072576648,2435,4590,10166,58,17,0.5466666666666666,189189,-0.0505220613000956,0.0,0.5546236334749447,False,50,AVOID,moderate ML probability; strong LTQ spike; recent exchange activity; strong bid-side imbalance; no current SMMA crossover; waiting for BidQty > 1M and AskQty > 1M
2026-08-10 13:31:36.276681,NSE:NBCC-EQ,94.9,94.93169808789122,95.13789218288206,-0.2061940949908347,NONE,BEARISH,100,318.3170731707317,183.2,1.7375386090105442,31144,38911,151965,11381,2604,0.6276010010725778,3012327,0.0,0.1054852320675259,0.5546040475646362,False,50,AVOID,moderate ML probability; strong LTQ spike; recent exchange activity; strong bid-side imbalance; no current SMMA crossover; waiting for BidQty > 1M and AskQty > 1M
2026-08-10 13:29:27.619952,NSE:NAHARINDUS-EQ,132.5,132.67469387550852,130.30535706858927,2.36933680691925,NONE,BULLISH,5,0.0,3.0,0.0,12,19,3038,9,295,-0.9407894736842104,131166,-0.1883239171374784,-0.1883239171374784,0.5541421708979858,False,10,AVOID,moderate ML probability; recent exchange activity; strong ask-side imbalance; no current SMMA crossover; waiting for BidQty > 1M and AskQty > 1M
2026-08-10 13:31:36.533657,NSE:PFC-EQ,386.2,387.6019919890912,402.64916547716354,-15.047173488072303,NONE,BEARISH,41,101.18478260869566,93.49640287769785,1.0822318238387731,38988,80742,274987,2523,522,0.6571428571428571,20735815,-0.090544560858885,0.1815823605706867,0.553252179473466,False,25,AVOID,moderate ML probability; recent exchange activity; strong bid-side imbalance; no current SMMA crossover; waiting for BidQty > 1M and AskQty > 1M
2026-08-10 13:31:26.560968,NSE:EMSLIMITED-EQ,399.6,399.4516847746,401.6881977165471,-2.236512941947126,NONE,BEARISH,5,3.2857142857142856,18.76923076923077,0.1750585480093676,488,690,3698,27,32,-0.0847457627118644,75146,0.0,-0.012510947078681,0.5531683261489877,False,10,AVOID,moderate ML probability; recent exchange activity; no current SMMA crossover; waiting for BidQty > 1M and AskQty > 1M
2026-08-10 13:31:33.793788,NSE:DIVOPPBEES-EQ,79.82,79.7745321352032,79.86057593797682,-0.0860438027736165,NONE,BEARISH,30,104.3265306122449,236.91803278688525,0.4403486276879974,28904,30476,79176,60,130,-0.3684210526315789,47740,0.0,0.0501378791676998,0.5520948837478956,False,10,AVOID,moderate ML probability; recent exchange activity; strong ask-side imbalance; no current SMMA crossover; waiting for BidQty > 1M and AskQty > 1M
2026-08-10 13:31:28.916526,NSE:BALMLAWRIE-EQ,174.4,174.2652814746035,174.65796088287593,-0.3926794082724143,NONE,BEARISH,1,13.846153846153848,23.571428571428573,0.5874125874125874,660,990,10049,21,2,0.8260869565217391,48372,0.097572174711602,0.0401537314288935,0.5519678364957712,False,25,AVOID,moderate ML probability; recent exchange activity; strong bid-side imbalance; no current SMMA crossover; waiting for BidQty > 1M and AskQty > 1M
2026-08-10 13:31:34.769610,NSE:AASTHA-EQ,73.73,73.65947852719799,74.02432617202953,-0.3648476448315421,NONE,BEARISH,39,63.1,72.71717171717172,0.8677455202111404,7199,11998,42416,2,373,-0.9893333333333332,1841341,0.0,0.0407055630936348,0.5513048927961826,False,10,AVOID,moderate ML probability; recent exchange activity; strong ask-side imbalance; no current SMMA crossover; waiting for BidQty > 1M and AskQty > 1M
2026-08-10 13:25:50.863980,NSE:AHLADA-EQ,38.5,38.43647930023341,38.258221669165984,0.1782576310674244,NONE,BULLISH,45,0.0,0.0,0.0,0,284,926,160,20,0.7777777777777778,4537,-0.129701686121908,-0.6451612903225823,0.5512665688294713,False,15,AVOID,moderate ML probability; strong bid-side imbalance; no current SMMA crossover; waiting for BidQty > 1M and AskQty > 1M
2026-08-10 13:31:36.463708,NSE:NTPC-EQ,339.3,338.7024732362604,340.6407828925157,-1.938309656255285,NONE,BEARISH,11,42.75,25.178260869565214,1.6978932826800206,5791,13230,63528,3187,56,0.965464076472402,5558395,0.0,0.0884955752212368,0.5509770014774201,False,50,AVOID,moderate ML probability; strong LTQ spike; recent exchange activity; strong bid-side imbalance; no current SMMA crossover; waiting for BidQty > 1M and AskQty > 1M
2026-08-10 13:31:36.213673,NSE:IIFLCAPS-EQ,333.85,333.7939385049105,334.0319893950616,-0.2380508901511007,NONE,BEARISH,1,1.9333333333333331,2.550724637681159,0.7579545454545455,176,575,6634,274,45,0.7178683385579937,104560,0.0,0.0299625468164865,0.5502201761002367,False,25,AVOID,moderate ML probability; recent exchange activity; strong bid-side imbalance; no current SMMA crossover; waiting for BidQty > 1M and AskQty > 1M
2026-08-10 13:31:25.855846,NSE:WELSPUNLIV-EQ,165.19,165.10765429212103,165.33910952425728,-0.2314552321362555,NONE,BEARISH,22,10.458333333333334,111.8840579710145,0.0934747409326424,7720,12002,33000,59,221,-0.5785714285714286,1071583,0.0545124167171451,0.1880155264434746,0.55007764314298,False,10,AVOID,moderate ML probability; recent exchange activity; strong ask-side imbalance; no current SMMA crossover; waiting for BidQty > 1M and AskQty > 1M
2026-08-10 13:31:04.647082,NSE:ALPINETEX-EQ,63.67,63.793915729933495,63.59071413912714,0.2032015908063513,NONE,BULLISH,2,71.6,71.6,1.0,2506,9762,23268,31,36,-0.0746268656716417,213807,0.0,0.1888276947285661,0.5500118575610522,False,10,AVOID,moderate ML probability; recent exchange activity; no current SMMA crossover; waiting for BidQty > 1M and AskQty > 1M
2026-08-10 13:30:42.154157,NSE:PIGL-EQ,108.82,109.16054861766982,111.10741345123068,-1.946864833560852,NONE,BEARISH,161,161.0,161.0,0.0,483,1881,3343,2,3,-0.2,41413,0.0,0.2949308755760382,0.5499136749002319,False,10,AVOID,weak ML probability; recent exchange activity; no current SMMA crossover; waiting for BidQty > 1M and AskQty > 1M
2026-08-10 13:28:59.153981,NSE:WEIZMANIND-EQ,78.2,78.7925169116365,78.54783509115848,0.2446818204780214,NONE,BULLISH,3,0.0,3.0,0.0,3,9,30,120,1,0.9834710743801652,422,0.0,0.0,0.5495684381314496,False,25,AVOID,weak ML probability; recent exchange activity; strong bid-side imbalance; no current SMMA crossover; waiting for BidQty > 1M and AskQty > 1M
2026-08-10 13:31:32.475715,NSE:INDOBORAX-EQ,428.0,424.6111414144175,413.0444451088879,11.566696305529604,NONE,BULLISH,3,24.848484848484848,38.21052631578947,0.6503046998914768,2904,5233,18953,34,37,-0.0422535211267605,271093,0.093545369504211,-0.0700443614289114,0.5495614450611004,False,10,AVOID,weak ML probability; recent exchange activity; no current SMMA crossover; waiting for BidQty > 1M and AskQty > 1M
2026-08-10 13:31:35.003768,NSE:AEQUS-EQ,249.29,248.849396089768,248.8915286154964,-0.0421325257284479,NONE,BEARISH,1,3.636363636363636,11.575949367088608,0.3141309210199314,1829,2979,13747,132,13,0.8206896551724138,2976636,0.0361155698234361,-0.0841683366733514,0.5492225327994227,False,25,AVOID,weak ML probability; recent exchange activity; strong bid-side imbalance; no current SMMA crossover; waiting for BidQty > 1M and AskQty > 1M
2026-08-10 13:31:35.803981,NSE:ORIENTCEM-EQ,136.82,136.70704468332676,136.7962018642671,-0.089157180940333,NONE,BEARISH,1,1.0,9.12962962962963,0.1095334685598377,493,9564,20763,71,11,0.7317073170731707,184772,0.0,0.2270895905061909,0.5491923047935175,False,25,AVOID,weak ML probability; recent exchange activity; strong bid-side imbalance; no current SMMA crossover; waiting for BidQty > 1M and AskQty > 1M
2026-08-10 13:31:31.663903,NSE:VASCONEQ-EQ,34.58,34.70377610763604,36.23258502626869,-1.528808918632656,NONE,BEARISH,200,733.3529411764706,416.0,1.7628676470588236,14144,23794,61019,1249,899,0.1629422718808193,1082811,0.0,0.2900232018561599,0.5490706855359044,False,35,AVOID,weak ML probability; strong LTQ spike; recent exchange activity; no current SMMA crossover; waiting for BidQty > 1M and AskQty > 1M
2026-08-10 13:31:34.718014,NSE:PETRONET-EQ,276.4,276.15701365563314,278.11985137494685,-1.9628377193137112,NONE,BEARISH,16,18.53731343283582,26.482142857142858,0.699992954982337,4449,6327,20159,307,680,-0.3779128672745694,696834,0.1449275362318758,0.0361925443358446,0.549045687537844,False,10,AVOID,weak ML probability; recent exchange activity; strong ask-side imbalance; no current SMMA crossover; waiting for BidQty > 1M and AskQty > 1M
2026-08-10 13:31:34.778069,NSE:SOUTHBANK-EQ,46.1,46.04623254511812,46.566720649149374,-0.5204881040312586,NONE,BEARISH,429,168.23809523809524,410.0118343195266,0.410324973954253,69292,166199,439220,1018,705,0.1816598955310505,8323969,0.0,0.2391824309632584,0.548856456530401,False,10,AVOID,weak ML probability; recent exchange activity; no current SMMA crossover; waiting for BidQty > 1M and AskQty > 1M
2026-08-10 13:27:50.123809,NSE:MENNPIS-EQ,75.2,74.77462633120435,74.22371574798153,0.5509105832228158,NONE,BULLISH,12,0.0,18.5,0.0,37,157,2303,8,63,-0.7746478873239436,35960,0.0,0.3201707577374701,0.5488131825607396,False,10,AVOID,weak ML probability; recent exchange activity; strong ask-side imbalance; no current SMMA crossover; waiting for BidQty > 1M and AskQty > 1M
2026-08-10 13:30:20.549842,NSE:FABTECH-EQ,148.0,147.14436553788198,147.98323640268282,-0.838870864800839,NONE,BEARISH,2,3.5,5.090909090909091,0.6875,56,1395,3396,9,48,-0.6842105263157895,39184,-0.0270197243988024,0.2031144211239066,0.5484364232555018,False,10,AVOID,weak ML probability; recent exchange activity; strong ask-side imbalance; no current SMMA crossover; waiting for BidQty > 1M and AskQty > 1M
2026-08-10 13:31:36.423876,NSE:BAJAJHFL-EQ,85.13,85.15024258362948,85.4119136265952,-0.2616710429657161,NONE,BEARISH,24,58.09375,50.84756097560975,1.1425080944957429,8339,20499,64378,801,409,0.3239669421487603,2281091,0.0117481203007363,-0.0234879624192774,0.548379179537936,False,25,AVOID,weak ML probability; recent exchange activity; strong bid-side imbalance; no current SMMA crossover; waiting for BidQty > 1M and AskQty > 1M
2026-08-10 13:31:32.814048,NSE:GILT5YBEES-EQ,66.45,66.43790599360588,66.46343056023727,-0.0255245666313896,NONE,BEARISH,2,1.5,1.3333333333333333,1.125,8,1376,11310,740,4355,-0.7095191364082434,315540,0.0,0.0,0.5481340987541568,False,10,AVOID,weak ML probability; recent exchange activity; strong ask-side imbalance; no current SMMA crossover; waiting for BidQty > 1M and AskQty > 1M
2026-08-10 13:31:36.743637,NSE:ETERNAL-EQ,313.7,314.17545837317704,314.80510430099883,-0.6296459278217981,NONE,BEARISH,2,55.45238095238095,54.65238095238095,1.0146379715953646,11477,18998,78483,6,3251,-0.9963156278784158,5862560,0.0,-0.0318674314850331,0.547312107469791,False,10,AVOID,weak ML probability; recent exchange activity; strong ask-side imbalance; no current SMMA crossover; waiting for BidQty > 1M and AskQty > 1M
2026-08-10 13:31:36.213673,NSE:GICRE-EQ,354.7,354.90889191980483,356.1145789930848,-1.2056870732799894,NONE,BEARISH,12,9.178571428571429,19.89189189189189,0.461422748447205,1472,3780,28802,401,269,0.1970149253731343,262880,-0.0140944326990855,0.0140984068800253,0.5471587550423885,False,10,AVOID,weak ML probability; recent exchange activity; no current SMMA crossover; waiting for BidQty > 1M and AskQty > 1M
2026-08-10 13:31:36.798267,NSE:SAURASHCEM-EQ,62.68,62.625593177492426,62.37567787475759,0.2499153027348342,NONE,BULLISH,20,18.5,15.5625,1.1887550200803212,249,7741,10353,883,25,0.9449339207048458,61608,0.0,0.2078337330135848,0.5470482148362721,False,25,AVOID,weak ML probability; recent exchange activity; strong bid-side imbalance; no current SMMA crossover; waiting for BidQty > 1M and AskQty > 1M
2026-08-10 13:31:34.973891,NSE:NRBBEARING-EQ,474.0,472.4147458915271,466.5460753253754,5.868670566151707,NONE,BULLISH,7,38.30434782608695,73.075,0.5241785538978714,8769,13191,66108,62,5,0.8507462686567164,1624540,-0.0316355583676042,0.0844594594594516,0.5469205633104056,False,25,AVOID,weak ML probability; recent exchange activity; strong bid-side imbalance; no current SMMA crossover; waiting for BidQty > 1M and AskQty > 1M
2026-08-10 13:31:32.533953,NSE:SPMLINFRA-EQ,190.0,189.97113884447103,190.012635763506,-0.0414969190349552,NONE,BEARISH,301,151.1,190.86666666666667,0.7916521131680055,2863,3471,5165,130,50,0.4444444444444444,87998,-0.0105252078728579,0.0368556836729316,0.5466587334339932,False,25,AVOID,weak ML probability; recent exchange activity; strong bid-side imbalance; no current SMMA crossover; waiting for BidQty > 1M and AskQty > 1M
2026-08-10 13:31:23.643952,NSE:GICHSGFIN-EQ,152.3,152.12555299847628,152.55443649671048,-0.4288834982341996,NONE,BEARISH,25,25.0,12.8,0.0,64,149,1178,1717,17,0.9803921568627452,81803,0.0,-0.0065655570875122,0.5465488217934056,False,25,AVOID,weak ML probability; recent exchange activity; strong bid-side imbalance; no current SMMA crossover; waiting for BidQty > 1M and AskQty > 1M
2026-08-10 13:31:36.324090,NSE:INTLCONV-EQ,75.0,75.18296673920574,75.14101784761371,0.0419488915920283,NONE,BULLISH,25,22.764705882352946,33.41935483870968,0.6811832841244606,1036,1043,3269,23,104,-0.6377952755905512,39251,0.0,-0.2261540508181503,0.5459275310103618,False,10,AVOID,weak ML probability; recent exchange activity; strong ask-side imbalance; no current SMMA crossover; waiting for BidQty > 1M and AskQty > 1M
2026-08-10 13:31:33.248460,NSE:HDFCNIFBAN-EQ,59.38,59.39774533458534,59.453748994734966,-0.0560036601496278,NONE,BEARISH,2,2.034482758620689,2.6744186046511627,0.76071964017991,230,543,14529,489,245,0.332425068119891,29940,0.0,-0.0168378514901479,0.5458287054916736,False,25,AVOID,weak ML probability; recent exchange activity; strong bid-side imbalance; no current SMMA crossover; waiting for BidQty > 1M and AskQty > 1M
2026-08-10 13:31:27.283837,NSE:GHCL-EQ,434.55,434.61748282721294,435.1427707522109,-0.5252879249979969,NONE,BEARISH,22,6.555555555555555,7.315789473684211,0.8960831334932055,139,1085,2884,28,48,-0.2631578947368421,76942,0.0,0.0,0.5455344126222864,False,10,AVOID,weak ML probability; recent exchange activity; no current SMMA crossover; waiting for BidQty > 1M and AskQty > 1M
2026-08-10 13:31:34.588171,NSE:SENSEXADD-EQ,81.06,81.02003431204224,81.03521542442381,-0.015181112381569,NONE,BEARISH,4,4.0,4.0,1.0,444,792,12445,13500,4805,0.4750068287353182,397,0.0,0.0,0.5453477358207797,False,25,AVOID,weak ML probability; recent exchange activity; strong bid-side imbalance; no current SMMA crossover; waiting for BidQty > 1M and AskQty > 1M
2026-08-10 13:31:31.644776,NSE:HEMIPROP-EQ,137.7,137.7980142126887,137.99306917383103,-0.1950549611423184,NONE,BEARISH,335,711.6842105263158,451.7741935483871,1.575309569890453,14005,14951,26294,144,150,-0.0204081632653061,134717,-0.036297640653371,-0.036297640653371,0.5452536048534066,False,35,AVOID,weak ML probability; strong LTQ spike; recent exchange activity; no current SMMA crossover; waiting for BidQty > 1M and AskQty > 1M
2026-08-10 13:22:00.577318,NSE:GSEC10IETF-EQ,267.11,265.5589561107812,265.1033263525045,0.4556297582766433,NONE,BULLISH,74,0.0,0.0,0.0,0,148,296,4904,4919,-0.0015270284027282,188,0.0,0.0,0.545252677869332,False,0,AVOID,weak ML probability; no current SMMA crossover; waiting for BidQty > 1M and AskQty > 1M
2026-08-10 13:29:43.328081,NSE:ASIANTILES-EQ,54.73,54.71516641839819,55.33973730422359,-0.6245708858253991,NONE,BEARISH,399,399.0,178.35714285714286,0.0,2497,3471,24186,59,273,-0.6445783132530121,2364489,0.0,-0.127737226277369,0.5452512363127,False,10,AVOID,weak ML probability; recent exchange activity; strong ask-side imbalance; no current SMMA crossover; waiting for BidQty > 1M and AskQty > 1M
2026-08-10 13:29:44.678079,NSE:FEDDERSHOL-EQ,42.98,42.98373611023439,43.26988700287324,-0.2861508926388509,NONE,BEARISH,150,150.0,142.0,0.0,1420,2220,3228,800,8,0.9801980198019802,62602,0.0,0.1864801864801757,0.5450307295999528,False,25,AVOID,weak ML probability; recent exchange activity; strong bid-side imbalance; no current SMMA crossover; waiting for BidQty > 1M and AskQty > 1M
2026-08-10 13:29:41.547829,NSE:MODTHREAD-EQ,47.0,47.52247016491653,48.077169832629615,-0.5546996677130807,NONE,BEARISH,45,45.0,45.0,0.0,90,180,1402,9,45,-0.6666666666666666,1847,0.0,0.0,0.544794595948742,False,10,AVOID,weak ML probability; recent exchange activity; strong ask-side imbalance; no current SMMA crossover; waiting for BidQty > 1M and AskQty > 1M
2026-08-10 13:31:20.897716,NSE:AVTNPL-EQ,71.7,71.92750603933618,71.94436737417,-0.0168613348338197,NONE,BEARISH,135,135.0,113.66666666666669,1.187683284457478,1023,1376,1505,781,19,0.9525,33420,0.0,0.0,0.5447028771122089,False,25,AVOID,weak ML probability; recent exchange activity; strong bid-side imbalance; no current SMMA crossover; waiting for BidQty > 1M and AskQty > 1M
2026-08-10 13:31:36.354025,NSE:GOCLCORP-EQ,428.15,426.8101356445566,432.22124436565286,-5.411108721096241,NONE,BEARISH,1,22.214285714285715,12.67741935483871,1.752271901126863,393,652,3178,42,2,0.9090909090909092,81820,0.0,0.0,0.5445178178703671,False,50,AVOID,weak ML probability; strong LTQ spike; recent exchange activity; strong bid-side imbalance; no current SMMA crossover; waiting for BidQty > 1M and AskQty > 1M
2026-08-10 13:31:36.884278,NSE:UNIONBANK-EQ,182.29,182.40314897997905,182.8607041815707,-0.4575552015916457,NONE,BEARISH,72,49.5925925925926,47.050251256281406,1.0540345963821347,9363,15302,79342,114,635,-0.6955941255006676,5453426,-0.0054854635216816,0.0274363476733929,0.5443315630407444,False,10,AVOID,weak ML probability; recent exchange activity; strong ask-side imbalance; no current SMMA crossover; waiting for BidQty > 1M and AskQty > 1M
2026-08-10 13:31:36.888020,NSE:FEDERALBNK-EQ,355.1,354.884069418604,355.6231755668665,-0.7391061482625219,NONE,BEARISH,1,20.74117647058824,18.53275109170305,1.1191633863724568,4244,8316,43243,1843,7,0.9924324324324324,1522953,0.0,0.0845546786922168,0.5442855596225884,False,25,AVOID,weak ML probability; recent exchange activity; strong bid-side imbalance; no current SMMA crossover; waiting for BidQty > 1M and AskQty > 1M
2026-08-10 13:31:34.778069,NSE:WELSPLSOL-EQ,48.61,48.73787079499783,49.28728049481491,-0.5494096998170832,NONE,BEARISH,15,362.69565217391306,212.14634146341464,1.709648394933368,8698,8966,19904,40,63,-0.2233009708737864,400551,0.0,-0.2667213787443612,0.5438061990059273,False,35,AVOID,weak ML probability; strong LTQ spike; recent exchange activity; no current SMMA crossover; waiting for BidQty > 1M and AskQty > 1M
2026-08-10 13:31:36.323071,NSE:TATAPOWER-EQ,380.0,379.7825202375224,380.1860301797811,-0.4035099422586654,NONE,BEARISH,29,50.71604938271605,44.906103286384976,1.1293798764786742,9565,18303,68758,1413,345,0.6075085324232082,3722096,0.0131596262666233,0.0263227165043566,0.5436040283874777,False,25,AVOID,weak ML probability; recent exchange activity; strong bid-side imbalance; no current SMMA crossover; waiting for BidQty > 1M and AskQty > 1M
2026-08-10 13:31:25.713007,NSE:TIRUMALCHM-EQ,167.19,167.63948537979437,167.89263675742598,-0.2531513776316103,NONE,BEARISH,73,35.142857142857146,55.57692307692308,0.6323282254078102,1445,3218,9769,22,2,0.8333333333333334,137586,0.0,0.0598479861152689,0.54344394386463,False,25,AVOID,weak ML probability; recent exchange activity; strong bid-side imbalance; no current SMMA crossover; waiting for BidQty > 1M and AskQty > 1M
2026-08-10 13:31:22.363746,NSE:ICIL-EQ,426.5,425.9950894444823,427.24956800929016,-1.254478564807869,NONE,BEARISH,1,1.0,5.840909090909091,0.1712062256809338,257,1293,5967,27,14,0.3170731707317073,233992,0.0,0.246797508520391,0.5428891786437937,False,25,AVOID,weak ML probability; recent exchange activity; strong bid-side imbalance; no current SMMA crossover; waiting for BidQty > 1M and AskQty > 1M
2026-08-10 13:31:36.252238,NSE:OLAELEC-EQ,39.78,39.904227935624974,40.45805863991034,-0.5538307042853674,NONE,BEARISH,201,210.16,312.92432432432435,0.6716000760049057,57891,112818,393684,475,6845,-0.8702185792349727,48370669,-0.0251319426991636,-0.0502512562813972,0.5428461823265266,False,10,AVOID,weak ML probability; recent exchange activity; strong ask-side imbalance; no current SMMA crossover; waiting for BidQty > 1M and AskQty > 1M
2026-08-10 13:26:24.354221,NSE:STEELCITY-EQ,84.01,83.95197263032458,84.14960854677166,-0.1976359164470835,NONE,BEARISH,61,0.0,0.0,0.0,0,1037,1265,18,11,0.2413793103448276,3650,0.0,0.0,0.5427413118958824,False,0,AVOID,weak ML probability; no current SMMA crossover; waiting for BidQty > 1M and AskQty > 1M
2026-08-10 13:31:36.758019,NSE:DYCL-EQ,419.8,417.47610486817206,410.2862455581487,7.189859310023337,NONE,BULLISH,50,24.82051282051282,33.82727272727273,0.7337426525816744,3721,12714,34363,21,50,-0.4084507042253521,939741,-0.0476190476190407,0.0953743443014021,0.5426849485981018,False,10,AVOID,weak ML probability; recent exchange activity; strong ask-side imbalance; no current SMMA crossover; waiting for BidQty > 1M and AskQty > 1M
2026-08-10 13:31:23.780911,NSE:IGCL-EQ,74.01,74.05497340780461,73.52524892644868,0.5297244813559274,NONE,BULLISH,184,184.0,184.0,0.0,368,736,1424,37,41,-0.0512820512820512,34129,0.0,0.0,0.5426165879709726,False,10,AVOID,weak ML probability; recent exchange activity; no current SMMA crossover; waiting for BidQty > 1M and AskQty > 1M
2026-08-10 13:31:33.668164,NSE:ABSLNN50ET-EQ,78.69,78.68112328024728,78.60387844441227,0.0772448358350033,NONE,BULLISH,2,23.77777777777778,70.17391304347827,0.3388406994354949,4842,12498,25173,254355,3,0.9999764111999624,16562,0.0,0.0127097102186057,0.5425948690410617,False,25,AVOID,weak ML probability; recent exchange activity; strong bid-side imbalance; no current SMMA crossover; waiting for BidQty > 1M and AskQty > 1M
2026-08-10 13:29:10.693957,NSE:BALPHARMA-EQ,90.11,90.8304799179132,90.0510388319734,0.7794410859397942,NONE,BULLISH,2,0.0,2.0,0.0,6,38,3946,1,7,-0.75,32980,0.0,0.0,0.5423707434656283,False,10,AVOID,weak ML probability; recent exchange activity; strong ask-side imbalance; no current SMMA crossover; waiting for BidQty > 1M and AskQty > 1M
2026-08-10 13:31:20.919694,NSE:BLIL-EQ,70.96,70.94309975120275,70.84091741670288,0.1021823344998722,NONE,BULLISH,20,20.0,20.0,0.0,100,111,1039,10,9,0.0526315789473684,14389,0.0,-0.014090460758076,0.5420478325995313,False,10,AVOID,weak ML probability; recent exchange activity; no current SMMA crossover; waiting for BidQty > 1M and AskQty > 1M
2026-08-10 13:31:36.495950,NSE:TATACAP-EQ,368.2,368.1197683233672,369.4144076889995,-1.2946393656323494,NONE,BEARISH,1,8.416666666666666,8.803921568627452,0.9560133630289532,1347,3227,23551,2,35,-0.8918918918918919,971729,0.0,0.0271665308340107,0.541867733035118,False,10,AVOID,weak ML probability; recent exchange activity; strong ask-side imbalance; no current SMMA crossover; waiting for BidQty > 1M and AskQty > 1M
2026-08-10 13:30:55.211385,NSE:TARC-EQ,131.74,131.9097093815307,131.3926962640596,0.5170131174710946,NONE,BULLISH,7,55.0,61.85714285714285,0.8891454965357968,1299,2355,16624,40,45,-0.0588235294117647,184510,0.2358670014456443,0.0759647523549178,0.5415356013137888,False,10,AVOID,weak ML probability; recent exchange activity; no current SMMA crossover; waiting for BidQty > 1M and AskQty > 1M
2026-08-10 13:31:30.314453,NSE:GENUSPOWER-EQ,305.75,305.70412869535994,306.35406328346124,-0.6499345881013028,NONE,BEARISH,13,171.42424242424244,92.9753086419753,1.843760939631342,7531,10081,33000,123,31,0.5974025974025974,739046,0.0,0.0654557355588281,0.5414675299759364,False,50,AVOID,weak ML probability; strong LTQ spike; recent exchange activity; strong bid-side imbalance; no current SMMA crossover; waiting for BidQty > 1M and AskQty > 1M
2026-08-10 13:31:35.183946,NSE:MAFATIND-EQ,129.08,129.0165945258054,130.43125839126506,-1.4146638654596586,NONE,BEARISH,1,54.56521739130435,43.48275862068966,1.254870185842844,1261,2476,7601,18,13,0.1612903225806451,67811,0.0232468035645139,0.3186445946996352,0.5413040640550537,False,10,AVOID,weak ML probability; moderate LTQ spike; recent exchange activity; no current SMMA crossover; waiting for BidQty > 1M and AskQty > 1M
2026-08-10 13:31:11.998532,NSE:OMINFRAL-EQ,87.85,88.00109731637164,87.69783775583545,0.3032595605361905,NONE,BULLISH,1,89.71428571428571,70.22222222222223,1.2775768535262204,632,1014,3657,2,4,-0.3333333333333333,35781,0.0,-0.1704545454545569,0.5410993669672631,False,10,AVOID,weak ML probability; moderate LTQ spike; recent exchange activity; strong ask-side imbalance; no current SMMA crossover; waiting for BidQty > 1M and AskQty > 1M
2026-08-10 13:31:35.104085,NSE:VIKRAN-EQ,72.65,72.35053989294295,71.89413382243849,0.4564060705044568,NONE,BULLISH,78,137.78125,161.29113924050634,0.8542394247370899,12742,22571,89578,55,318,-0.7050938337801609,762889,-0.1099958751546781,-0.1511819681143444,0.540700722559583,False,10,AVOID,weak ML probability; recent exchange activity; strong ask-side imbalance; no current SMMA crossover; waiting for BidQty > 1M and AskQty > 1M
2026-08-10 13:31:36.893992,NSE:HEALTHIETF-EQ,171.21,171.008540988951,171.16556834209933,-0.1570273531483224,NONE,BEARISH,72,19.6,17.610978520286395,1.1129421330803633,7379,11582,51233,116,100,0.074074074074074,88787,0.0,0.0818378441573619,0.5404049641755405,False,10,AVOID,weak ML probability; recent exchange activity; no current SMMA crossover; waiting for BidQty > 1M and AskQty > 1M
2026-08-10 13:31:36.874924,NSE:DOLLAR-EQ,279.0,278.35378719847245,278.7988012568735,-0.4450140584010569,NONE,BEARISH,23,74.33333333333333,42.92307692307692,1.7317801672640385,558,1494,12911,24,29,-0.0943396226415094,211267,-0.0358294518093993,-0.0537345513164866,0.5402308579085823,False,35,AVOID,weak ML probability; strong LTQ spike; recent exchange activity; no current SMMA crossover; waiting for BidQty > 1M and AskQty > 1M
2026-08-10 13:31:36.131386,NSE:EVEREADY-EQ,357.75,358.7113255461108,358.83567738131705,-0.1243518352062551,NONE,BEARISH,150,57.94736842105263,59.70786516853933,0.9705148267733692,5314,7493,16951,44,63,-0.1775700934579439,304483,0.0139781940173389,-0.1116850481641673,0.5400449173776775,False,10,AVOID,weak ML probability; recent exchange activity; no current SMMA crossover; waiting for BidQty > 1M and AskQty > 1M
2026-08-10 13:31:32.968202,NSE:PANACEABIO-EQ,411.3,412.63992942125714,413.1888731461029,-0.548943724845742,NONE,BEARISH,26,14.333333333333334,6.230769230769231,2.3004115226337447,162,297,1700,1,2,-0.3333333333333333,73629,0.0,0.1948842874543332,0.5398803746158685,False,35,AVOID,weak ML probability; strong LTQ spike; recent exchange activity; strong ask-side imbalance; no current SMMA crossover; waiting for BidQty > 1M and AskQty > 1M
2026-08-10 13:31:32.467948,NSE:MOVALUE-EQ,115.07,115.30216004893146,115.75988733221182,-0.4577272832803629,NONE,BEARISH,5,21.32,59.45569620253165,0.3585863317010858,4697,9627,33270,49,1,0.96,38669,-0.1735056823111036,-0.0434329395413546,0.5395084706008425,False,25,AVOID,weak ML probability; recent exchange activity; strong bid-side imbalance; no current SMMA crossover; waiting for BidQty > 1M and AskQty > 1M
2026-08-10 13:31:24.263675,NSE:MASPTOP50-EQ,80.65,80.64944162748849,80.60354190842689,0.0458997190615946,NONE,BULLISH,500,500.0,400.4,1.2487512487512489,8008,23020,33928,330749,0,1.0,28329,0.0,0.0,0.5392739591559687,False,25,AVOID,weak ML probability; moderate LTQ spike; recent exchange activity; strong bid-side imbalance; no current SMMA crossover; waiting for BidQty > 1M and AskQty > 1M
2026-08-10 13:31:33.798022,NSE:ASIANENE-EQ,406.2,405.2709635117404,406.3820426497864,-1.111079138045966,NONE,BEARISH,15,27.642857142857142,18.868852459016395,1.4649993794216207,1151,2065,8146,4,13,-0.5294117647058824,163042,0.0,0.1726263871763222,0.5389008989118776,False,10,AVOID,weak ML probability; moderate LTQ spike; recent exchange activity; strong ask-side imbalance; no current SMMA crossover; waiting for BidQty > 1M and AskQty > 1M
2026-08-10 13:31:25.393936,NSE:NAVNETEDUL-EQ,133.45,133.1590912713037,133.34500375294368,-0.1859124816399742,NONE,BEARISH,63,57.66666666666666,42.77777777777778,1.348051948051948,770,1095,7200,1,173,-0.9885057471264368,147097,0.0,0.3534366070085726,0.5384465909905305,False,10,AVOID,weak ML probability; moderate LTQ spike; recent exchange activity; strong ask-side imbalance; no current SMMA crossover; waiting for BidQty > 1M and AskQty > 1M
2026-08-10 13:21:54.709320,NSE:THAKDEV-EQ,140.0,140.23743468067187,140.32065567052788,-0.0832209898560165,NONE,BEARISH,1,0.0,0.0,0.0,0,2,4,10,1,0.8181818181818182,6,0.0,0.0,0.5377147938694354,False,15,AVOID,weak ML probability; strong bid-side imbalance; no current SMMA crossover; waiting for BidQty > 1M and AskQty > 1M
2026-08-10 13:31:28.293902,NSE:HDFCQUAL-EQ,60.33,60.29114413245638,60.08729659462218,0.2038475378341999,NONE,BULLISH,1,1.0,1.0,1.0,87,28577,56225,90462,5013,0.8949882168106834,18158,0.0,0.0,0.5371892492673472,False,25,AVOID,weak ML probability; recent exchange activity; strong bid-side imbalance; no current SMMA crossover; waiting for BidQty > 1M and AskQty > 1M
2026-08-10 13:31:35.148093,NSE:SUZLON-EQ,47.3,47.37048045183283,47.82946514288188,-0.4589846910490465,NONE,BEARISH,107,260.8452380952381,283.6834862385321,0.9194939104629772,61843,121487,544451,26022,20,0.9984640196605484,33797192,-0.0633847454046043,-0.0422654268808164,0.5371307726423468,False,25,AVOID,weak ML probability; recent exchange activity; strong bid-side imbalance; no current SMMA crossover; waiting for BidQty > 1M and AskQty > 1M
2026-08-10 13:31:31.731630,NSE:WAKEFIT-EQ,126.08,126.40412884008992,127.0107379810922,-0.6066091410022807,NONE,BEARISH,18,47.888888888888886,38.9,1.2310768351899457,1556,4416,34215,58,1,0.9661016949152542,496046,0.0,-0.2610552962582058,0.5371224766426906,False,25,AVOID,weak ML probability; moderate LTQ spike; recent exchange activity; strong bid-side imbalance; no current SMMA crossover; waiting for BidQty > 1M and AskQty > 1M
2026-08-10 13:31:32.431431,NSE:INDIACEM-EQ,395.15,395.1614480339202,396.7771271968195,-1.615679162899255,NONE,BEARISH,1,1.0,1.5161290322580645,0.6595744680851063,47,108,322,10,2,0.6666666666666666,75141,0.0,0.0379746835442951,0.5368046752577954,False,25,AVOID,weak ML probability; recent exchange activity; strong bid-side imbalance; no current SMMA crossover; waiting for BidQty > 1M and AskQty > 1M
2026-08-10 13:31:34.560115,NSE:DEFENCE-EQ,81.28,81.3603821773907,81.26938671161773,0.090995465772977,NONE,BULLISH,123,30.8,15.793814432989691,1.950130548302872,1532,4246,345973,38,47036,-0.998385520669584,72685,-0.0246002460024596,-0.0123016361176064,0.5361911247071547,False,35,AVOID,weak ML probability; strong LTQ spike; recent exchange activity; strong ask-side imbalance; no current SMMA crossover; waiting for BidQty > 1M and AskQty > 1M
2026-08-10 13:28:44.884011,NSE:MODIRUBBER-EQ,124.4,124.49445588749852,125.73177910747562,-1.2373232199770854,NONE,BEARISH,14,0.0,9.666666666666666,0.0,29,109,173,8,10,-0.1111111111111111,962,0.0,1.7170891251022224,0.5361762376501105,False,10,AVOID,weak ML probability; recent exchange activity; no current SMMA crossover; waiting for BidQty > 1M and AskQty > 1M
2026-08-10 13:31:31.367950,NSE:BALUFORGE-EQ,465.25,465.4001886962227,466.9156389906544,-1.51545029443173,NONE,BEARISH,50,18.5,31.209302325581397,0.5927719821162445,1342,4299,29925,254,69,0.5727554179566563,712376,0.0,-0.0214892016761614,0.536087136868986,False,25,AVOID,weak ML probability; recent exchange activity; strong bid-side imbalance; no current SMMA crossover; waiting for BidQty > 1M and AskQty > 1M
2026-08-10 13:25:35.444744,NSE:WSI-EQ,60.5,60.41114557971888,60.06909215970185,0.3420534200170237,NONE,BULLISH,40,0.0,0.0,0.0,0,200,1871,17,560,-0.9410745233968804,14316,0.0,0.0,0.5358299612770908,False,0,AVOID,weak ML probability; strong ask-side imbalance; no current SMMA crossover; waiting for BidQty > 1M and AskQty > 1M
2026-08-10 13:27:35.348205,NSE:SHREERAMA-EQ,38.01,38.05896261370626,38.25068521517372,-0.191722601467454,NONE,BEARISH,24,0.0,24.0,0.0,72,180,3256,57,14,0.6056338028169014,17167,0.0,0.0,0.5357934899462279,False,25,AVOID,weak ML probability; recent exchange activity; strong bid-side imbalance; no current SMMA crossover; waiting for BidQty > 1M and AskQty > 1M
2026-08-10 13:29:53.607987,NSE:ALGOQUANT-EQ,67.14,67.08111645352794,67.11946373839297,-0.0383472848650257,NONE,BEARISH,1,1.0,13.06060606060606,0.0765661252900232,431,519,11201,257,202,0.1198257080610021,756422,0.0,0.0,0.5357720799009771,False,10,AVOID,weak ML probability; recent exchange activity; no current SMMA crossover; waiting for BidQty > 1M and AskQty > 1M
2026-08-10 13:30:46.228008,NSE:SINTERCOM-EQ,84.01,84.1159559679027,83.93823152772815,0.1777244401745576,NONE,BULLISH,50,50.0,50.0,1.0,400,700,1606,15,15,0.0,3265,0.0,0.0,0.5357164097130547,False,10,AVOID,weak ML probability; recent exchange activity; no current SMMA crossover; waiting for BidQty > 1M and AskQty > 1M
2026-08-10 13:30:34.296688,NSE:MAANALU-EQ,124.39,124.67651504833294,124.57323379059716,0.1032812577357873,NONE,BULLISH,5,5.0,4.25,0.0,17,28,495,49,4,0.8490566037735849,16960,0.0,-0.6390286764118569,0.535560119677459,False,25,AVOID,weak ML probability; recent exchange activity; strong bid-side imbalance; no current SMMA crossover; waiting for BidQty > 1M and AskQty > 1M
2026-08-10 13:31:34.553981,NSE:HDFCNEXT50-EQ,76.4,76.34875011301845,76.22044056422043,0.128309548798029,NONE,BULLISH,20,1086.9761904761904,1866.190476190476,0.5824572595049757,195950,196628,366773,2817,10367,-0.5726638349514563,257395,0.0,0.1573151546932383,0.5355470726240723,False,10,AVOID,weak ML probability; recent exchange activity; strong ask-side imbalance; no current SMMA crossover; waiting for BidQty > 1M and AskQty > 1M
2026-08-10 13:31:33.824077,NSE:FOODSIN-EQ,53.64,53.78824806546227,54.37810058579017,-0.5898525203279021,NONE,BEARISH,2,12.25,12.25,0.0,49,264,7855,19,14,0.1515151515151515,36427,0.0372995151063149,-0.1860811313732835,0.5355357490997562,False,10,AVOID,weak ML probability; recent exchange activity; no current SMMA crossover; waiting for BidQty > 1M and AskQty > 1M
2026-08-10 13:31:29.794022,NSE:PARACABLES-EQ,69.52,69.15195324191994,68.98911693111665,0.1628363108032857,NONE,BULLISH,24,158.26315789473685,108.55813953488372,1.4578654219095295,9336,11199,44077,1,34,-0.9428571428571428,2869984,-0.0431344356577989,0.1440507058484419,0.5352193893006243,False,10,AVOID,weak ML probability; moderate LTQ spike; recent exchange activity; strong ask-side imbalance; no current SMMA crossover; waiting for BidQty > 1M and AskQty > 1M
2026-08-10 13:27:25.663839,NSE:SUPREME-EQ,43.96,43.96350756856893,44.799747418904914,-0.8362398503359856,NONE,BEARISH,2,0.0,8.5,0.0,34,40,4838,15,19,-0.1176470588235294,33072,0.4340872743888502,-0.022742779167606,0.5350975767621552,False,10,AVOID,weak ML probability; recent exchange activity; no current SMMA crossover; waiting for BidQty > 1M and AskQty > 1M
2026-08-10 13:21:53.627071,NSE:BANG-EQ,30.22,30.242371167076623,30.07162699666228,0.1707441704143448,NONE,BULLISH,1,0.0,0.0,0.0,0,2,34,89,62,0.1788079470198675,12462,0.0,-0.5593945376768716,0.5350381735694689,False,0,AVOID,weak ML probability; no current SMMA crossover; waiting for BidQty > 1M and AskQty > 1M
2026-08-10 13:31:36.507090,NSE:ADANIPOWER-EQ,208.95,208.7612991707959,208.86810977545875,-0.1068106046628543,NONE,BEARISH,14,50.425,56.402061855670105,0.8940276000731127,10942,22076,143735,25,255,-0.8214285714285714,6676544,0.0095725841190663,0.0239348970799246,0.535028315078869,False,10,AVOID,weak ML probability; recent exchange activity; strong ask-side imbalance; no current SMMA crossover; waiting for BidQty > 1M and AskQty > 1M
2026-08-10 13:31:33.923710,NSE:MOMIDMTM-EQ,65.2,65.12642977677258,64.98508963446977,0.1413401423028091,NONE,BULLISH,1,54.04761904761905,30.94871794871795,1.746360516037401,1207,2120,34938,51,135,-0.4516129032258064,88968,0.0,0.1536098310291889,0.5349008788329853,False,35,AVOID,weak ML probability; strong LTQ spike; recent exchange activity; strong ask-side imbalance; no current SMMA crossover; waiting for BidQty > 1M and AskQty > 1M
2026-08-10 13:30:29.895750,NSE:MADRASFERT-EQ,66.69,66.60416693762991,66.5039015314541,0.1002654061758079,NONE,BULLISH,1,4.0,2.8,1.4285714285714286,14,23,1958,40,1,0.951219512195122,20209,0.1351351351351448,0.1351351351351448,0.5348688378324582,False,25,AVOID,weak ML probability; moderate LTQ spike; recent exchange activity; strong bid-side imbalance; no current SMMA crossover; waiting for BidQty > 1M and AskQty > 1M
2026-08-10 13:30:45.984280,NSE:SMARTWORKS-EQ,485.45,485.558144309184,486.27771915368,-0.7195748444959804,NONE,BEARISH,91,91.0,39.57142857142857,2.299638989169676,554,635,1032,20,1,0.9047619047619048,76527,0.0,0.0927835051546477,0.5341520392204738,False,50,AVOID,weak ML probability; strong LTQ spike; recent exchange activity; strong bid-side imbalance; no current SMMA crossover; waiting for BidQty > 1M and AskQty > 1M
2026-08-10 13:31:27.267000,NSE:FMGOETZE-EQ,492.7,493.10351455822575,493.0724996713786,0.0310148868471742,NONE,BULLISH,2,2.4,1.5789473684210529,1.52,30,146,16679,3,95,-0.9387755102040816,33484,0.0,0.0,0.5337062414067196,False,35,AVOID,weak ML probability; strong LTQ spike; recent exchange activity; strong ask-side imbalance; no current SMMA crossover; waiting for BidQty > 1M and AskQty > 1M
2026-08-10 13:24:02.612752,NSE:ATAM-EQ,65.6,65.30634115958915,64.84570377705407,0.4606373825350829,NONE,BULLISH,1,0.0,0.0,0.0,0,3,10,58,194,-0.5396825396825397,971,0.0,0.0,0.5328161351282164,False,0,AVOID,weak ML probability; strong ask-side imbalance; no current SMMA crossover; waiting for BidQty > 1M and AskQty > 1M
2026-08-10 13:31:33.863879,NSE:CAMPUS-EQ,222.83,222.62614207328983,223.29933549463505,-0.6731934213451893,NONE,BEARISH,1,44.206896551724135,29.029411764705884,1.522831289522412,1974,2478,9092,56,33,0.2584269662921348,292814,-0.0269191080802033,0.058374494836122,0.5326906100910825,False,35,AVOID,weak ML probability; strong LTQ spike; recent exchange activity; no current SMMA crossover; waiting for BidQty > 1M and AskQty > 1M
2026-08-10 13:31:34.705997,NSE:CPSEETF-EQ,94.05,94.02529168937646,94.14028015859364,-0.1149884692171809,NONE,BEARISH,15,68.25490196078431,62.70748299319728,1.088465023674907,9218,12173,102708,1215,9843,-0.7802495930548019,778768,0.0,0.0106337728626115,0.5326464297299266,False,10,AVOID,weak ML probability; recent exchange activity; strong ask-side imbalance; no current SMMA crossover; waiting for BidQty > 1M and AskQty > 1M
2026-08-10 13:31:36.222587,NSE:UTLSOLAR-EQ,423.0,411.4334550101861,397.6178786561724,13.815576354013729,NONE,BULLISH,178,36.77941176470589,50.36923076923077,0.7301960185418089,16370,27758,76370,99,7,0.8679245283018868,451345,-0.2240830286590389,1.1961722488038171,0.5313860431975319,False,25,AVOID,weak ML probability; recent exchange activity; strong bid-side imbalance; no current SMMA crossover; waiting for BidQty > 1M and AskQty > 1M
2026-08-10 13:31:35.139269,NSE:SJVN-EQ,67.88,67.81643328613461,67.86549911989374,-0.0490658337591298,NONE,BEARISH,7,27.67567567567568,47.24731182795699,0.5857619112056982,4394,7301,43994,464,457,0.007600434310532,806313,0.0,0.0294724432655435,0.5311667185048987,False,10,AVOID,weak ML probability; recent exchange activity; no current SMMA crossover; waiting for BidQty > 1M and AskQty > 1M
2026-08-10 13:31:36.763800,NSE:GRMOVER-EQ,90.15,90.11608454408868,90.13716700898108,-0.0210824648924017,NONE,BEARISH,116,1133.5,916.938775510204,1.2361784998887158,44930,131552,381151,395,18,0.9128329297820824,685424,0.0,-0.0886623074365489,0.5311631979586722,False,25,AVOID,weak ML probability; moderate LTQ spike; recent exchange activity; strong bid-side imbalance; no current SMMA crossover; waiting for BidQty > 1M and AskQty > 1M
2026-08-10 13:31:30.520716,NSE:PARKHOSPS-EQ,290.3,290.2493257221405,291.11427092229,-0.8649452001494637,NONE,BEARISH,409,116.33333333333331,121.6206896551724,0.9565258482185048,3527,3908,9942,1130,619,0.292166952544311,204147,0.0172265288544304,0.0172265288544304,0.5310128904554856,False,10,AVOID,weak ML probability; recent exchange activity; no current SMMA crossover; waiting for BidQty > 1M and AskQty > 1M
2026-08-10 13:31:35.084013,NSE:GOLDIETF-EQ,129.49,129.50032925771146,128.80613701147283,0.6941922462386287,NONE,BULLISH,100,107.89830508474576,25.35338345864661,4.255775378490862,6744,7873,222393,369,11154,-0.9359541785993232,6216890,0.0463571042262245,-0.0154428229480196,0.53094105955666,False,35,AVOID,weak ML probability; strong LTQ spike; recent exchange activity; strong ask-side imbalance; no current SMMA crossover; waiting for BidQty > 1M and AskQty > 1M
2026-08-10 13:31:32.048137,NSE:WCIL-EQ,88.25,88.45643100942159,88.46873068676668,-0.0122996773450836,NONE,BEARISH,9,41.66666666666666,40.04347826086956,1.0405356496561708,921,1106,1740,100,7,0.8691588785046729,39948,0.0,0.0,0.530863248522601,False,25,AVOID,weak ML probability; recent exchange activity; strong bid-side imbalance; no current SMMA crossover; waiting for BidQty > 1M and AskQty > 1M
2026-08-10 13:31:16.757968,NSE:XTGLOBAL-EQ,32.0,32.19827563505416,31.958329854200127,0.2399457808540326,NONE,BULLISH,490,490.0,490.0,0.0,1470,11956,14661,4,10,-0.4285714285714285,33333,0.0,0.6922592825676421,0.5305732239058694,False,10,AVOID,weak ML probability; recent exchange activity; strong ask-side imbalance; no current SMMA crossover; waiting for BidQty > 1M and AskQty > 1M
2026-08-10 13:31:06.793923,NSE:MWL-EQ,41.29,41.36923351404208,41.86818507549412,-0.4989515614520385,NONE,BEARISH,11,14.285714285714286,58.5,0.2442002442002442,1053,2689,22695,9116,401,0.9157297467689398,269137,0.0,0.0,0.5305046273960362,False,25,AVOID,weak ML probability; recent exchange activity; strong bid-side imbalance; no current SMMA crossover; waiting for BidQty > 1M and AskQty > 1M
2026-08-10 13:31:36.893992,NSE:SPECIALITY-EQ,150.76,150.14383290043713,147.83694311706995,2.306889783367182,NONE,BULLISH,26,50.74285714285714,74.68831168831169,0.6793948878455921,5751,9709,25262,34,100,-0.4925373134328358,150543,-0.0198952185158196,-0.0198952185158196,0.5302981994037704,False,10,AVOID,weak ML probability; recent exchange activity; strong ask-side imbalance; no current SMMA crossover; waiting for BidQty > 1M and AskQty > 1M
2026-08-10 13:31:32.693800,NSE:INDORAMA-EQ,58.33,58.54561731889176,59.051205437523095,-0.5055881186313371,NONE,BEARISH,214,172.66666666666666,153.5,1.1248642779587403,2149,5424,9941,25,12,0.3513513513513513,77488,0.0,0.0171467764060295,0.5302396974683621,False,25,AVOID,weak ML probability; recent exchange activity; strong bid-side imbalance; no current SMMA crossover; waiting for BidQty > 1M and AskQty > 1M
2026-08-10 13:30:55.098775,NSE:MODIS-EQ,391.5,392.4579932772743,392.4388769183189,0.0191163589553866,NONE,BULLISH,18,18.0,18.0,0.0,72,93,386,9,3,0.5,8742,-0.1784803671596058,-0.3436426116838587,0.5301838372916362,False,25,AVOID,weak ML probability; recent exchange activity; strong bid-side imbalance; no current SMMA crossover; waiting for BidQty > 1M and AskQty > 1M
2026-08-10 13:31:34.703910,NSE:MOINFRA-EQ,60.3,60.29452515647929,60.48242001368741,-0.1878948572081213,NONE,BEARISH,33,30.33333333333333,24.484375,1.2388853435439269,1567,3176,11365,20,855,-0.9542857142857144,2031,0.0,0.0663790242283468,0.5294330517087651,False,10,AVOID,weak ML probability; moderate LTQ spike; recent exchange activity; strong ask-side imbalance; no current SMMA crossover; waiting for BidQty > 1M and AskQty > 1M
2026-08-10 13:26:22.644022,NSE:SRGHFL-EQ,289.0,287.9779420123153,287.2817454977004,0.6961965146148827,NONE,BULLISH,1,0.0,0.0,0.0,0,5,8,6,458,-0.9741379310344828,153,0.0,0.0,0.5293156527589952,False,0,AVOID,weak ML probability; strong ask-side imbalance; no current SMMA crossover; waiting for BidQty > 1M and AskQty > 1M
2026-08-10 13:29:49.171458,NSE:TRIGYN-EQ,54.04,54.34933029133249,53.82802501148824,0.521305279844249,NONE,BULLISH,29,29.0,29.0,0.0,29,145,232,30,12,0.4285714285714285,17342,0.0,-1.0075105330646703,0.5288885118837161,False,25,AVOID,weak ML probability; recent exchange activity; strong bid-side imbalance; no current SMMA crossover; waiting for BidQty > 1M and AskQty > 1M
2026-08-10 13:31:36.854139,NSE:HINDPETRO-EQ,393.3,393.5328194689401,393.7208197348003,-0.1880002658601824,NONE,BEARISH,15,36.86013986013986,39.73559322033898,0.927635323216282,11722,19458,106304,35,372,-0.828009828009828,4266138,0.0,0.0254323499491393,0.528295989005741,False,10,AVOID,weak ML probability; recent exchange activity; strong ask-side imbalance; no current SMMA crossover; waiting for BidQty > 1M and AskQty > 1M
2026-08-10 13:30:51.247301,NSE:NELCAST-EQ,123.74,124.1320077118894,125.0448251517828,-0.912817439893388,NONE,BEARISH,1,2.333333333333333,1.875,1.2444444444444445,30,2509,37160,11,11,0.0,41151,0.0,0.0,0.5278096270865639,False,10,AVOID,weak ML probability; moderate LTQ spike; recent exchange activity; no current SMMA crossover; waiting for BidQty > 1M and AskQty > 1M
2026-08-10 13:29:32.213997,NSE:ADVANCE-EQ,122.55,122.94844658274856,124.98860085349476,-2.0401542707462283,NONE,BEARISH,1,0.0,1.0,0.0,9,556,15792,3,3,0.0,290894,0.0,-0.0407830342577519,0.5275934847532536,False,10,AVOID,weak ML probability; recent exchange activity; no current SMMA crossover; waiting for BidQty > 1M and AskQty > 1M
2026-08-10 13:31:35.896195,NSE:LTFOODS-EQ,427.5,427.4386042735046,427.5121486358431,-0.0735443623385094,NONE,BEARISH,3,3.2857142857142856,10.797872340425531,0.304292751583392,1015,1381,4458,6,1,0.7142857142857143,144186,0.0,-0.011694538650453,0.5273131701538918,False,25,AVOID,weak ML probability; recent exchange activity; strong bid-side imbalance; no current SMMA crossover; waiting for BidQty > 1M and AskQty > 1M
2026-08-10 13:31:36.830109,NSE:PSUBNKBEES-EQ,96.7,96.85908448112508,97.51934264288964,-0.6602581617645455,NONE,BEARISH,2,1064.9934640522877,1052.233695652174,1.0121263636137456,387222,758852,1791025,206910,314,0.996969462996564,3266909,0.0206868018204353,0.0103423311614392,0.5273094227346711,False,25,AVOID,weak ML probability; recent exchange activity; strong bid-side imbalance; no current SMMA crossover; waiting for BidQty > 1M and AskQty > 1M
2026-08-10 13:31:33.347673,NSE:EXICOM-EQ,158.29,157.98117042224868,158.07799407338274,-0.0968236511340592,NONE,BEARISH,20,39.76923076923077,56.696969696969695,0.7014348558977099,1871,4445,13405,57,40,0.1752577319587628,1061915,0.0252764612954203,0.0063179176143401,0.5272182947492446,False,10,AVOID,weak ML probability; recent exchange activity; no current SMMA crossover; waiting for BidQty > 1M and AskQty > 1M
2026-08-10 13:31:25.699551,NSE:BIGBLOC-EQ,46.85,46.82745908621228,46.88284664459627,-0.0553875583839911,NONE,BEARISH,2,13.25,27.666666666666668,0.4789156626506023,415,721,14731,21,23,-0.0454545454545454,100780,-0.1491901108269355,-0.1917341286748919,0.5271481059960043,False,10,AVOID,weak ML probability; recent exchange activity; no current SMMA crossover; waiting for BidQty > 1M and AskQty > 1M
2026-08-10 13:30:48.032989,NSE:BVCL-EQ,41.53,41.77278568017733,41.48525458602919,0.2875310941481359,NONE,BULLISH,18,18.0,18.0,0.0,18,90,107,1,38,-0.9487179487179488,2991,0.0,-0.8830548926014314,0.5270999668783368,False,10,AVOID,weak ML probability; recent exchange activity; strong ask-side imbalance; no current SMMA crossover; waiting for BidQty > 1M and AskQty > 1M
2026-08-10 13:31:36.538754,NSE:IDBI-EQ,83.7,83.70085564073598,83.9899965440816,-0.2891409033456256,NONE,BEARISH,1,62.1578947368421,37.08888888888889,1.6759168742707578,3338,6317,63789,498,250,0.3315508021390374,1533652,0.0478125747071622,0.0478125747071622,0.526963245319852,False,50,AVOID,weak ML probability; strong LTQ spike; recent exchange activity; strong bid-side imbalance; no current SMMA crossover; waiting for BidQty > 1M and AskQty > 1M
2026-08-10 13:31:36.822600,NSE:IGIL-EQ,354.45,354.5519592639027,355.31361868657075,-0.7616594226680604,NONE,BEARISH,1,10.38095238095238,28.8,0.3604497354497354,1440,5533,9191,54,12,0.6363636363636364,347598,0.084709868699706,0.0988421349900958,0.526761179911128,False,25,AVOID,weak ML probability; recent exchange activity; strong bid-side imbalance; no current SMMA crossover; waiting for BidQty > 1M and AskQty > 1M
2026-08-10 13:31:36.482348,NSE:INDOCO-EQ,220.89,219.72013923039037,220.1922936457445,-0.472154415354197,NONE,BEARISH,38,35.77777777777778,29.428571428571427,1.2157497303128373,824,3244,10246,150,9,0.8867924528301887,62415,0.0,-0.1581992406436527,0.5267239982139748,False,25,AVOID,weak ML probability; moderate LTQ spike; recent exchange activity; strong bid-side imbalance; no current SMMA crossover; waiting for BidQty > 1M and AskQty > 1M
2026-08-10 13:31:23.163888,NSE:HAPPSTMNDS-EQ,406.7,405.9641608970643,406.3061353489669,-0.3419744519025585,NONE,BEARISH,1,125.90322580645162,78.14285714285714,1.6111930176328362,6017,10914,20258,123,715,-0.7064439140811456,481173,0.0,0.0,0.5267192091547017,False,35,AVOID,weak ML probability; strong LTQ spike; recent exchange activity; strong ask-side imbalance; no current SMMA crossover; waiting for BidQty > 1M and AskQty > 1M
2026-08-10 13:31:09.164566,NSE:TALBROAUTO-EQ,437.9,437.2216017799619,437.9387762563939,-0.7171744764320351,NONE,BEARISH,1,37.588235294117645,34.44,1.091412174625948,861,11066,14008,2,12,-0.7142857142857143,142548,0.0,0.1028688993027771,0.526202591083765,False,10,AVOID,weak ML probability; recent exchange activity; strong ask-side imbalance; no current SMMA crossover; waiting for BidQty > 1M and AskQty > 1M
2026-08-10 13:31:34.633773,NSE:LOWVOL-EQ,213.52,213.52230239824095,213.14177377603608,0.3805286222049062,NONE,BULLISH,2,2.0,2.0,1.0,192,334,1362,50,14906,-0.9933137202460552,112,0.0,0.0,0.5261778679174991,False,10,AVOID,weak ML probability; recent exchange activity; strong ask-side imbalance; no current SMMA crossover; waiting for BidQty > 1M and AskQty > 1M
2026-08-10 13:31:35.104085,NSE:EXIDEIND-EQ,485.55,485.63610675109067,487.20189012237046,-1.5657833712797924,NONE,BEARISH,1,8.016129032258064,7.695906432748538,1.0416094715168154,1316,2328,12288,1,43,-0.9545454545454546,2088870,0.0309023485784987,-0.0308832612723852,0.5247537878533726,False,10,AVOID,weak ML probability; recent exchange activity; strong ask-side imbalance; no current SMMA crossover; waiting for BidQty > 1M and AskQty > 1M
2026-08-10 13:31:34.368083,NSE:BSLSENETFG-EQ,79.28,79.27014884631164,79.20795775289689,0.0621910934147535,NONE,BULLISH,1,1.0,48.41379310344828,0.0206552706552706,4212,7532,8997,50001,11601,0.6233563845329697,10636,0.0,0.0252334090335537,0.5234790263111918,False,25,AVOID,weak ML probability; recent exchange activity; strong bid-side imbalance; no current SMMA crossover; waiting for BidQty > 1M and AskQty > 1M
2026-08-10 13:31:33.463951,NSE:NEXT50BETA-EQ,80.77,80.6513014580208,80.59081329836502,0.060488159655776,NONE,BULLISH,40,59.0,69.02739726027397,0.8547330819607065,5039,7301,268229,8815,1,0.9997731397459164,215353,0.0,0.161210317460303,0.5232583222669827,False,25,AVOID,weak ML probability; recent exchange activity; strong bid-side imbalance; no current SMMA crossover; waiting for BidQty > 1M and AskQty > 1M
2026-08-10 13:31:34.984438,NSE:TTML-EQ,39.11,39.1616053526384,39.27387317305025,-0.1122678204118514,NONE,BEARISH,42,25.714285714285715,28.614035087719294,0.8986598931418062,1631,4232,42205,62,550,-0.7973856209150327,562519,-0.0766479305058798,-0.1021711366538946,0.5225561965789878,False,10,AVOID,weak ML probability; recent exchange activity; strong ask-side imbalance; no current SMMA crossover; waiting for BidQty > 1M and AskQty > 1M
2026-08-10 13:31:07.837694,NSE:LICNMID100-EQ,64.02,64.32357805790551,64.01301149248128,0.3105665654242244,NONE,BULLISH,18,6.666666666666667,5.348837209302325,1.246376811594203,230,735,1027,146089,29,0.9996030605401114,3497,0.0,0.0312499999999937,0.5225202016464326,False,25,AVOID,weak ML probability; moderate LTQ spike; recent exchange activity; strong bid-side imbalance; no current SMMA crossover; waiting for BidQty > 1M and AskQty > 1M
2026-08-10 13:31:31.734169,NSE:SIGIND-EQ,69.32,68.82243870872766,68.5363650978332,0.2860736108944621,NONE,BULLISH,50,34.25,22.73684210526316,1.5063657407407407,432,16250,27227,413,10,0.9527186761229316,153326,0.0,0.3183791606367503,0.521871046910412,False,50,AVOID,weak ML probability; strong LTQ spike; recent exchange activity; strong bid-side imbalance; no current SMMA crossover; waiting for BidQty > 1M and AskQty > 1M
2026-08-10 13:31:36.818241,NSE:AWHCL-EQ,415.25,416.052399353974,416.1240394761713,-0.0716401221973228,NONE,BEARISH,3,28.82608695652174,20.5,1.4061505832449628,902,999,3026,11,7,0.2222222222222222,122681,0.0240876791521182,-0.1442827942767843,0.5215053630368874,False,10,AVOID,weak ML probability; moderate LTQ spike; recent exchange activity; no current SMMA crossover; waiting for BidQty > 1M and AskQty > 1M
2026-08-10 13:31:31.397796,NSE:GUFICBIO-EQ,434.0,432.6729795536265,426.69240349185935,5.980576061767124,NONE,BULLISH,98,45.09090909090909,23.185185185185187,1.9448155678187624,626,2442,16800,2,12,-0.7142857142857143,142012,0.2541002541002646,-0.034550270643785,0.521312255764377,False,35,AVOID,weak ML probability; strong LTQ spike; recent exchange activity; strong ask-side imbalance; no current SMMA crossover; waiting for BidQty > 1M and AskQty > 1M
2026-08-10 13:31:36.317025,NSE:NMDC-EQ,85.7,85.7407517494934,85.62247498522558,0.1182767642678186,NONE,BULLISH,21,107.31958762886596,134.15062761506277,0.7999931833104287,32062,66429,275755,3423,401,0.7902719665271967,17131826,0.0350180926812271,-0.0583090379008721,0.5209514529771926,False,25,AVOID,weak ML probability; recent exchange activity; strong bid-side imbalance; no current SMMA crossover; waiting for BidQty > 1M and AskQty > 1M
2026-08-10 13:26:11.298171,NSE:XELPMOC-EQ,81.99,81.78189847123332,81.6529890680172,0.1289094032161131,NONE,BULLISH,1,0.0,0.0,0.0,0,4,418,10,1966,-0.9898785425101214,4881,0.0,0.4779411764705976,0.5207922556034501,False,0,AVOID,weak ML probability; strong ask-side imbalance; no current SMMA crossover; waiting for BidQty > 1M and AskQty > 1M
2026-08-10 13:31:32.753860,NSE:HDFCSENSEX-EQ,89.17,89.11005126852504,89.07456375502818,0.0354875134968608,NONE,BULLISH,1,13.22222222222222,59.34782608695652,0.2227920227920227,5460,10791,88978,1250,21,0.966955153422502,21171,0.0,0.1572503650454804,0.5200878245717192,False,25,AVOID,weak ML probability; recent exchange activity; strong bid-side imbalance; no current SMMA crossover; waiting for BidQty > 1M and AskQty > 1M
2026-08-10 13:31:33.854044,NSE:MAFANG-EQ,206.32,206.31985533075832,206.30743519796155,0.0124201327967625,NONE,BULLISH,92,92.0,248.69565217391303,0.3699300699300699,11440,13305,35580,647827,0,1.0,63000,0.0,0.0,0.5200862620581002,False,25,AVOID,weak ML probability; recent exchange activity; strong bid-side imbalance; no current SMMA crossover; waiting for BidQty > 1M and AskQty > 1M
2026-08-10 13:31:36.349263,NSE:AARNAV-EQ,31.21,30.941903192004094,30.86770789836069,0.0741952936434096,NONE,BULLISH,1,5.1,9.223529411764703,0.5529336734693877,784,5289,6165,1,19,-0.9,26858,-0.5417463352453744,0.0962155227710148,0.5196013981362033,False,10,AVOID,weak ML probability; recent exchange activity; strong ask-side imbalance; no current SMMA crossover; waiting for BidQty > 1M and AskQty > 1M
2026-08-10 13:31:32.863750,NSE:GPTINFRA-EQ,114.57,114.80083933081453,115.3799707029798,-0.5791313721652926,NONE,BEARISH,6,6.0,8.090909090909092,0.7415730337078651,89,800,3016,4,18,-0.6363636363636364,40107,0.0,0.0,0.5189724544901982,False,10,AVOID,weak ML probability; recent exchange activity; strong ask-side imbalance; no current SMMA crossover; waiting for BidQty > 1M and AskQty > 1M
2026-08-10 13:31:33.016520,NSE:NEXT50IETF-EQ,78.91,78.85680157887946,78.78504543966343,0.0717561392160206,NONE,BULLISH,65,891.2432432432432,430.36046511627904,2.0709226694474325,37011,38580,77179,35,32,0.044776119402985,520239,-0.0380035469977224,0.0760938490805385,0.5187442600053987,False,35,AVOID,weak ML probability; strong LTQ spike; recent exchange activity; no current SMMA crossover; waiting for BidQty > 1M and AskQty > 1M
2026-08-10 13:31:32.459635,NSE:BANKBETA-EQ,59.66,59.65305224706459,59.71505009439935,-0.0619978473347515,NONE,BEARISH,1,6.44,3.388059701492537,1.9007929515418505,227,1394,50041601,38,488,-0.8555133079847909,705928,0.0838785438684652,0.0838785438684652,0.5178654165374956,False,35,AVOID,weak ML probability; strong LTQ spike; recent exchange activity; strong ask-side imbalance; no current SMMA crossover; waiting for BidQty > 1M and AskQty > 1M
2026-08-10 13:31:34.874121,NSE:LOTUSDEV-EQ,184.99,183.63526333614976,184.024010857275,-0.3887475211252251,NONE,BEARISH,10,438.4761904761905,387.4318181818182,1.1317505942953237,34094,107941,651058,471,471,0.0,3864744,0.0,0.3199566160520639,0.5173623862644902,False,10,AVOID,weak ML probability; recent exchange activity; no current SMMA crossover; waiting for BidQty > 1M and AskQty > 1M
2026-08-10 13:26:14.651109,NSE:3PLAND-EQ,31.8,31.88432643022902,32.05742965655596,-0.1731032263269405,NONE,BEARISH,20,0.0,0.0,0.0,0,240,296,300,2322,-0.7711670480549199,3840,0.0,0.0,0.5172421576585703,False,0,AVOID,weak ML probability; strong ask-side imbalance; no current SMMA crossover; waiting for BidQty > 1M and AskQty > 1M
2026-08-10 13:31:30.787177,NSE:MMTC-EQ,64.36,64.3806512477966,64.19688954705153,0.1837617007450802,NONE,BULLISH,25,71.52631578947368,91.0,0.7860034702139965,4823,15048,87730,545,144,0.5820029027576198,1825281,0.0466345406497703,0.1088816301135331,0.5168642769854608,False,25,AVOID,weak ML probability; recent exchange activity; strong bid-side imbalance; no current SMMA crossover; waiting for BidQty > 1M and AskQty > 1M
2026-08-10 13:31:34.430155,NSE:BANKADD-EQ,59.07,59.10791524790846,59.149352231915856,-0.0414369840073973,NONE,BEARISH,2,8.514285714285714,40.20212765957447,0.2117869428798246,3779,8322,253453,100,17,0.7094017094017094,36760,0.0,-0.0845737483085251,0.5167707828786355,False,25,AVOID,weak ML probability; recent exchange activity; strong bid-side imbalance; no current SMMA crossover; waiting for BidQty > 1M and AskQty > 1M
2026-08-10 13:31:24.817926,NSE:SBIBPB-EQ,50.17,50.23589927269558,50.46659619946134,-0.2306969267657592,NONE,BEARISH,3,4.75,12.923076923076923,0.3675595238095238,1008,3350,39597,416,1705,-0.6077322017916077,37167,0.0,0.019936204146731,0.5162919524798814,False,10,AVOID,weak ML probability; recent exchange activity; strong ask-side imbalance; no current SMMA crossover; waiting for BidQty > 1M and AskQty > 1M
2026-08-10 13:31:36.380415,NSE:SYNGENE-EQ,400.45,400.3880197615068,401.7243194848687,-1.3362997233618898,NONE,BEARISH,1,12.391304347826088,12.418300653594772,0.9978260869565218,3800,7203,32787,330,43,0.7694369973190348,1232877,0.0374718960779452,-0.0499188818170459,0.5161455177986893,False,25,AVOID,weak ML probability; recent exchange activity; strong bid-side imbalance; no current SMMA crossover; waiting for BidQty > 1M and AskQty > 1M
2026-08-10 13:31:32.867817,NSE:TNPETRO-EQ,99.42,99.5865678618772,100.20902191110471,-0.6224540492275423,NONE,BEARISH,103,103.0,103.0,1.0,1648,3212,7089,1,6,-0.7142857142857143,170487,0.0,0.0,0.5149476821451289,False,10,AVOID,weak ML probability; recent exchange activity; strong ask-side imbalance; no current SMMA crossover; waiting for BidQty > 1M and AskQty > 1M
2026-08-10 13:31:36.161378,NSE:ANDHRSUGAR-EQ,100.32,102.56763674421887,96.98708023308338,5.580556511135498,NONE,BULLISH,99,201.72566371681413,202.1360946745562,0.9979695315752348,68322,177722,489401,550,68,0.7799352750809061,14069347,-0.3476706069335589,-0.4267990074441785,0.5148119570884376,False,25,AVOID,weak ML probability; recent exchange activity; strong bid-side imbalance; no current SMMA crossover; waiting for BidQty > 1M and AskQty > 1M
2026-08-10 13:31:26.923690,NSE:TEMBO-EQ,63.0,62.9056003939279,62.17736468567324,0.7282357082546582,NONE,BULLISH,10,38.84615384615385,182.02941176470588,0.2134059186894863,6189,6798,101897,54,927,-0.8899082568807339,1892161,0.0,0.6389776357827559,0.5147758947013118,False,10,AVOID,weak ML probability; recent exchange activity; strong ask-side imbalance; no current SMMA crossover; waiting for BidQty > 1M and AskQty > 1M
2026-08-10 13:31:36.787983,NSE:WEL-EQ,137.1,133.92576252986686,130.43624072813316,3.489521801733701,NONE,BULLISH,10,216.36567164179104,263.64094955489617,0.8206830995225902,88847,148272,595066,32,68,-0.36,10343799,0.0,0.1168394917482107,0.5145101838184739,False,10,AVOID,weak ML probability; recent exchange activity; strong ask-side imbalance; no current SMMA crossover; waiting for BidQty > 1M and AskQty > 1M
2026-08-10 13:31:19.153757,NSE:BAJAJHCARE-EQ,329.95,328.4867427755506,328.5458145347246,-0.059071759174003,NONE,BEARISH,2,31.25,27.27777777777778,1.145621181262729,982,2388,4315,20,7,0.4814814814814814,62465,0.0,-0.0605785249129131,0.5143930990040322,False,25,AVOID,weak ML probability; recent exchange activity; strong bid-side imbalance; no current SMMA crossover; waiting for BidQty > 1M and AskQty > 1M
2026-08-10 13:31:34.883859,NSE:GROWWPSE-EQ,98.81,98.9188589474638,99.26771776437629,-0.3488588169124682,NONE,BEARISH,7,7.0,7.0,1.0,574,1050,14700,13,207,-0.8818181818181818,696,0.0,0.0,0.5143169127294567,False,10,AVOID,weak ML probability; recent exchange activity; strong ask-side imbalance; no current SMMA crossover; waiting for BidQty > 1M and AskQty > 1M
2026-08-10 13:31:34.319027,NSE:NFL-EQ,72.59,72.63205438943183,72.32351611760872,0.3085382718231102,NONE,BULLISH,70,36.0,90.2077922077922,0.3990786063921681,6946,8855,38101,214,55,0.5910780669144982,420005,-0.0688325991189398,-0.013774104683184,0.5139359673755182,False,25,AVOID,weak ML probability; recent exchange activity; strong bid-side imbalance; no current SMMA crossover; waiting for BidQty > 1M and AskQty > 1M
2026-08-10 13:31:18.347836,NSE:MOSERVICE-EQ,31.55,31.56808864212965,31.66186668302478,-0.0937780408951312,NONE,BEARISH,200,200.0,200.0,1.0,5600,9000,9114,20,2000,-0.9801980198019802,8457,0.0,0.0,0.5135309901593806,False,10,AVOID,weak ML probability; recent exchange activity; strong ask-side imbalance; no current SMMA crossover; waiting for BidQty > 1M and AskQty > 1M
2026-08-10 13:31:36.327972,NSE:AMBUJACEM-EQ,431.7,431.9600057439453,433.0448382597068,-1.0848325157614909,NONE,BEARISH,37,37.30434782608695,31.103448275862068,1.1993637327677624,5412,9337,37394,6,4,0.2,1011557,-0.0115807759119901,0.0347584289190017,0.5118213917689252,False,10,AVOID,weak ML probability; recent exchange activity; no current SMMA crossover; waiting for BidQty > 1M and AskQty > 1M
2026-08-10 13:31:36.179867,NSE:SUNFLAG-EQ,383.55,382.4948404763706,385.31865031266426,-2.8238098362936626,NONE,BEARISH,56,34.47826086956522,25.53846153846154,1.3500523834468308,996,2818,20722,1285,90,0.8690909090909091,144209,0.3400915631131429,0.1697571167406764,0.5114680715049204,False,25,AVOID,weak ML probability; moderate LTQ spike; recent exchange activity; strong bid-side imbalance; no current SMMA crossover; waiting for BidQty > 1M and AskQty > 1M
2026-08-10 13:31:30.249910,NSE:MUFTI-EQ,87.69,87.93619188213428,87.28383427599361,0.6523576061406686,NONE,BULLISH,1,1.0,22.65625,0.0441379310344827,725,1046,21008,10,10,0.0,178709,0.0,0.1599086236436342,0.5113716394680914,False,10,AVOID,weak ML probability; recent exchange activity; no current SMMA crossover; waiting for BidQty > 1M and AskQty > 1M
2026-08-10 13:28:38.297837,NSE:MANALIPETC-EQ,65.06,65.07330236397361,64.81430356558923,0.2589987983843826,NONE,BULLISH,30,0.0,30.0,0.0,150,2130,7056,6,5,0.0909090909090909,184501,0.0,0.0307503075030579,0.51085300322841,False,10,AVOID,weak ML probability; recent exchange activity; no current SMMA crossover; waiting for BidQty > 1M and AskQty > 1M
2026-08-10 13:31:34.508128,NSE:NITCO-EQ,97.98,98.3136091514182,98.83865548696616,-0.5250463355479553,NONE,BEARISH,25,10.3,8.625,1.1942028985507247,207,1685,80661,56,7,0.7777777777777778,623294,-0.0102051229717181,-0.0102051229717181,0.5105783554231585,False,25,AVOID,weak ML probability; recent exchange activity; strong bid-side imbalance; no current SMMA crossover; waiting for BidQty > 1M and AskQty > 1M
2026-08-10 13:31:36.213673,NSE:BCLIND-EQ,37.59,37.56024039178681,37.25405421237447,0.306186179412343,NONE,BULLISH,82,93.13636363636364,178.69230769230768,0.5212108167338474,6969,12393,56756,362,206,0.2746478873239437,693773,-0.2123705866737379,-0.2123705866737379,0.5104118481980814,False,10,AVOID,weak ML probability; recent exchange activity; no current SMMA crossover; waiting for BidQty > 1M and AskQty > 1M
2026-08-10 13:31:36.454071,NSE:SPARC-EQ,218.39,212.87172477177512,212.68014750866897,0.1915772631061543,BUY,BULLISH,72,59.19767441860465,74.94464944649447,0.7898852667376592,20310,21331,51297,108,1,0.981651376146789,863020,0.7659299589350743,2.757257798898971,0.510280497469146,False,25,AVOID,weak ML probability; recent exchange activity; strong bid-side imbalance; SMMA20 crossed above SMMA120; waiting for BidQty > 1M and AskQty > 1M
2026-08-10 13:31:06.793923,NSE:UNIECOM-EQ,84.41,84.78506690272802,84.71937765142768,0.0656892513003413,NONE,BULLISH,35,40.8125,37.68292682926829,1.083050161812298,1545,2541,13048,17,17,0.0,126811,0.0,-0.011845534233601,0.5102078536404998,False,10,AVOID,weak ML probability; recent exchange activity; no current SMMA crossover; waiting for BidQty > 1M and AskQty > 1M
2026-08-10 13:31:17.647937,NSE:AAATECH-EQ,96.37,96.43048646840708,94.27836295393016,2.152123514476912,NONE,BULLISH,25,25.0,83.5625,0.2991772625280479,1337,8189,17632,30,25,0.0909090909090909,45693,0.0,0.7106280698087719,0.5098472481769211,False,10,AVOID,weak ML probability; recent exchange activity; no current SMMA crossover; waiting for BidQty > 1M and AskQty > 1M
2026-08-10 13:31:15.858141,NSE:ORIENTHOT-EQ,126.72,126.80502937602014,127.35958638810207,-0.5545570120819292,NONE,BEARISH,41,94.875,44.55555555555556,2.129364089775561,1203,1600,38639,207,19,0.831858407079646,279157,0.0,0.1185114956150812,0.5097747126739147,False,50,AVOID,weak ML probability; strong LTQ spike; recent exchange activity; strong bid-side imbalance; no current SMMA crossover; waiting for BidQty > 1M and AskQty > 1M
2026-08-10 13:31:04.403929,NSE:BMWVENTLTD-EQ,59.1,59.29580320071128,59.346553230096966,-0.0507500293856821,NONE,BEARISH,30,20.625,17.5,1.1785714285714286,175,228,1854,4,10,-0.4285714285714285,61429,0.0,-0.0845308537616218,0.5092788980354965,False,10,AVOID,weak ML probability; recent exchange activity; strong ask-side imbalance; no current SMMA crossover; waiting for BidQty > 1M and AskQty > 1M
2026-08-10 13:31:17.107140,NSE:GEOJITFSL-EQ,78.54,78.5590157041684,77.71439191537449,0.8446237887939105,NONE,BULLISH,20,51.0,48.54054054054054,1.0506681514476617,1796,3515,67398,16,109,-0.744,186336,0.0,0.0382116927780007,0.5089776118135477,False,10,AVOID,weak ML probability; recent exchange activity; strong ask-side imbalance; no current SMMA crossover; waiting for BidQty > 1M and AskQty > 1M
2026-08-10 13:31:36.767895,NSE:YATRA-EQ,104.19,104.09896648325096,105.29022092578424,-1.1912544425332785,NONE,BEARISH,17,15.529411764705882,28.13888888888889,0.5518843272748388,1013,9707,52520,29,3,0.8125,897318,0.0384061449831829,0.1730602826651273,0.508813061293441,False,25,AVOID,weak ML probability; recent exchange activity; strong bid-side imbalance; no current SMMA crossover; waiting for BidQty > 1M and AskQty > 1M
2026-08-10 13:31:23.778898,NSE:ABSLMSCIN-EQ,30.23,30.245932335886742,30.329107968040507,-0.0831756321537611,NONE,BEARISH,331,331.0,331.0,1.0,12578,22839,25312,320,3000,-0.8072289156626506,643,0.0,0.0,0.5085600801063583,False,10,AVOID,weak ML probability; recent exchange activity; strong ask-side imbalance; no current SMMA crossover; waiting for BidQty > 1M and AskQty > 1M
2026-08-10 13:31:36.227703,NSE:ARIHANTCAP-EQ,76.0,75.99837657807502,75.74434013611574,0.2540364419592862,NONE,BULLISH,75,75.0,75.0,1.0,4950,5707,23273,125,300,-0.4117647058823529,86617,0.0,0.0,0.5078396653007607,False,10,AVOID,weak ML probability; recent exchange activity; strong ask-side imbalance; no current SMMA crossover; waiting for BidQty > 1M and AskQty > 1M
2026-08-10 13:21:54.265461,NSE:MONEYBOXX-EQ,61.0,61.21882256750823,61.09743302451773,0.1213895429904923,NONE,BULLISH,47,0.0,0.0,0.0,0,94,564,163,2,0.9757575757575756,1781,0.0,0.0,0.5075347541811869,False,15,AVOID,weak ML probability; strong bid-side imbalance; no current SMMA crossover; waiting for BidQty > 1M and AskQty > 1M
2026-08-10 13:30:52.823804,NSE:HPAL-EQ,34.11,34.354099876016754,34.21653257087259,0.1375673051441666,NONE,BULLISH,5,87.85714285714286,42.94117647058823,2.045988258317026,730,2093,25508,18,866,-0.9592760180995475,53234,0.0,0.0,0.5070154776465648,False,35,AVOID,weak ML probability; strong LTQ spike; recent exchange activity; strong ask-side imbalance; no current SMMA crossover; waiting for BidQty > 1M and AskQty > 1M
2026-08-10 13:31:33.375249,NSE:IT-EQ,35.16,35.18672159799334,35.08498823243086,0.101733365562481,NONE,BULLISH,90,30.03125,62.98936170212766,0.4767670157068063,5921,98454,212187,249838,6579,0.948685149580566,387832,-0.085251491901106,-0.085251491901106,0.5068272253727535,False,25,AVOID,weak ML probability; recent exchange activity; strong bid-side imbalance; no current SMMA crossover; waiting for BidQty > 1M and AskQty > 1M
2026-08-10 13:31:26.785173,NSE:SERVOTECH-EQ,85.1,85.2650068861999,85.02260250662516,0.2424043795747366,NONE,BULLISH,160,160.0,65.16129032258064,2.4554455445544554,2020,3120,15684,400,29,0.8648018648018648,302533,0.0,0.0,0.5061927977699537,False,50,AVOID,weak ML probability; strong LTQ spike; recent exchange activity; strong bid-side imbalance; no current SMMA crossover; waiting for BidQty > 1M and AskQty > 1M
2026-08-10 13:31:18.403710,NSE:COMMOIETF-EQ,102.06,101.97214277580552,101.85532596875952,0.1168168070459785,NONE,BULLISH,2,5.6875,42.725,0.1331187829139848,3418,5935,35676,5,10,-0.3333333333333333,24127,0.0,0.1668465992737289,0.5057452807198607,False,10,AVOID,weak ML probability; recent exchange activity; strong ask-side imbalance; no current SMMA crossover; waiting for BidQty > 1M and AskQty > 1M
2026-08-10 13:31:33.243738,NSE:NEXT50ETF-EQ,75.39,75.31859757368957,75.17989265342644,0.1387049202631374,NONE,BULLISH,99,15.590909090909092,19.05172413793104,0.8183463595228301,1105,1612,14185,39,394,-0.8198614318706697,2588,0.0,0.3327122704285257,0.5056336457178905,False,10,AVOID,weak ML probability; recent exchange activity; strong ask-side imbalance; no current SMMA crossover; waiting for BidQty > 1M and AskQty > 1M
2026-08-10 13:31:01.828558,NSE:GILLANDERS-EQ,91.0,91.10338743339224,90.8130463310205,0.2903411023717268,NONE,BULLISH,7,7.0,7.0,0.0,7,35,218,68,25,0.4623655913978494,4871,0.0,0.0,0.5052702083318498,False,25,AVOID,weak ML probability; recent exchange activity; strong bid-side imbalance; no current SMMA crossover; waiting for BidQty > 1M and AskQty > 1M
2026-08-10 13:24:10.064016,NSE:SONAMLTD-EQ,54.42,54.70973591325169,54.55836980959034,0.1513661036613527,NONE,BULLISH,14,0.0,0.0,0.0,0,70,2273,11,1198,-0.9818031430934656,28295,0.0,-0.1467889908256858,0.5050530715496623,False,0,AVOID,weak ML probability; strong ask-side imbalance; no current SMMA crossover; waiting for BidQty > 1M and AskQty > 1M
2026-08-10 13:31:31.289040,NSE:ORIENTTECH-EQ,257.75,257.0653726607773,257.77560905757525,-0.7102363967979386,NONE,BEARISH,1,7.461538461538462,14.303030303030305,0.5216753585397653,472,6036,10053,8,4,0.3333333333333333,88515,0.1748931208705784,0.1554303477753871,0.5046007168079284,False,25,AVOID,weak ML probability; recent exchange activity; strong bid-side imbalance; no current SMMA crossover; waiting for BidQty > 1M and AskQty > 1M
2026-08-10 13:31:33.983953,NSE:SOMICONVEY-EQ,93.03,92.0431414301288,91.80129691908404,0.2418445110447606,NONE,BULLISH,10,23.321428571428573,42.81818181818182,0.544661813770094,1413,2697,3790,1,70,-0.971830985915493,10411,0.0,-0.214523222138796,0.5032071478975064,False,10,AVOID,weak ML probability; recent exchange activity; strong ask-side imbalance; no current SMMA crossover; waiting for BidQty > 1M and AskQty > 1M
2026-08-10 13:31:23.713958,NSE:GROWWNXT50-EQ,75.01,75.08553096619211,75.04634845510694,0.0391825110851726,NONE,BULLISH,2,47.9375,49.71052631578947,0.9643329804129168,1889,3725,18237,14,486,-0.944,6672,0.0,0.0,0.5031077633754254,False,10,AVOID,weak ML probability; recent exchange activity; strong ask-side imbalance; no current SMMA crossover; waiting for BidQty > 1M and AskQty > 1M
2026-08-10 13:31:08.868124,NSE:SBINEQWETF-EQ,34.26,34.26745370093288,34.27618731772696,-0.0087336167940748,NONE,BEARISH,10,10.0,10.0,1.0,380,740,1767,2667,1279,0.3517486061834769,21473,0.0,0.0,0.5027617411962277,False,25,AVOID,weak ML probability; recent exchange activity; strong bid-side imbalance; no current SMMA crossover; waiting for BidQty > 1M and AskQty > 1M
2026-08-10 13:31:36.125947,NSE:MAHABANK-EQ,78.49,78.48634981276216,78.33225002719713,0.1540997855650232,NONE,BULLISH,129,31.063291139240505,28.82692307692308,1.077579145590731,5996,13071,74811,2452,5000,-0.3419216317767042,5594198,0.0,0.0127420998980554,0.5027527010654684,False,10,AVOID,weak ML probability; recent exchange activity; strong ask-side imbalance; no current SMMA crossover; waiting for BidQty > 1M and AskQty > 1M
2026-08-10 13:31:36.236163,NSE:MARKSANS-EQ,271.7,270.5168079324093,271.4706860632798,-0.9538781308705212,NONE,BEARISH,47,31.65217391304348,28.216494845360824,1.121761369954409,2737,12946,26921,263,5,0.9626865671641792,488132,0.0,0.0552384459583832,0.5024517086258943,False,25,AVOID,weak ML probability; recent exchange activity; strong bid-side imbalance; no current SMMA crossover; waiting for BidQty > 1M and AskQty > 1M
2026-08-10 13:31:34.639774,NSE:SBIMIDMOM-EQ,64.46,64.41932757797323,64.19589450339376,0.223433074579475,NONE,BULLISH,513,513.0,513.0,1.0,37962,64279,701912,39,817,-0.9088785046728972,331750,0.0,0.0,0.5023649900891826,False,10,AVOID,weak ML probability; recent exchange activity; strong ask-side imbalance; no current SMMA crossover; waiting for BidQty > 1M and AskQty > 1M
2026-08-10 13:31:31.008097,NSE:PNBGILTS-EQ,81.42,81.40561861948039,81.15096146225738,0.2546571572230078,NONE,BULLISH,88,6.8,31.682926829268293,0.214626635873749,1299,4746,8951,15,248,-0.8859315589353612,142193,0.0,0.0,0.5019423189273273,False,10,AVOID,weak ML probability; recent exchange activity; strong ask-side imbalance; no current SMMA crossover; waiting for BidQty > 1M and AskQty > 1M
2026-08-10 13:31:11.977822,NSE:HITECH-EQ,85.0,84.92613707754387,84.54091495374315,0.3852221238007161,NONE,BULLISH,229,99.2,43.142857142857146,2.299337748344371,604,4298,11920,758,66,0.8398058252427184,243446,0.0,0.0,0.5018481149831233,False,50,AVOID,weak ML probability; strong LTQ spike; recent exchange activity; strong bid-side imbalance; no current SMMA crossover; waiting for BidQty > 1M and AskQty > 1M
2026-08-10 13:31:33.933846,NSE:MOM100-EQ,68.93,68.88709579542929,68.52841396844437,0.3586818269849203,NONE,BULLISH,14,74.27906976744185,42.20238095238095,1.760068225801161,3545,28232,44878,4460,981,0.6394045212277155,293279,0.0,0.0290233638078785,0.50172917690007,False,50,AVOID,weak ML probability; strong LTQ spike; recent exchange activity; strong bid-side imbalance; no current SMMA crossover; waiting for BidQty > 1M and AskQty > 1M
2026-08-10 13:31:33.964030,NSE:MOREALTY-EQ,90.41,90.21207545341888,89.7042352022233,0.5078402511955886,NONE,BULLISH,2,299.3809523809524,283.0450450450451,1.0577148677282358,31418,62260,220967,100,50,0.3333333333333333,526831,0.0221263414094341,0.2105963201064042,0.5010470601114678,False,25,AVOID,weak ML probability; recent exchange activity; strong bid-side imbalance; no current SMMA crossover; waiting for BidQty > 1M and AskQty > 1M
2026-08-10 13:31:36.407954,NSE:UGROCAP-EQ,95.7,95.64147675583337,95.25424893082922,0.3872278250041461,NONE,BULLISH,103,89.75,89.75,0.0,359,778,29474,12,15,-0.1111111111111111,173502,0.0,-0.1252348152786409,0.5005197377342375,False,10,AVOID,weak ML probability; recent exchange activity; no current SMMA crossover; waiting for BidQty > 1M and AskQty > 1M
2026-08-10 13:30:52.264108,NSE:VGL-EQ,61.46,61.34670129841222,61.29626531365895,0.0504359847532711,NONE,BULLISH,1,1.0,1.0,1.0,13,31,736,6,6,0.0,8558,0.0,-0.0650406504065004,0.49954452253229464,False,10,AVOID,weak ML probability; recent exchange activity; no current SMMA crossover; waiting for BidQty > 1M and AskQty > 1M
2026-08-10 13:31:31.544013,NSE:MARSONS-EQ,104.52,104.49967960334828,105.09203383231906,-0.592354228970791,NONE,BEARISH,50,27.63636363636364,57.96666666666667,0.4767630299545193,1739,6304,32675,200,434,-0.3690851735015772,1032859,0.0,0.1053538933052378,0.49939833644436515,False,10,AVOID,weak ML probability; recent exchange activity; strong ask-side imbalance; no current SMMA crossover; waiting for BidQty > 1M and AskQty > 1M
2026-08-10 13:31:35.818122,NSE:ZEEL-EQ,94.36,94.3225272513867,94.2491040114847,0.0734232399019987,NONE,BULLISH,4,193.6078431372549,136.13114754098362,1.4222156107144204,16608,49294,302188,1086,356,0.5062413314840499,10868795,0.0,-0.0529604914733528,0.4993775954364599,False,25,AVOID,weak ML probability; moderate LTQ spike; recent exchange activity; strong bid-side imbalance; no current SMMA crossover; waiting for BidQty > 1M and AskQty > 1M
2026-08-10 13:21:58.186351,NSE:STARTECK-EQ,260.45,259.35665702887525,257.51624694522945,1.8404100836457928,NONE,BULLISH,1,0.0,0.0,0.0,0,2,11,1,1,0.0,169,0.0,0.0,0.4992271623404752,False,0,AVOID,weak ML probability; no current SMMA crossover; waiting for BidQty > 1M and AskQty > 1M
2026-08-10 13:31:34.273843,NSE:MOMOMENTUM-EQ,63.45,63.33250346891224,62.986579350531656,0.3459241183805801,NONE,BULLISH,67,57.37037037037037,36.18518518518518,1.5854657113613102,1954,8097,95095,17341,205,0.9766328507922032,69896,0.0,0.0315308213779008,0.49904644946793175,False,50,AVOID,weak ML probability; strong LTQ spike; recent exchange activity; strong bid-side imbalance; no current SMMA crossover; waiting for BidQty > 1M and AskQty > 1M
2026-08-10 13:30:56.304111,NSE:KUANTUM-EQ,88.28,88.00782732438604,87.15172459819178,0.8561027261942655,NONE,BULLISH,25,25.0,25.0,1.0,400,3974,9401,20,23,-0.0697674418604651,144720,0.0,0.3295829071485512,0.4989374798467041,False,10,AVOID,weak ML probability; recent exchange activity; no current SMMA crossover; waiting for BidQty > 1M and AskQty > 1M
2026-08-10 13:27:15.517878,NSE:SRD-EQ,37.0,37.0581184540103,36.78718407705798,0.2709343769523187,NONE,BULLISH,100,0.0,100.0,0.0,200,430,774,440,10,0.9555555555555556,15474,0.0,-0.2964160603610821,0.4985971111921233,False,25,AVOID,weak ML probability; recent exchange activity; strong bid-side imbalance; no current SMMA crossover; waiting for BidQty > 1M and AskQty > 1M
2026-08-10 13:31:02.156656,NSE:SHREDIGCEM-EQ,72.32,71.69937643345254,72.03719557131365,-0.3378191378611035,NONE,BEARISH,374,374.0,291.3333333333333,1.2837528604118993,2622,7577,12705,13,38,-0.4901960784313725,66102,0.0,-0.1104972375690738,0.4984325788821467,False,10,AVOID,weak ML probability; moderate LTQ spike; recent exchange activity; strong ask-side imbalance; no current SMMA crossover; waiting for BidQty > 1M and AskQty > 1M
2026-08-10 13:31:36.282129,NSE:ALEMBICLTD-EQ,85.6,85.5835966141396,85.29707781421098,0.2865187999286149,NONE,BULLISH,45,39.0,37.03921568627451,1.0529380624669138,3778,5122,42339,43,116,-0.4591194968553459,134528,0.0,0.0701426233340907,0.4977052828404186,False,10,AVOID,weak ML probability; recent exchange activity; strong ask-side imbalance; no current SMMA crossover; waiting for BidQty > 1M and AskQty > 1M
2026-08-10 13:31:12.176423,NSE:GANESHCP-EQ,162.05,161.62894443417358,161.6052798393608,0.0236645948127716,NONE,BULLISH,1,18.2,52.08695652173913,0.3494156928213689,1198,1249,2835,170,1,0.9883040935672516,113048,0.0,-0.0370119054962647,0.49686119679329455,False,25,AVOID,weak ML probability; recent exchange activity; strong bid-side imbalance; no current SMMA crossover; waiting for BidQty > 1M and AskQty > 1M
2026-08-10 13:31:34.293634,NSE:ABSLBANETF-EQ,59.09,59.14476067416504,59.2529264080968,-0.1081657339317558,NONE,BEARISH,2,7.829787234042553,7.71304347826087,1.0151358871644798,887,958,39939,30431,499,0.9677335919818946,8353,-0.0169204737732631,-0.0169204737732631,0.4967033545695608,False,25,AVOID,weak ML probability; recent exchange activity; strong bid-side imbalance; no current SMMA crossover; waiting for BidQty > 1M and AskQty > 1M
2026-08-10 13:21:57.150048,NSE:SHRADHA-EQ,34.0,34.067326750285474,34.18134494595186,-0.1140181956663823,NONE,BEARISH,114,0.0,0.0,0.0,0,228,2560,1020,11,0.9786614936954412,6032,0.0,0.0,0.49606196202442343,False,15,AVOID,weak ML probability; strong bid-side imbalance; no current SMMA crossover; waiting for BidQty > 1M and AskQty > 1M
2026-08-10 13:31:36.186965,NSE:BPL-EQ,53.69,53.667142305025024,53.61012875731023,0.0570135477147957,NONE,BULLISH,580,500.0,200.6,0.0,1003,1150,22802,70,9,0.7721518987341772,25114,0.0,0.3363857222949074,0.4955412191264443,False,25,AVOID,weak ML probability; recent exchange activity; strong bid-side imbalance; no current SMMA crossover; waiting for BidQty > 1M and AskQty > 1M
2026-08-10 13:31:36.369929,NSE:PNB-EQ,113.63,113.68553861742556,114.22815431547228,-0.5426156980467312,NONE,BEARISH,1,46.64615384615384,57.96,0.8047990656686308,10143,17333,101915,1378,36,0.9490806223479492,6212469,-0.0087997184090138,0.0704535446939713,0.49469508926274663,False,25,AVOID,weak ML probability; recent exchange activity; strong bid-side imbalance; no current SMMA crossover; waiting for BidQty > 1M and AskQty > 1M
2026-08-10 13:28:00.360210,NSE:INDBANK-EQ,33.35,33.29104868647194,33.07461438034874,0.2164343061231974,NONE,BULLISH,1,0.0,1.0,0.0,1,3,2850,546,598,-0.0454545454545454,15774,0.0,0.1501501501501634,0.4939767362511147,False,10,AVOID,weak ML probability; recent exchange activity; no current SMMA crossover; waiting for BidQty > 1M and AskQty > 1M
2026-08-10 13:31:26.615994,NSE:V2RETAIL-EQ,218.63,218.10194806008397,218.52426114695916,-0.4223130868751923,NONE,BEARISH,28,20.06896551724138,107.68539325842696,0.1863666455586898,9584,20092,32700,36,15,0.4117647058823529,638125,0.2062517187643164,0.0686561699011267,0.4939737931135379,False,25,AVOID,weak ML probability; recent exchange activity; strong bid-side imbalance; no current SMMA crossover; waiting for BidQty > 1M and AskQty > 1M
2026-08-10 13:31:35.198081,NSE:AEROFLEX-EQ,420.1,419.0202512556731,421.6080244386191,-2.587773182946023,NONE,BEARISH,5,43.28260869565217,43.70338983050848,0.9903718879361948,5157,9304,51638,701,16,0.9553695955369595,949656,-0.0832441431799169,-0.2019242190283821,0.49322625254442937,False,25,AVOID,weak ML probability; recent exchange activity; strong bid-side imbalance; no current SMMA crossover; waiting for BidQty > 1M and AskQty > 1M
2026-08-10 13:31:36.477281,NSE:SUNTV-EQ,486.5,486.6610191021604,486.63381235246027,0.0272067497000989,NONE,BULLISH,2,5.0,28.914285714285715,0.1729249011857707,1012,1905,4476,15,4,0.5789473684210527,82051,-0.0410930758167227,-0.0616269515201328,0.49287755772386144,False,25,AVOID,weak ML probability; recent exchange activity; strong bid-side imbalance; no current SMMA crossover; waiting for BidQty > 1M and AskQty > 1M
2026-08-10 13:31:36.517799,NSE:IFCI-EQ,76.15,76.04188953464661,75.19636627664593,0.8455232580006822,NONE,BULLISH,8,502.1896551724138,307.5633802816901,1.6328005457361991,43674,83205,232253,3728,435,0.7910160941628633,13964577,-0.0131302521008236,0.0131337010769616,0.49260171216504417,False,50,AVOID,weak ML probability; strong LTQ spike; recent exchange activity; strong bid-side imbalance; no current SMMA crossover; waiting for BidQty > 1M and AskQty > 1M
2026-08-10 13:31:34.527998,NSE:NIITLTD-EQ,96.49,96.46127849610504,95.8334578552764,0.6278206408286309,NONE,BULLISH,1,50.4,46.78947368421053,1.0771653543307087,889,1358,6263,19,908,-0.9590075512405608,111701,-0.0103626943005252,0.0,0.4924619839399265,False,10,AVOID,weak ML probability; recent exchange activity; strong ask-side imbalance; no current SMMA crossover; waiting for BidQty > 1M and AskQty > 1M
2026-08-10 13:31:23.627733,NSE:DREAMFOLKS-EQ,69.95,69.64029435524863,69.84588808964544,-0.2055937343968139,NONE,BEARISH,29,94.22222222222224,108.14814814814817,0.8712328767123287,2920,5086,8366,5,15,-0.5,16768,0.4307250538406304,0.4307250538406304,0.49239568701205944,False,10,AVOID,weak ML probability; recent exchange activity; strong ask-side imbalance; no current SMMA crossover; waiting for BidQty > 1M and AskQty > 1M
2026-08-10 13:31:34.922424,NSE:NIVABUPA-EQ,86.85,86.8311280693845,86.47610642801132,0.3550216413731846,NONE,BULLISH,16,43.8,35.589285714285715,1.2307074761665828,3986,7045,36341,20,571,-0.9323181049069372,443857,-0.0115127791848967,-0.0345303867403279,0.49234874153171015,False,10,AVOID,weak ML probability; moderate LTQ spike; recent exchange activity; strong ask-side imbalance; no current SMMA crossover; waiting for BidQty > 1M and AskQty > 1M
2026-08-10 13:31:28.233930,NSE:MOMENTUM30-EQ,31.32,31.305353099453548,31.06809242886789,0.2372606705856554,NONE,BULLISH,150,150.0,150.0,1.0,8100,23450,65612,372699,60,0.9996780761832712,18574,0.0,0.0,0.49225367791150354,False,25,AVOID,weak ML probability; recent exchange activity; strong bid-side imbalance; no current SMMA crossover; waiting for BidQty > 1M and AskQty > 1M
2026-08-10 13:31:33.383899,NSE:MOMENTUM-EQ,31.73,31.668551032496914,31.55444827177823,0.1141027607186835,NONE,BULLISH,157,199.14285714285717,96.22727272727272,2.069505364734462,6351,48506,207170,310,41,0.7663817663817664,30314,0.0,0.0946372239747583,0.49108986445272956,False,50,AVOID,weak ML probability; strong LTQ spike; recent exchange activity; strong bid-side imbalance; no current SMMA crossover; waiting for BidQty > 1M and AskQty > 1M
2026-08-10 13:31:35.793815,NSE:EMAMILTD-EQ,409.5,409.5793259922684,411.040733660716,-1.4614076684476345,NONE,BEARISH,3,8.066666666666666,4.626168224299065,1.7437037037037038,495,887,2517,44,8,0.6923076923076923,181031,-0.0610128126906639,0.085543199315663,0.4908814570382536,False,50,AVOID,weak ML probability; strong LTQ spike; recent exchange activity; strong bid-side imbalance; no current SMMA crossover; waiting for BidQty > 1M and AskQty > 1M
2026-08-10 13:31:34.304108,NSE:NEXT30ADD-EQ,44.2,44.15341342965718,44.19718867395404,-0.0437752442968601,NONE,BEARISH,6,6.0,6.0,1.0,552,924,73771,250,140,0.282051282051282,3280,0.0,0.0,0.49075752757402813,False,10,AVOID,weak ML probability; recent exchange activity; no current SMMA crossover; waiting for BidQty > 1M and AskQty > 1M
2026-08-10 13:30:25.691729,NSE:SPENCERS-EQ,32.18,32.13053219971447,32.288495570507095,-0.157963370792622,NONE,BEARISH,100,100.0,100.0,0.0,500,1105,20016,1,31,-0.9375,43279,0.0,0.0,0.49047904576003437,False,10,AVOID,weak ML probability; recent exchange activity; strong ask-side imbalance; no current SMMA crossover; waiting for BidQty > 1M and AskQty > 1M
2026-08-10 13:30:54.833946,NSE:ARFIN-EQ,88.34,88.25059186368343,88.14373641028827,0.1068554533951555,NONE,BULLISH,8,8.0,20.97142857142857,0.3814713896457765,734,90698,92358,170,472,-0.470404984423676,1087129,-0.0113186191284531,-0.0113186191284531,0.4891963028131859,False,10,AVOID,weak ML probability; recent exchange activity; strong ask-side imbalance; no current SMMA crossover; waiting for BidQty > 1M and AskQty > 1M
2026-08-10 13:31:19.158118,NSE:BOMDYEING-EQ,120.16,120.24487243747215,120.3168937996042,-0.072021362132034,NONE,BEARISH,30,21.33333333333333,60.58536585365854,0.3521202361782071,2484,6988,40903,67,23,0.4888888888888889,312149,0.0,-0.0914608796873661,0.4891858042602468,False,25,AVOID,weak ML probability; recent exchange activity; strong bid-side imbalance; no current SMMA crossover; waiting for BidQty > 1M and AskQty > 1M
2026-08-10 13:31:36.507090,NSE:NTPCGREEN-EQ,91.97,91.9114104437766,91.699970705454,0.2114397383225963,NONE,BULLISH,10,151.79166666666666,91.77310924369748,1.653988493117236,10921,13794,65581,1851,14,0.9849865951742628,1675643,0.0652812534000624,0.1088494611951595,0.48911625410837206,False,50,AVOID,weak ML probability; strong LTQ spike; recent exchange activity; strong bid-side imbalance; no current SMMA crossover; waiting for BidQty > 1M and AskQty > 1M
2026-08-10 13:31:02.047215,NSE:VRAJ-EQ,125.5,125.67292387112482,124.63516223099298,1.0377616401318477,NONE,BULLISH,9,9.0,9.0,0.0,36,76,407,16,3,0.6842105263157895,20330,0.0,-0.151165566075262,0.4890955174605832,False,25,AVOID,weak ML probability; recent exchange activity; strong bid-side imbalance; no current SMMA crossover; waiting for BidQty > 1M and AskQty > 1M
2026-08-10 13:31:29.228086,NSE:BANKIETF-EQ,59.23,59.24010737614984,59.33528429378512,-0.0951769176352783,NONE,BEARISH,2,5.34375,31.55172413793104,0.1693647540983606,2745,11328,263098,3,1339,-0.9955290611028316,207833,0.0,-0.0168804861580107,0.4887727495148503,False,10,AVOID,weak ML probability; recent exchange activity; strong ask-side imbalance; no current SMMA crossover; waiting for BidQty > 1M and AskQty > 1M
2026-08-10 13:31:33.049269,NSE:SCODATUBES-EQ,142.77,141.05255684539276,141.27645627140052,-0.2238994260077618,NONE,BEARISH,36,22.53846153846154,97.51162790697674,0.2311361426553413,4193,6736,7566,92,10,0.803921568627451,209995,0.0,0.8120321988419832,0.4884845109859883,False,25,AVOID,weak ML probability; recent exchange activity; strong bid-side imbalance; no current SMMA crossover; waiting for BidQty > 1M and AskQty > 1M
2026-08-10 13:31:34.519331,NSE:HDFCMOMENT-EQ,31.6,31.555757188024664,31.41618014518307,0.1395770428415943,NONE,BULLISH,3,388.4888888888889,464.27777777777777,0.8367596027282518,50142,61103,174840,939655,516,0.9989023273425792,89716,0.0,0.1267427122940478,0.4882370585759739,False,25,AVOID,weak ML probability; recent exchange activity; strong bid-side imbalance; no current SMMA crossover; waiting for BidQty > 1M and AskQty > 1M
2026-08-10 13:31:33.733786,NSE:GNRL-EQ,102.87,101.34237646958978,97.16802404890856,4.174352420681217,NONE,BULLISH,5,33.51724137931034,89.56435643564356,0.3742252243323397,9046,10140,34074,13,20,-0.2121212121212121,548485,-0.1456027955736627,-0.6182977490097552,0.488043637066267,False,10,AVOID,weak ML probability; recent exchange activity; no current SMMA crossover; waiting for BidQty > 1M and AskQty > 1M
2026-08-10 13:25:25.263901,NSE:ATLASCYCLE-EQ,97.08,97.28131344070168,98.852444746264,-1.5711313055623322,NONE,BEARISH,9,0.0,0.0,0.0,0,54,418,22,60,-0.4634146341463415,2257,0.0,0.0,0.48752624033489483,False,0,AVOID,weak ML probability; strong ask-side imbalance; no current SMMA crossover; waiting for BidQty > 1M and AskQty > 1M
2026-08-10 13:31:29.877623,NSE:LICNFNHGP-EQ,282.06,281.7629566965052,280.6112876845487,1.1516690119564714,NONE,BULLISH,1,1.0,1.0,1.0,70,120,540,486,45,0.8305084745762712,93,0.0,0.0,0.4875157286072787,False,25,AVOID,weak ML probability; recent exchange activity; strong bid-side imbalance; no current SMMA crossover; waiting for BidQty > 1M and AskQty > 1M
2026-08-10 13:31:21.773881,NSE:XCHANGING-EQ,68.24,68.04967846242067,67.71486338761798,0.334815074802691,NONE,BULLISH,16,16.0,343.5,0.0465793304221251,4809,6017,8649,14,23,-0.2432432432432432,81056,0.1761597181444418,0.2792064658339477,0.4875103671318616,False,10,AVOID,weak ML probability; recent exchange activity; no current SMMA crossover; waiting for BidQty > 1M and AskQty > 1M
2026-08-10 13:31:31.687991,NSE:PAISALO-EQ,70.2,70.17315891438048,69.68546151919192,0.4876973951885617,NONE,BULLISH,7,80.3103448275862,129.8360655737705,0.6185518982932776,7920,12041,116533,1546,466,0.536779324055666,9457596,0.057012542759427,0.0712758374910915,0.487488150166771,False,25,AVOID,weak ML probability; recent exchange activity; strong bid-side imbalance; no current SMMA crossover; waiting for BidQty > 1M and AskQty > 1M
2026-08-10 13:31:34.304108,NSE:BANKBETF-EQ,58.75,58.70960978553485,58.74306854549691,-0.033458759962059,NONE,BEARISH,10,10.0,10.0,1.0,510,1374,1092923,29995,199997,-0.7391648405161919,31406,0.0,0.0,0.4865579517786964,False,10,AVOID,weak ML probability; recent exchange activity; strong ask-side imbalance; no current SMMA crossover; waiting for BidQty > 1M and AskQty > 1M
2026-08-10 13:31:34.603712,NSE:HDFCNIFIT-EQ,33.86,33.88338464337343,33.81194955489046,0.0714350884829713,NONE,BULLISH,400,400.0,357.1980198019802,1.1198270366161267,36077,40522,150431,4143,5520,-0.1425023284694194,149678,0.0,-0.176886792452835,0.4862832330010071,False,10,AVOID,weak ML probability; recent exchange activity; no current SMMA crossover; waiting for BidQty > 1M and AskQty > 1M
2026-08-10 13:31:16.974139,NSE:ORIENTCER-EQ,43.0,43.05273104616413,42.83429415545066,0.2184368907134768,NONE,BULLISH,4,58.85714285714285,84.84210526315789,0.6937256292095002,1612,7314,9065,606,4255,-0.7506685867105534,16848,0.0,0.0,0.4858644207293887,False,10,AVOID,weak ML probability; recent exchange activity; strong ask-side imbalance; no current SMMA crossover; waiting for BidQty > 1M and AskQty > 1M
2026-08-10 13:31:36.147839,NSE:GMRP&UI-EQ,96.98,96.87324273643108,97.0967155748646,-0.2234728384335085,NONE,BEARISH,5,4.142857142857143,15.7,0.2638762511373976,471,1649,6431,123,149,-0.0955882352941176,218090,0.0,0.0309437854564276,0.4857360380512626,False,10,AVOID,weak ML probability; recent exchange activity; no current SMMA crossover; waiting for BidQty > 1M and AskQty > 1M
2026-08-10 13:31:32.873751,NSE:ITADD-EQ,33.67,33.6698055084173,33.58844696106976,0.0813585473475413,NONE,BULLISH,45,45.0,45.0,1.0,3825,7110,77107,63,13462,-0.9906839186691312,26785,0.0,0.0,0.48543376738658806,False,10,AVOID,weak ML probability; recent exchange activity; strong ask-side imbalance; no current SMMA crossover; waiting for BidQty > 1M and AskQty > 1M
2026-08-10 13:31:34.264055,NSE:BHARATCOAL-EQ,34.09,34.083803146432814,34.13892731956455,-0.0551241731317375,NONE,BEARISH,100,50.51515151515152,73.2872340425532,0.6892762726700888,6889,37340,138015,468,504,-0.037037037037037,4100584,-0.0293255131964764,0.0,0.4852758809449865,False,10,AVOID,weak ML probability; recent exchange activity; no current SMMA crossover; waiting for BidQty > 1M and AskQty > 1M
2026-08-10 13:21:57.612826,NSE:LAHOTIOV-EQ,42.45,42.5509279944903,42.69495699520119,-0.1440290007108871,NONE,BEARISH,5,0.0,0.0,0.0,0,10,40,22,65,-0.4942528735632184,1688,0.0,0.0,0.4848024643851613,False,0,AVOID,weak ML probability; strong ask-side imbalance; no current SMMA crossover; waiting for BidQty > 1M and AskQty > 1M
2026-08-10 13:27:00.973886,NSE:NIBL-EQ,34.84,34.87858794331079,34.76666479172479,0.1119231515859979,NONE,BULLISH,8,0.0,8.0,0.0,16,32,110,250,8,0.937984496124031,6224,0.0,-0.1719197707736208,0.48469078792250103,False,25,AVOID,weak ML probability; recent exchange activity; strong bid-side imbalance; no current SMMA crossover; waiting for BidQty > 1M and AskQty > 1M
2026-08-10 13:31:02.537239,NSE:DIVIDEND-EQ,36.39,36.41470040748878,36.48877394917444,-0.0740735416856566,NONE,BEARISH,1,1.0,1.0,1.0,24,315,2886,5,37488,-0.999733283546262,3053,0.0,0.0,0.4837674648188651,False,10,AVOID,weak ML probability; recent exchange activity; strong ask-side imbalance; no current SMMA crossover; waiting for BidQty > 1M and AskQty > 1M
2026-08-10 13:30:40.256211,NSE:TEXINFRA-EQ,113.0,113.09027576099172,113.4143803729034,-0.3241046119116646,NONE,BEARISH,5362,5362.0,5362.0,0.0,26810,38694,39332,19,3,0.7272727272727273,65710,0.0,0.0,0.4837276503660832,False,25,AVOID,weak ML probability; recent exchange activity; strong bid-side imbalance; no current SMMA crossover; waiting for BidQty > 1M and AskQty > 1M
2026-08-10 13:31:36.826081,NSE:MASTERTR-EQ,81.15,80.96741663957509,80.35049094009958,0.6169256994755159,NONE,BULLISH,35,165.5,132.61290322580646,1.247993189005108,12333,14659,43667,1,72,-0.9726027397260274,158720,0.0,-0.0246396451891062,0.4834154445690517,False,10,AVOID,weak ML probability; moderate LTQ spike; recent exchange activity; strong ask-side imbalance; no current SMMA crossover; waiting for BidQty > 1M and AskQty > 1M
2026-08-10 13:27:17.073796,NSE:NKIND-EQ,63.98,62.650882069237866,61.3309170974854,1.3199649717524693,NONE,BULLISH,1,0.0,1.0,0.0,1,4,85,10,10,0.0,530,0.0,0.0,0.4829085167185833,False,10,AVOID,weak ML probability; recent exchange activity; no current SMMA crossover; waiting for BidQty > 1M and AskQty > 1M
2026-08-10 13:31:35.186508,NSE:NSLNISP-EQ,44.47,44.52362396346667,44.333917645959765,0.1897063175069036,NONE,BULLISH,63,31.392857142857142,35.16,0.8928571428571429,2637,6319,69438,678,124,0.6907730673316709,3075269,-0.0674157303370837,-0.0674157303370837,0.4827313982465566,False,25,AVOID,weak ML probability; recent exchange activity; strong bid-side imbalance; no current SMMA crossover; waiting for BidQty > 1M and AskQty > 1M
2026-08-10 13:31:36.149860,NSE:IMAGICAA-EQ,49.7,49.66312108537139,50.063787098940985,-0.4006660135695981,NONE,BEARISH,23,25.07692307692308,20.657894736842103,1.2139147476727097,785,2633,54083,35,18,0.320754716981132,1390745,0.1814150372908773,0.0201247735962972,0.4826278005915109,False,25,AVOID,weak ML probability; moderate LTQ spike; recent exchange activity; strong bid-side imbalance; no current SMMA crossover; waiting for BidQty > 1M and AskQty > 1M
2026-08-10 13:30:45.218077,NSE:SCILAL-EQ,41.0,40.94198876841124,41.03693471838211,-0.0949459499708709,NONE,BEARISH,50,50.0,50.0,0.0,100,12608,23431,2910,70,0.953020134228188,106117,0.0,0.0,0.4823803877784107,False,25,AVOID,weak ML probability; recent exchange activity; strong bid-side imbalance; no current SMMA crossover; waiting for BidQty > 1M and AskQty > 1M
2026-08-10 13:30:54.735266,NSE:STCINDIA-EQ,120.02,120.11578595817092,119.26363733911477,0.8521486190561518,NONE,BULLISH,27,27.0,27.0,1.0,459,720,5809,9,4,0.3846153846153846,21549,0.0,0.0,0.48116288133548313,False,25,AVOID,weak ML probability; recent exchange activity; strong bid-side imbalance; no current SMMA crossover; waiting for BidQty > 1M and AskQty > 1M
2026-08-10 13:31:34.733955,NSE:ZUARI-EQ,227.57,228.403120954148,228.4034884035204,-0.0003674493723906,SELL,BEARISH,22,14.076923076923077,10.78125,1.305685618729097,345,637,5047,12,22,-0.2941176470588235,70338,-0.048313422347157,-0.2279801832610006,0.4808180210757755,False,10,AVOID,weak ML probability; moderate LTQ spike; recent exchange activity; SMMA20 crossed below SMMA120; waiting for BidQty > 1M and AskQty > 1M
2026-08-10 13:31:35.854064,NSE:LEMONTREE-EQ,108.24,108.00231043836888,109.12691016898997,-1.1245997306210995,NONE,BEARISH,53,104.6818181818182,53.54601226993865,1.954988125989501,8728,20354,96416,1,326,-0.9938837920489296,4625161,0.0277238702522941,0.0647129518350775,0.48040313920829497,False,35,AVOID,weak ML probability; strong LTQ spike; recent exchange activity; strong ask-side imbalance; no current SMMA crossover; waiting for BidQty > 1M and AskQty > 1M
2026-08-10 13:31:30.467852,NSE:TEXRAIL-EQ,108.05,108.03678214860778,108.37756113343876,-0.3407789848309903,NONE,BEARISH,2,70.0,49.84444444444444,1.4043691484618814,2243,5180,30121,32,146,-0.6404494382022472,604410,0.0,-0.110936488860136,0.4802650443120841,False,10,AVOID,weak ML probability; moderate LTQ spike; recent exchange activity; strong ask-side imbalance; no current SMMA crossover; waiting for BidQty > 1M and AskQty > 1M
2026-08-10 13:27:30.588376,NSE:SOMATEX-EQ,95.05,94.61770187855709,94.76994969666426,-0.1522478181071846,NONE,BEARISH,1,0.0,1.0,0.0,5,868,1393,11,8,0.1578947368421052,11900,0.0,-0.1050972149238105,0.47944570589218055,False,10,AVOID,weak ML probability; recent exchange activity; no current SMMA crossover; waiting for BidQty > 1M and AskQty > 1M
2026-08-10 13:31:36.874924,NSE:INFRAIETF-EQ,97.72,97.79089080861029,97.74752239876666,0.0433684098436231,NONE,BULLISH,1,6.552941176470588,6.267441860465116,1.04555276656117,1078,1861,10173,105,9,0.8421052631578947,78601,-0.0920151313771655,-0.0817995910020408,0.4792417644626495,False,25,AVOID,weak ML probability; recent exchange activity; strong bid-side imbalance; no current SMMA crossover; waiting for BidQty > 1M and AskQty > 1M
2026-08-10 13:31:32.543843,NSE:EQUITASBNK-EQ,76.57,76.37727120688932,75.71698283726936,0.6602883696199626,NONE,BULLISH,7,18.78048780487805,23.45631067961165,0.8006582135357778,2416,12163,71622,86,8005,-0.978741811889754,1570084,-0.0130582397492862,0.0130616509926628,0.47923779028570646,False,10,AVOID,weak ML probability; recent exchange activity; strong ask-side imbalance; no current SMMA crossover; waiting for BidQty > 1M and AskQty > 1M
2026-08-10 13:31:22.989890,NSE:SENSEXETF-EQ,81.14,81.15800549875718,81.14352905329523,0.0144764454619519,NONE,BULLISH,2,2.0,1.9830508474576272,1.0085470085470083,117,413,103262,2,1597,-0.9974984365228268,45887,0.0,0.0,0.47910238451473364,False,10,AVOID,weak ML probability; recent exchange activity; strong ask-side imbalance; no current SMMA crossover; waiting for BidQty > 1M and AskQty > 1M
2026-08-10 13:31:27.220433,NSE:EMULTIMQ-EQ,41.99,41.96644726700068,41.81403441074696,0.1524128562537186,NONE,BULLISH,88,88.0,88.0,1.0,1760,4430,48771,5000,533,0.8073377914332188,23215,0.0,0.0,0.4789081206761642,False,25,AVOID,weak ML probability; recent exchange activity; strong bid-side imbalance; no current SMMA crossover; waiting for BidQty > 1M and AskQty > 1M
2026-08-10 13:31:29.337664,NSE:MON50EQUAL-EQ,34.28,34.28823202401151,34.234866113061926,0.0533659109495872,NONE,BULLISH,10,10.0,10.0,1.0,150,468,7908,9502,6114,0.2169569672131147,8414,0.0,0.0,0.4783117391709515,False,10,AVOID,weak ML probability; recent exchange activity; no current SMMA crossover; waiting for BidQty > 1M and AskQty > 1M
2026-08-10 13:31:34.323776,NSE:PATANJALI-EQ,355.35,354.1338043202356,355.2313777011432,-1.0975733809075905,NONE,BEARISH,30,215.4495412844037,267.3514376996805,0.8058664024332686,83681,199462,213602,468,174,0.4579439252336448,3430313,0.1267962806424494,0.0422297297297369,0.4776846373643356,False,25,AVOID,weak ML probability; recent exchange activity; strong bid-side imbalance; no current SMMA crossover; waiting for BidQty > 1M and AskQty > 1M
2026-08-10 13:31:31.514486,NSE:AMDIND-EQ,46.65,46.85101278212179,46.88072929368538,-0.0297165115635849,NONE,BEARISH,1000,1000.0,1000.0,1.0,8000,17000,17547,18,22,-0.1,5080,0.0,0.0,0.47731126922822764,False,10,AVOID,weak ML probability; recent exchange activity; no current SMMA crossover; waiting for BidQty > 1M and AskQty > 1M
2026-08-10 13:31:36.393636,NSE:ESAFSFB-EQ,40.03,40.12198620658805,40.15485685570651,-0.0328706491184647,NONE,BEARISH,19,39.75,24.23076923076923,1.6404761904761904,630,5900,46570,55,396,-0.7560975609756098,1537916,0.0,-0.0249750249750158,0.47697626902271334,False,35,AVOID,weak ML probability; strong LTQ spike; recent exchange activity; strong ask-side imbalance; no current SMMA crossover; waiting for BidQty > 1M and AskQty > 1M
2026-08-10 13:31:32.787715,NSE:MNC-EQ,35.0,34.97144282090229,34.87638598513416,0.0950568357681262,NONE,BULLISH,68,64.4,145.55555555555554,0.4424427480916031,7860,18321,103722,43929,2547,0.8903950426026336,54091,0.0,0.0,0.47675954934782044,False,25,AVOID,weak ML probability; recent exchange activity; strong bid-side imbalance; no current SMMA crossover; waiting for BidQty > 1M and AskQty > 1M
2026-08-10 13:31:28.229891,NSE:BSE500IETF-EQ,40.11,40.16596420155765,40.12126158070364,0.0447026208540108,NONE,BULLISH,1,32.93939393939394,13.756756756756756,2.3944156694647853,1527,2400,34956,61,41,0.196078431372549,87359,0.0,-0.2734957732471343,0.47607272010302915,False,35,AVOID,weak ML probability; strong LTQ spike; recent exchange activity; no current SMMA crossover; waiting for BidQty > 1M and AskQty > 1M
2026-08-10 13:31:36.158192,NSE:GMRAIRPORT-EQ,106.45,106.4578754984211,106.81439498341574,-0.3565194849946351,NONE,BEARISH,1,36.73134328358209,43.08024691358025,0.8526261086029946,6979,14819,53788,998,34,0.9341085271317828,2786429,0.0,0.0,0.4755109487404142,False,25,AVOID,weak ML probability; recent exchange activity; strong bid-side imbalance; no current SMMA crossover; waiting for BidQty > 1M and AskQty > 1M
2026-08-10 13:31:36.746790,NSE:EMBDL-EQ,64.44,63.37152047362552,62.86924215788324,0.5022783157422808,NONE,BULLISH,14,624.1041666666666,329.1746031746032,1.895966944739126,41476,115700,142116,1,165,-0.9879518072289156,2500340,0.0,-0.3248259860789027,0.4752106410399723,False,35,AVOID,weak ML probability; strong LTQ spike; recent exchange activity; strong ask-side imbalance; no current SMMA crossover; waiting for BidQty > 1M and AskQty > 1M
2026-08-10 13:31:32.563649,NSE:ELECTCAST-EQ,74.86,75.02543854997694,74.1432551522512,0.8821833977257398,NONE,BULLISH,60,277.6428571428572,152.59259259259258,1.8195041608876563,16480,19464,47068,12,1819,-0.9868924085199344,3133955,0.0668359844940402,0.0,0.47495532641728483,False,35,AVOID,weak ML probability; strong LTQ spike; recent exchange activity; strong ask-side imbalance; no current SMMA crossover; waiting for BidQty > 1M and AskQty > 1M
2026-08-10 13:31:33.881738,NSE:BBNPNBETF-EQ,58.0,58.04415732374036,58.26518970860327,-0.2210323848629087,NONE,BEARISH,6,6.0,6.0,1.0,516,918,2449,102,11297,-0.9821036933064304,1779,0.0,0.0,0.47488369665327695,False,10,AVOID,weak ML probability; recent exchange activity; strong ask-side imbalance; no current SMMA crossover; waiting for BidQty > 1M and AskQty > 1M
2026-08-10 13:31:36.194803,NSE:NHPC-EQ,77.16,77.0872531149512,77.06141927007224,0.0258338448789601,NONE,BULLISH,2,214.9516129032258,133.86363636363637,1.6057505887507528,20615,34662,178191,126,1156,-0.8034321372854915,3184991,0.0518672199170122,0.1297690111601301,0.47480417949250386,False,35,AVOID,weak ML probability; strong LTQ spike; recent exchange activity; strong ask-side imbalance; no current SMMA crossover; waiting for BidQty > 1M and AskQty > 1M
2026-08-10 13:31:07.868116,NSE:FINKURVE-EQ,59.95,59.69749983154914,59.12988716412402,0.5676126674251165,NONE,BULLISH,173,173.0,173.0,1.0,865,1211,3741,350,1303,-0.5765275257108288,11055,0.0,0.0,0.47359194661630866,False,10,AVOID,weak ML probability; recent exchange activity; strong ask-side imbalance; no current SMMA crossover; waiting for BidQty > 1M and AskQty > 1M
2026-08-10 13:31:34.435424,NSE:MOM30IETF-EQ,31.89,31.84625696945807,31.68429856969773,0.1619583997603371,NONE,BULLISH,6,72.57142857142857,67.3529411764706,1.07747972551466,6870,12236,375255,1343388,3942,0.9941484268887356,732837,0.0,0.0,0.4734868974925086,False,25,AVOID,weak ML probability; recent exchange activity; strong bid-side imbalance; no current SMMA crossover; waiting for BidQty > 1M and AskQty > 1M
2026-08-10 13:21:56.871500,NSE:ARTNIRMAN-EQ,43.25,42.95188900600549,42.586978773370646,0.3649102326348412,NONE,BULLISH,20,0.0,0.0,0.0,0,40,190,1,13,-0.8571428571428571,2851,0.0,-1.4581909318751474,0.4734515560007283,False,0,AVOID,weak ML probability; strong ask-side imbalance; no current SMMA crossover; waiting for BidQty > 1M and AskQty > 1M
2026-08-10 13:30:52.221537,NSE:SELECTIPO-EQ,48.38,48.38494377855078,48.26635327586293,0.1185905026878444,NONE,BULLISH,110,131.8235294117647,152.4,0.8649837887911069,7620,14792,88757,7,94,-0.8613861386138614,28262,-0.0206654267410622,-0.0206654267410622,0.47334102054086225,False,10,AVOID,weak ML probability; recent exchange activity; strong ask-side imbalance; no current SMMA crossover; waiting for BidQty > 1M and AskQty > 1M
2026-08-10 13:31:30.106105,NSE:FMCGADD-EQ,49.47,49.5156756301305,49.67855670269178,-0.1628810725612766,NONE,BEARISH,3,3.0,3.0,1.0,267,471,891,22402,429,0.962419517322938,2695,0.0,0.0,0.4732866307330449,False,25,AVOID,weak ML probability; recent exchange activity; strong bid-side imbalance; no current SMMA crossover; waiting for BidQty > 1M and AskQty > 1M
2026-08-10 13:31:32.981013,NSE:TEXMOPIPES-EQ,43.49,43.36354056674208,43.48149124758787,-0.1179506808457873,NONE,BEARISH,1,1.0,1.0,0.0,2,7,3802,1,30,-0.935483870967742,13179,0.0,1.0220673635307875,0.4719013696307787,False,10,AVOID,weak ML probability; recent exchange activity; strong ask-side imbalance; no current SMMA crossover; waiting for BidQty > 1M and AskQty > 1M
2026-08-10 13:22:02.733920,NSE:MOGSEC-EQ,66.23,65.97797072902112,65.70214964093677,0.2758210880843563,NONE,BULLISH,49,0.0,0.0,0.0,0,120,609,196,23,0.7899543378995434,3436,0.0,0.0,0.47162247319527684,False,15,AVOID,weak ML probability; strong bid-side imbalance; no current SMMA crossover; waiting for BidQty > 1M and AskQty > 1M
2026-08-10 13:31:09.199931,NSE:MOMNC-EQ,33.88,33.86678659915773,33.79694266586021,0.0698439332975198,NONE,BULLISH,15,15.0,15.0,1.0,330,608,82857,9512,1955,0.6590215400715096,23571,0.0,0.0,0.4715315361001563,False,25,AVOID,weak ML probability; recent exchange activity; strong bid-side imbalance; no current SMMA crossover; waiting for BidQty > 1M and AskQty > 1M
2026-08-10 13:31:34.783953,NSE:BALAJITELE-EQ,91.44,91.77309022548351,89.28608687975908,2.487003345724446,NONE,BULLISH,24,318.3333333333333,278.258064516129,1.1440219491459926,8626,12663,71873,26,50,-0.3157894736842105,673273,0.0,-0.1746724890829609,0.4710575109408904,False,10,AVOID,weak ML probability; recent exchange activity; strong ask-side imbalance; no current SMMA crossover; waiting for BidQty > 1M and AskQty > 1M
2026-08-10 13:31:36.467775,NSE:FILATEX-EQ,82.73,82.97342081945521,82.97341201365859,8.80579662521086e-06,NONE,BULLISH,1,47.37837837837838,106.47058823529412,0.4449902941615649,9050,13679,180354,3606,98,0.9470842332613392,2678138,0.0,-0.205066344993976,0.4700807643629801,False,25,AVOID,weak ML probability; recent exchange activity; strong bid-side imbalance; no current SMMA crossover; waiting for BidQty > 1M and AskQty > 1M
2026-08-10 13:30:52.977781,NSE:MERCURYEV-EQ,35.18,35.324376813668856,35.11099702300216,0.2133797906666998,NONE,BULLISH,2,2.0,84.0,0.0238095238095238,756,913,116148,11,46,-0.6140350877192983,120747,0.0,-0.0852030673104242,0.4700392872594406,False,10,AVOID,weak ML probability; recent exchange activity; strong ask-side imbalance; no current SMMA crossover; waiting for BidQty > 1M and AskQty > 1M
2026-08-10 13:31:15.023859,NSE:THOMASCOOK-EQ,106.12,106.22082140478868,105.315277511694,0.9055438930946592,NONE,BULLISH,8,8.636363636363637,21.17142857142857,0.4079254079254079,741,15943,56532,17,52,-0.5072463768115942,488654,0.0,-0.0847377836361795,0.46894019436033485,False,10,AVOID,weak ML probability; recent exchange activity; strong ask-side imbalance; no current SMMA crossover; waiting for BidQty > 1M and AskQty > 1M
2026-08-10 13:31:36.528121,NSE:VIDYAWIRES-EQ,97.02,96.81238881495484,96.12312972723824,0.6892590877165787,NONE,BULLISH,3,11.4,10.346938775510203,1.101775147928994,507,5781,65102,1000,162,0.7211703958691911,1141296,0.0,0.0103082156478695,0.468372951388971,False,25,AVOID,weak ML probability; recent exchange activity; strong bid-side imbalance; no current SMMA crossover; waiting for BidQty > 1M and AskQty > 1M
2026-08-10 13:22:12.437653,NSE:INDTERRAIN-EQ,32.15,32.03117111556363,31.78494794279021,0.2462231727734156,NONE,BULLISH,7,0.0,0.0,0.0,0,28,57,50,1,0.9607843137254902,8059,0.0,0.0,0.468175113597498,False,15,AVOID,weak ML probability; strong bid-side imbalance; no current SMMA crossover; waiting for BidQty > 1M and AskQty > 1M
2026-08-10 13:31:32.733657,NSE:GHCLTEXTIL-EQ,121.36,121.46403998554968,121.61146733944338,-0.1474273538937041,NONE,BEARISH,48,7.7,88.34615384615384,0.0871571615150196,2297,12449,22378,25,14,0.282051282051282,354912,0.0,0.0494641384995997,0.4675496683741064,False,10,AVOID,weak ML probability; recent exchange activity; no current SMMA crossover; waiting for BidQty > 1M and AskQty > 1M
2026-08-10 13:31:33.307812,NSE:CHEMICAL-EQ,30.84,30.813240713620136,30.75003213741521,0.063208576204925,NONE,BULLISH,100,95.35483870967742,204.78571428571428,0.465632278317225,14335,28707,127646,5000,1000483,-0.9900545310064914,273544,-0.0324149108590021,0.0,0.46754233280671165,False,10,AVOID,weak ML probability; recent exchange activity; strong ask-side imbalance; no current SMMA crossover; waiting for BidQty > 1M and AskQty > 1M
2026-08-10 13:25:25.197350,NSE:OBCL-EQ,53.21,53.25949350748398,53.42402253009101,-0.1645290226070273,NONE,BEARISH,27,0.0,0.0,0.0,0,108,351,30,25,0.0909090909090909,1706,0.0,0.0,0.46739820298028334,False,0,AVOID,weak ML probability; no current SMMA crossover; waiting for BidQty > 1M and AskQty > 1M
2026-08-10 13:30:48.039987,NSE:VMSTMT-EQ,48.5,48.48868091188081,48.61784013083052,-0.1291592189497095,NONE,BEARISH,21,19.08333333333333,67.6086956521739,0.2822615219721329,1555,4323,7696,112,10,0.8360655737704918,244927,0.0206228088265536,0.5181347150259086,0.4666865697757497,False,25,AVOID,weak ML probability; recent exchange activity; strong bid-side imbalance; no current SMMA crossover; waiting for BidQty > 1M and AskQty > 1M
2026-08-10 13:31:35.849694,NSE:VMM-EQ,108.22,108.30565434819688,108.44479842870514,-0.1391440805082737,NONE,BEARISH,138,184.68269230769232,162.17307692307693,1.1387999525672952,50598,72949,252462,8,2510,-0.9936457505957108,2323255,0.0,0.0184842883548919,0.46636395408839204,False,10,AVOID,weak ML probability; recent exchange activity; strong ask-side imbalance; no current SMMA crossover; waiting for BidQty > 1M and AskQty > 1M
2026-08-10 13:31:34.934031,NSE:MOPSE-EQ,100.27,100.31756525089682,100.7812192709635,-0.4636540200666843,NONE,BEARISH,10,10.0,10.0,1.0,690,1330,25505,25,768,-0.9369482976040352,1364,0.0,0.0,0.4657305206164533,False,10,AVOID,weak ML probability; recent exchange activity; strong ask-side imbalance; no current SMMA crossover; waiting for BidQty > 1M and AskQty > 1M
2026-08-10 13:31:16.773889,NSE:ADVANIHOTR-EQ,50.49,50.34377160926843,50.2640955096756,0.0796760995928309,NONE,BULLISH,9,9.0,47.1,0.1910828025477706,471,520,2998,37,20,0.2982456140350877,15510,0.0,0.4576203740549234,0.46564484776705284,False,10,AVOID,weak ML probability; recent exchange activity; no current SMMA crossover; waiting for BidQty > 1M and AskQty > 1M
2026-08-10 13:28:35.233879,NSE:UCAL-EQ,120.02,120.96187730049174,119.43552054530907,1.5263567551826611,NONE,BULLISH,1,0.0,1.0,0.0,7,15,2054,9,2,0.6363636363636364,9850,0.0,0.0,0.46465985606550986,False,25,AVOID,weak ML probability; recent exchange activity; strong bid-side imbalance; no current SMMA crossover; waiting for BidQty > 1M and AskQty > 1M
2026-08-10 13:31:26.687223,NSE:VINCOFE-EQ,148.2,148.36180423471654,148.35696763758787,0.0048365971286727,NONE,BULLISH,3,62.68181818181818,57.191489361702125,1.095999053030303,2688,5438,1034029,111,161,-0.1838235294117647,1320631,0.0,0.0675219446319985,0.46456486295764876,False,10,AVOID,weak ML probability; recent exchange activity; no current SMMA crossover; waiting for BidQty > 1M and AskQty > 1M
2026-08-10 13:31:35.863772,NSE:SONATSOFTW-EQ,320.2,319.6575720698164,319.6511783426504,0.0063937271660279,BUY,BULLISH,1,102.84375,41.96629213483146,2.4506275100401607,3735,6193,39303,674,3,0.9911373707533236,834618,0.0,0.0312402374258002,0.46418184305735255,False,50,AVOID,weak ML probability; strong LTQ spike; recent exchange activity; strong bid-side imbalance; SMMA20 crossed above SMMA120; waiting for BidQty > 1M and AskQty > 1M
2026-08-10 13:26:10.260704,NSE:SINCLAIR-EQ,76.9,77.07158966115826,77.0572313234039,0.0143583377543592,NONE,BULLISH,247,0.0,0.0,0.0,0,744,5107,500,30,0.8867924528301887,7439,0.0,0.0,0.4641145002471731,False,15,AVOID,weak ML probability; strong bid-side imbalance; no current SMMA crossover; waiting for BidQty > 1M and AskQty > 1M
2026-08-10 13:31:35.093908,NSE:VEDPOWER-EQ,36.5,36.542478729483975,36.12600948090997,0.4164692485740104,NONE,BULLISH,15,197.8108108108108,240.8510638297872,0.8212993028364053,45280,74690,339343,2753,440,0.7243971186971501,46605218,-0.0273897562311664,0.0,0.4637864273294335,False,25,AVOID,weak ML probability; recent exchange activity; strong bid-side imbalance; no current SMMA crossover; waiting for BidQty > 1M and AskQty > 1M
2026-08-10 13:31:23.703871,NSE:MOHEALTH-EQ,52.1,52.08115076253803,52.09110296804723,-0.0099522055092009,NONE,BEARISH,1,9.045454545454543,17.035714285714285,0.5309700781398895,954,1385,9707,46,647,-0.8672438672438673,39273,0.0,0.0,0.4630278061092721,False,10,AVOID,weak ML probability; recent exchange activity; strong ask-side imbalance; no current SMMA crossover; waiting for BidQty > 1M and AskQty > 1M
2026-08-10 13:31:05.563689,NSE:BIRLAPREC-EQ,35.37,35.16900137721883,35.079684127511435,0.0893172497073919,NONE,BULLISH,10,10.0,10.0,0.0,20,56,988,2,22,-0.8333333333333334,6387,0.0,0.8266818700114031,0.462509293151716,False,10,AVOID,weak ML probability; recent exchange activity; strong ask-side imbalance; no current SMMA crossover; waiting for BidQty > 1M and AskQty > 1M
2026-08-10 13:31:34.373874,NSE:GROWWEV-EQ,34.25,34.25290416532445,34.17393805044422,0.0789661148802309,NONE,BULLISH,10,28.27027027027027,35.07368421052632,0.8060251127478018,3332,12343,175413,77,113,-0.1894736842105263,543099,0.0,-0.0583600817041229,0.4621384989831316,False,10,AVOID,weak ML probability; recent exchange activity; no current SMMA crossover; waiting for BidQty > 1M and AskQty > 1M
2026-08-10 13:29:41.624086,NSE:LTGILTCASE-EQ,30.61,30.62958481666899,30.62284116005401,0.0067436566149829,NONE,BULLISH,165,165.0,165.0,0.0,330,386,15435,35482,557,0.9690890424262604,132191,-0.0652954619653867,-0.0979112271540461,0.46195776880381356,False,25,AVOID,weak ML probability; recent exchange activity; strong bid-side imbalance; no current SMMA crossover; waiting for BidQty > 1M and AskQty > 1M
2026-08-10 13:31:36.884278,NSE:VSTL-EQ,106.64,106.90210712707974,107.0159976921356,-0.1138905650558683,NONE,BEARISH,1,1.0,34.75,0.0287769784172661,278,308,1036,942,12,0.9748427672955976,5122,0.0,0.0,0.4616157263141616,False,25,AVOID,weak ML probability; recent exchange activity; strong bid-side imbalance; no current SMMA crossover; waiting for BidQty > 1M and AskQty > 1M
2026-08-10 13:29:15.491690,NSE:PASHUPATI-EQ,84.06,84.01932922995195,83.9814967456092,0.0378324843427435,NONE,BULLISH,1,0.0,1.0,0.0,1,3,18,1,3,-0.5,4781,0.0,0.0476077124494267,0.4608726531353207,False,10,AVOID,weak ML probability; recent exchange activity; strong ask-side imbalance; no current SMMA crossover; waiting for BidQty > 1M and AskQty > 1M
2026-08-10 13:31:30.605310,NSE:BCPL-EQ,70.04,69.90923462068312,69.85396120948421,0.055273411198911,NONE,BULLISH,100,100.0,72.85714285714286,1.3725490196078431,510,595,1224,10,18,-0.2857142857142857,1982,0.0,1.126191163730872,0.46018843073748883,False,10,AVOID,weak ML probability; moderate LTQ spike; recent exchange activity; no current SMMA crossover; waiting for BidQty > 1M and AskQty > 1M
2026-08-10 13:31:34.724044,NSE:MSUMI-EQ,41.41,41.41138909362318,41.34193453221485,0.0694545614083281,NONE,BULLISH,5,44.953125,28.89375,1.5558079169370538,4623,9774,55728,360,1847,-0.6737652922519257,3797642,0.0,0.0241545893719719,0.4593266565309481,False,35,AVOID,weak ML probability; strong LTQ spike; recent exchange activity; strong ask-side imbalance; no current SMMA crossover; waiting for BidQty > 1M and AskQty > 1M
2026-08-10 13:23:45.928054,NSE:NDLVENTURE-EQ,129.06,128.7714626986692,129.5041863339304,-0.7327236352611806,NONE,BEARISH,2,0.0,0.0,0.0,0,6,1390,2,3,-0.2,3356,0.0,0.3186941313641611,0.45905359281208746,False,0,AVOID,weak ML probability; no current SMMA crossover; waiting for BidQty > 1M and AskQty > 1M
2026-08-10 13:31:36.314054,NSE:THEMISMED-EQ,111.19,110.65081233044788,110.55995922380382,0.0908531066440616,NONE,BULLISH,82,6.0,153.1764705882353,0.0391705069124423,13020,53584,54799,12,17,-0.1724137931034483,69510,0.0,0.6426502534395251,0.4585442678101706,False,10,AVOID,weak ML probability; recent exchange activity; no current SMMA crossover; waiting for BidQty > 1M and AskQty > 1M
2026-08-10 13:31:34.627825,NSE:FINIETF-EQ,33.45,33.43399426051153,33.35070923625205,0.0832850242594815,NONE,BULLISH,76,68.97142857142858,78.49411764705883,0.8786827680712572,6672,7655,32357,540490,199,0.9992639021692692,276843,0.0,0.0,0.45853535736893736,False,25,AVOID,weak ML probability; recent exchange activity; strong bid-side imbalance; no current SMMA crossover; waiting for BidQty > 1M and AskQty > 1M
2026-08-10 13:31:09.577175,NSE:ELMDIV-EQ,37.05,37.04024194163906,36.97116694811684,0.0690749935222214,NONE,BULLISH,3,3.0,3.0,1.0,42,66,3687,318,9165,-0.932932616260677,8154,0.0,0.0,0.45849312928348973,False,10,AVOID,weak ML probability; recent exchange activity; strong ask-side imbalance; no current SMMA crossover; waiting for BidQty > 1M and AskQty > 1M
2026-08-10 13:31:01.591762,NSE:MANAKCOAT-EQ,115.84,116.06608082154932,115.4218779067316,0.6442029148177397,NONE,BULLISH,15,15.0,18.071428571428573,0.8300395256916996,253,329,6843,2,15,-0.7647058823529411,283505,0.0,-0.3441156228492725,0.45824179793517883,False,10,AVOID,weak ML probability; recent exchange activity; strong ask-side imbalance; no current SMMA crossover; waiting for BidQty > 1M and AskQty > 1M
2026-08-10 13:31:29.127670,NSE:AJMERA-EQ,123.65,123.99261786055186,123.89637377876102,0.0962440817908429,NONE,BULLISH,31,31.5,33.72727272727273,0.9339622641509434,1484,4032,11369,14,27,-0.3170731707317073,115531,0.0,-0.2017756255044411,0.4581501495180381,False,10,AVOID,weak ML probability; recent exchange activity; strong ask-side imbalance; no current SMMA crossover; waiting for BidQty > 1M and AskQty > 1M
2026-08-10 13:31:34.006546,NSE:MURUDCERA-EQ,31.9,31.556208906001373,31.24983704023807,0.3063718657633032,NONE,BULLISH,83,122.0,122.0,0.0,366,4446,6490,30,3627,-0.9835931091058244,18868,0.0313577924114127,0.0,0.45734594849196175,False,10,AVOID,weak ML probability; recent exchange activity; strong ask-side imbalance; no current SMMA crossover; waiting for BidQty > 1M and AskQty > 1M
2026-08-10 13:31:34.621682,NSE:HDFCGROWTH-EQ,124.59,124.41635510957964,123.95412188142618,0.4622332281534511,NONE,BULLISH,4387,2778.6,1634.8793103448277,1.699574997627158,189646,295770,345466,57,74,-0.1297709923664122,40772,0.0,0.0240847784200415,0.45698697082552575,False,35,AVOID,weak ML probability; strong LTQ spike; recent exchange activity; no current SMMA crossover; waiting for BidQty > 1M and AskQty > 1M
2026-08-10 13:31:36.261948,NSE:IEX-EQ,126.59,126.59465533671424,126.88034528269046,-0.2856899459762019,NONE,BEARISH,3,15.835820895522389,24.857142857142858,0.6370732544175673,4698,9079,32467,150,993,-0.7375328083989501,1459197,-0.0473746545598174,0.0237041719342689,0.45600687960156616,False,10,AVOID,weak ML probability; recent exchange activity; strong ask-side imbalance; no current SMMA crossover; waiting for BidQty > 1M and AskQty > 1M
2026-08-10 13:29:31.104034,NSE:DJML-EQ,112.9,112.98261167543804,112.93930641599218,0.0433052594458729,NONE,BULLISH,1,0.0,1.0,0.0,4,48,329,2,1,0.3333333333333333,70938,0.0,-0.0884955752212368,0.4559959869450341,False,25,AVOID,weak ML probability; recent exchange activity; strong bid-side imbalance; no current SMMA crossover; waiting for BidQty > 1M and AskQty > 1M
2026-08-10 13:31:32.838163,NSE:SETFGOLD-EQ,128.72,128.77912754886935,128.17003949929904,0.6090880495703175,NONE,BULLISH,38,252.30357142857144,271.9586206896552,0.9277277947239148,39434,95426,481587,2043,3808,-0.3016578362673047,4174040,-0.0310655483069188,-0.0465910855723006,0.4556565576468994,False,10,AVOID,weak ML probability; recent exchange activity; strong ask-side imbalance; no current SMMA crossover; waiting for BidQty > 1M and AskQty > 1M
2026-08-10 13:31:33.803778,NSE:KWIL-EQ,34.9,34.94266019524584,34.93341906145124,0.0092411337946032,NONE,BULLISH,16,216.0,387.1298701298701,0.5579522962863565,29809,32796,118436,5406,2676,0.3377876763177431,7635591,-0.0858860578299536,-0.143061516452092,0.45514349210213045,False,25,AVOID,weak ML probability; recent exchange activity; strong bid-side imbalance; no current SMMA crossover; waiting for BidQty > 1M and AskQty > 1M
2026-08-10 13:30:46.318287,NSE:TOLINS-EQ,102.06,102.15750431008144,102.17483330868367,-0.0173289986022382,NONE,BEARISH,1,35.0,46.63157894736842,0.7505643340857788,886,1362,2688,131,17,0.7702702702702703,16455,0.0588235294117778,0.0588235294117778,0.4549152713974454,False,25,AVOID,weak ML probability; recent exchange activity; strong bid-side imbalance; no current SMMA crossover; waiting for BidQty > 1M and AskQty > 1M
2026-08-10 13:29:10.246954,NSE:LAMBODHARA-EQ,116.5,116.0191597234138,115.38414992521028,0.6350097982035265,NONE,BULLISH,4,0.0,4.0,0.0,4,24,6459,62,70,-0.0606060606060606,16265,0.0,0.0,0.4542953153131895,False,10,AVOID,weak ML probability; recent exchange activity; no current SMMA crossover; waiting for BidQty > 1M and AskQty > 1M
2026-08-10 13:31:31.014806,NSE:TFCILTD-EQ,115.75,115.67700062596649,115.93342372486038,-0.2564230988938902,NONE,BEARISH,700,248.23684210526315,316.0,0.7855596269153897,25280,37612,149887,3516,2165,0.2378102446752332,13977703,0.0,0.0432152117545436,0.4531963174170214,False,10,AVOID,weak ML probability; recent exchange activity; no current SMMA crossover; waiting for BidQty > 1M and AskQty > 1M
2026-08-10 13:31:32.887802,NSE:ITIETF-EQ,35.22,35.20145524279888,35.09474469268917,0.1067105501097103,NONE,BULLISH,1,306.1428571428572,432.5514018691589,0.7077606402844612,46283,50807,737914,29313,3228,0.8016041301742417,507538,0.0,0.0568181818181745,0.45284661188031916,False,25,AVOID,weak ML probability; recent exchange activity; strong bid-side imbalance; no current SMMA crossover; waiting for BidQty > 1M and AskQty > 1M
2026-08-10 13:31:33.633951,NSE:MOALPHA50-EQ,56.27,56.24187402075505,56.020103977586494,0.2217700431685543,NONE,BULLISH,10,10.0,10.0,1.0,530,1020,114460,4,231,-0.9659574468085106,12196,0.0,0.0,0.45281412339226235,False,10,AVOID,weak ML probability; recent exchange activity; strong ask-side imbalance; no current SMMA crossover; waiting for BidQty > 1M and AskQty > 1M
2026-08-10 13:30:39.263703,NSE:PARKHOTELS-EQ,120.89,120.31955742681612,120.10303539713728,0.2165220296788419,NONE,BULLISH,2,17.666666666666668,41.76923076923077,0.4229588704726826,543,1603,11434,49,6,0.7818181818181819,69682,0.091074681238612,0.2986808263502949,0.452773160150117,False,25,AVOID,weak ML probability; recent exchange activity; strong bid-side imbalance; no current SMMA crossover; waiting for BidQty > 1M and AskQty > 1M
2026-08-10 13:31:02.615945,NSE:ARCHIDPLY-EQ,95.96,96.195417514156,93.19082366017332,3.0045938539826977,NONE,BULLISH,12,11.125,32.214285714285715,0.3453436807095343,451,899,7720,113,52,0.3696969696969697,155874,0.0,-0.0104199228925794,0.45260648912755397,False,25,AVOID,weak ML probability; recent exchange activity; strong bid-side imbalance; no current SMMA crossover; waiting for BidQty > 1M and AskQty > 1M
2026-08-10 13:31:20.344439,NSE:SBFC-EQ,94.02,93.94585054083566,93.94973912050573,-0.0038885796700469,NONE,BEARISH,1,5.3125,12.268292682926829,0.4330268389662028,503,1074,4201,14,30,-0.3636363636363636,820267,0.0,0.0212765957446681,0.45248822705370945,False,10,AVOID,weak ML probability; recent exchange activity; strong ask-side imbalance; no current SMMA crossover; waiting for BidQty > 1M and AskQty > 1M
2026-08-10 13:31:36.439370,NSE:SDBL-EQ,73.9,72.76666744404096,72.84911839222961,-0.0824509481886508,NONE,BEARISH,275,122.38297872340424,105.5679012345679,1.159282104618845,8551,55848,66600,131,13,0.8194444444444444,437125,0.0406118857452231,1.2190110943706367,0.4519655942791962,False,25,AVOID,weak ML probability; recent exchange activity; strong bid-side imbalance; no current SMMA crossover; waiting for BidQty > 1M and AskQty > 1M
2026-08-10 13:31:33.363718,NSE:AUTOIETF-EQ,30.86,30.848072213401547,30.791191604402645,0.0568806089989024,NONE,BULLISH,3,608.1153846153846,252.42391304347825,2.4091037068688537,23223,39089,92156,2353,13488,-0.7029227952780759,563860,0.0,0.0,0.4517874531811939,False,35,AVOID,weak ML probability; strong LTQ spike; recent exchange activity; strong ask-side imbalance; no current SMMA crossover; waiting for BidQty > 1M and AskQty > 1M
2026-08-10 13:31:34.947871,NSE:SENSEXAXIS-EQ,81.77,81.6141454680956,81.27991008165118,0.3342353864444192,NONE,BULLISH,7,373.4516129032258,500.6190476190476,0.7459796319763856,42052,56036,77351,150,20993,-0.9858109066830628,2641,0.0122309197651659,0.0122309197651659,0.4511444764650501,False,10,AVOID,weak ML probability; recent exchange activity; strong ask-side imbalance; no current SMMA crossover; waiting for BidQty > 1M and AskQty > 1M
2026-08-10 13:31:35.833727,NSE:NAVKARCORP-EQ,101.72,101.3707362923435,100.62084496025156,0.7498913320919343,NONE,BULLISH,25,79.72,82.05882352941177,0.9714982078853046,4185,5565,7884,1,11,-0.8333333333333334,203784,0.0,0.2760252365930693,0.45020800616415135,False,10,AVOID,weak ML probability; recent exchange activity; strong ask-side imbalance; no current SMMA crossover; waiting for BidQty > 1M and AskQty > 1M
2026-08-10 13:31:34.513690,NSE:EVINDIA-EQ,34.38,34.373506448302884,34.30031232764262,0.0731941206602613,NONE,BULLISH,28,23.847826086956523,20.146788990825687,1.1837035717114122,2196,18314,99159,364,39565,-0.9817676375566632,1255863,0.0,0.0,0.4501376018020642,False,10,AVOID,weak ML probability; recent exchange activity; strong ask-side imbalance; no current SMMA crossover; waiting for BidQty > 1M and AskQty > 1M
2026-08-10 13:31:34.612142,NSE:ASHOKA-EQ,117.94,117.88913453064582,118.08649070712386,-0.1973561764780385,NONE,BEARISH,12,13.533333333333331,19.542857142857144,0.6924951267056529,684,3505,35218,373,64,0.7070938215102975,343331,0.0,0.0169606512889997,0.4493399396083835,False,25,AVOID,weak ML probability; recent exchange activity; strong bid-side imbalance; no current SMMA crossover; waiting for BidQty > 1M and AskQty > 1M
2026-08-10 13:31:16.775803,NSE:MCL-EQ,58.99,58.99972328062402,58.6845997169757,0.3151235636483207,NONE,BULLISH,9,6.0,20.846153846153847,0.2878228782287823,271,531,3204,144,1000,-0.7482517482517482,66325,0.0,-0.016949152542367,0.4487391179753058,False,10,AVOID,weak ML probability; recent exchange activity; strong ask-side imbalance; no current SMMA crossover; waiting for BidQty > 1M and AskQty > 1M
2026-08-10 13:31:32.704114,NSE:ESTER-EQ,98.75,98.07903258296912,92.5189730250085,5.560059557960628,NONE,BULLISH,50,93.71428571428572,63.08139534883721,1.4856089532587229,5425,27951,152801,20,2394,-0.983429991714996,859200,0.1521298174442353,-0.4837246800362793,0.4486752101370924,False,10,AVOID,weak ML probability; moderate LTQ spike; recent exchange activity; strong ask-side imbalance; no current SMMA crossover; waiting for BidQty > 1M and AskQty > 1M
2026-08-10 13:31:35.073874,NSE:GOLDBEES-EQ,124.84,124.85444378873324,124.07774293352088,0.7767008552123684,NONE,BULLISH,12,153.45,99.59555555555556,1.540731402561471,22409,64866,298051,14184,8277,0.2629891812474956,22723898,0.0,-0.0080096115338323,0.4483356135961055,False,35,AVOID,weak ML probability; strong LTQ spike; recent exchange activity; no current SMMA crossover; waiting for BidQty > 1M and AskQty > 1M
2026-08-10 13:31:30.434056,NSE:BEPL-EQ,125.86,125.98137864237374,124.9853688042696,0.9960098381041432,NONE,BULLISH,64,370.0,216.52857142857144,1.7087814211255523,15157,22512,74610,74,2072,-0.9310344827586208,2192166,-0.0079447048542236,0.0397424688021619,0.4483121489630434,False,35,AVOID,weak ML probability; strong LTQ spike; recent exchange activity; strong ask-side imbalance; no current SMMA crossover; waiting for BidQty > 1M and AskQty > 1M
2026-08-10 13:31:33.466095,NSE:GOLDAXIS-EQ,126.07,126.08608107845822,125.5187935757776,0.5672875026806281,NONE,BULLISH,8,219.47916666666663,315.01666666666665,0.6967223956404424,37802,42510,273380,591,86,0.7459379615952733,429614,-0.0475699674938545,-0.0396447827465951,0.4482162029723342,False,25,AVOID,weak ML probability; recent exchange activity; strong bid-side imbalance; no current SMMA crossover; waiting for BidQty > 1M and AskQty > 1M
2026-08-10 13:31:33.239699,NSE:DIGITIDE-EQ,104.42,104.6730727245021,103.8791617357608,0.7939109887413025,NONE,BULLISH,1,83.5,88.55,0.942970073404856,1771,2264,8907,50,192,-0.5867768595041323,354175,0.0,0.1150527325024075,0.44757992007608843,False,10,AVOID,weak ML probability; recent exchange activity; strong ask-side imbalance; no current SMMA crossover; waiting for BidQty > 1M and AskQty > 1M
2026-08-10 13:31:32.857870,NSE:SNOWMAN-EQ,39.85,39.79251416785971,39.4593290263922,0.33318514146751,NONE,BULLISH,110,156.0,243.8181818181818,0.639821029082774,2682,3975,32507,2,51,-0.9245283018867924,94360,0.0,0.0,0.44755742214991057,False,10,AVOID,weak ML probability; recent exchange activity; strong ask-side imbalance; no current SMMA crossover; waiting for BidQty > 1M and AskQty > 1M
2026-08-10 13:31:33.789828,NSE:GROWWDEFNC-EQ,97.56,97.60890616919214,97.45316935894046,0.1557368102516818,NONE,BULLISH,50,20.363636363636363,19.85,1.0258758873368443,2382,14460,44044,23,6752,-0.993210332103321,149038,0.0,0.0102511532547477,0.44708857882489583,False,10,AVOID,weak ML probability; recent exchange activity; strong ask-side imbalance; no current SMMA crossover; waiting for BidQty > 1M and AskQty > 1M
2026-08-10 13:31:27.955868,NSE:MSCIINDIA-EQ,30.49,30.490031050155174,30.49080988219074,-0.0007788320355608,NONE,BEARISH,6,6.0,20.125,0.2981366459627329,483,810,2201,58475,943,0.9682587768016426,12317,0.0,0.0,0.44639171745422307,False,25,AVOID,weak ML probability; recent exchange activity; strong bid-side imbalance; no current SMMA crossover; waiting for BidQty > 1M and AskQty > 1M
2026-08-10 13:31:32.937965,NSE:MODEFENCE-EQ,106.83,106.96410437890552,106.8941461950156,0.0699581838899092,NONE,BULLISH,235,176.84782608695653,220.71544715447155,0.8012480701597043,27148,36545,132862,922,376,0.4206471494607088,1053407,-0.0280741156653552,-0.0467814371257424,0.44490394087806123,False,25,AVOID,weak ML probability; recent exchange activity; strong bid-side imbalance; no current SMMA crossover; waiting for BidQty > 1M and AskQty > 1M
2026-08-10 13:31:34.874121,NSE:SIGMA-EQ,48.77,48.664225132287726,47.672667450572206,0.9915576817155198,NONE,BULLISH,177,105.2,121.59375,0.8651760472886147,3891,5929,16867,54,40,0.1489361702127659,229876,-0.0409920065587154,0.556701030927842,0.4441551848085861,False,10,AVOID,weak ML probability; recent exchange activity; no current SMMA crossover; waiting for BidQty > 1M and AskQty > 1M
2026-08-10 13:30:38.895509,NSE:HDFCBSE500-EQ,38.3,38.26320975733624,38.191037371029765,0.0721723863064767,NONE,BULLISH,2,20535.5,30806.375,0.6665990399714344,492902,493646,507987,123,45238,-0.9945768391349395,1363953,0.0,0.0261164794985502,0.44406174940967486,False,10,AVOID,weak ML probability; recent exchange activity; strong ask-side imbalance; no current SMMA crossover; waiting for BidQty > 1M and AskQty > 1M
2026-08-10 13:31:27.327722,NSE:GOKUL-EQ,40.18,39.862266501476576,39.72778051023463,0.1344859912419451,NONE,BULLISH,50,50.0,50.0,0.0,150,13858,15562,7,15,-0.3636363636363636,136985,0.0,1.0817610062893168,0.44350857235365915,False,10,AVOID,weak ML probability; recent exchange activity; strong ask-side imbalance; no current SMMA crossover; waiting for BidQty > 1M and AskQty > 1M
2026-08-10 13:30:55.841634,NSE:MAHEPC-EQ,109.18,108.81036969200964,108.38891649385032,0.4214531981593268,NONE,BULLISH,1,1.0,1.0,1.0,16,344,497,20,7,0.4814814814814814,8492,0.0,-0.0091583478340373,0.44314692374796644,False,25,AVOID,weak ML probability; recent exchange activity; strong bid-side imbalance; no current SMMA crossover; waiting for BidQty > 1M and AskQty > 1M
2026-08-10 13:31:34.567882,NSE:CONSUMAXIS-EQ,126.05,126.029844307096,125.94712425961742,0.082720047478574,NONE,BULLISH,5,5.0,3.311111111111111,1.51006711409396,298,364,1342,70,1974,-0.9315068493150684,388,0.0,0.0555643752976564,0.44186333704766856,False,35,AVOID,weak ML probability; strong LTQ spike; recent exchange activity; strong ask-side imbalance; no current SMMA crossover; waiting for BidQty > 1M and AskQty > 1M
2026-08-10 13:31:34.313864,NSE:ITETF-EQ,33.6,33.58315892668281,33.53899475125423,0.0441641754285839,NONE,BULLISH,100,75.61290322580645,52.94871794871795,1.4280403030539717,4130,7790,80642,2643,991,0.4545954870665933,309286,0.0,0.0893655049150954,0.441011600114298,False,25,AVOID,weak ML probability; moderate LTQ spike; recent exchange activity; strong bid-side imbalance; no current SMMA crossover; waiting for BidQty > 1M and AskQty > 1M
2026-08-10 13:31:21.533677,NSE:PAR-EQ,103.94,104.02198827954896,101.20735542359064,2.8146328559583367,NONE,BULLISH,10,10.0,15.4,0.6493506493506493,231,262,2197,38,27,0.1692307692307692,48824,0.0,-0.0480815463025252,0.4405827083368831,False,10,AVOID,weak ML probability; recent exchange activity; no current SMMA crossover; waiting for BidQty > 1M and AskQty > 1M
2026-08-10 13:31:33.597934,NSE:ICICIB22-EQ,116.71,116.64892453928782,116.68821757603624,-0.0392930367484183,NONE,BEARISH,8,121.125,221.475,0.5469014561462919,26577,31422,47679,50,92,-0.2957746478873239,233811,0.0,0.0342847347218677,0.44035651266844145,False,10,AVOID,weak ML probability; recent exchange activity; no current SMMA crossover; waiting for BidQty > 1M and AskQty > 1M
2026-08-10 13:21:57.694137,NSE:GRAVISSHO-EQ,31.1,31.10651058602495,31.087117133686625,0.0193934523383276,NONE,BULLISH,21,0.0,0.0,0.0,0,42,199,15,72,-0.6551724137931034,518,0.0,0.3225806451612856,0.44008976695244223,False,0,AVOID,weak ML probability; strong ask-side imbalance; no current SMMA crossover; waiting for BidQty > 1M and AskQty > 1M
2026-08-10 13:31:34.767766,NSE:UJJIVANSFB-EQ,70.69,70.70524076484827,70.70460469390058,0.0006360709476922,NONE,BULLISH,131,78.38356164383562,96.24581005586592,0.8144101192388308,17228,25111,139887,1228,400,0.5085995085995086,4591362,0.084949738071649,0.1132983996601,0.44006959943567986,False,25,AVOID,weak ML probability; recent exchange activity; strong bid-side imbalance; no current SMMA crossover; waiting for BidQty > 1M and AskQty > 1M
2026-08-10 13:31:15.333841,NSE:MANAKSIA-EQ,58.99,58.78438112828212,57.71337842275057,1.071002705531548,NONE,BULLISH,17,14.6,7.8,1.871794871794872,78,82,786,6,3,0.3333333333333333,37982,0.0,0.8376068376068302,0.4397442727358809,False,50,AVOID,weak ML probability; strong LTQ spike; recent exchange activity; strong bid-side imbalance; no current SMMA crossover; waiting for BidQty > 1M and AskQty > 1M
2026-08-10 13:31:32.453658,NSE:GOLD1-EQ,126.05,126.05237365772884,125.4826691040759,0.5697045536529401,NONE,BULLISH,20,13.893617021276595,61.49166666666667,0.2259430874851865,7379,16548,75400,500,5938,-0.8446722584653619,5257641,0.0,-0.0079327304458254,0.4394613664581598,False,10,AVOID,weak ML probability; recent exchange activity; strong ask-side imbalance; no current SMMA crossover; waiting for BidQty > 1M and AskQty > 1M
2026-08-10 13:31:36.507090,NSE:MANINFRA-EQ,115.84,115.79714906895164,115.0952262010623,0.7019228678893228,NONE,BULLISH,30,253.05555555555557,785.0309278350516,0.3223510648853402,76148,92786,303289,70,5,0.8666666666666667,2465616,0.0,0.0864005529635392,0.43920968270949023,False,25,AVOID,weak ML probability; recent exchange activity; strong bid-side imbalance; no current SMMA crossover; waiting for BidQty > 1M and AskQty > 1M
2026-08-10 13:31:36.492885,NSE:HDFCGOLD-EQ,128.92,128.92799681577483,128.30003598536817,0.6279608304066642,NONE,BULLISH,4,250.75641025641025,217.08,1.1551336385498905,32562,58536,355507,9333,45628,-0.660377358490566,2208876,0.0077573500891992,-0.0077561467463072,0.4385809524277458,False,10,AVOID,weak ML probability; recent exchange activity; strong ask-side imbalance; no current SMMA crossover; waiting for BidQty > 1M and AskQty > 1M
2026-08-10 13:31:23.199105,NSE:QGOLDHALF-EQ,125.2,125.18237317089212,124.58573669414352,0.5966364767486141,NONE,BULLISH,100,93.33333333333331,328.0327868852459,0.2845244044644344,20010,28480,115584,454,100,0.6389891696750902,73586,0.0,-0.0399201596806397,0.43850651092721726,False,25,AVOID,weak ML probability; recent exchange activity; strong bid-side imbalance; no current SMMA crossover; waiting for BidQty > 1M and AskQty > 1M
2026-08-10 13:21:56.003848,NSE:NIRAJISPAT-EQ,202.0,209.25231349982656,214.57022650814832,-5.317913008321739,NONE,BEARISH,1,0.0,0.0,0.0,0,2,9,4,7,-0.2727272727272727,35,0.4975124378109541,0.4975124378109541,0.4378709174451776,False,0,AVOID,weak ML probability; no current SMMA crossover; waiting for BidQty > 1M and AskQty > 1M
2026-08-10 13:31:35.881230,NSE:TARMAT-EQ,53.95,53.642337488489694,53.004560947988125,0.6377765405015694,NONE,BULLISH,179,84.8,74.33333333333333,1.1408071748878923,446,644,56365,151,30,0.6685082872928176,15759,0.0,0.0,0.4377815668590745,False,25,AVOID,weak ML probability; recent exchange activity; strong bid-side imbalance; no current SMMA crossover; waiting for BidQty > 1M and AskQty > 1M
2026-08-10 13:31:36.365062,NSE:AEROENTER-EQ,127.78,127.9818630750407,127.65183763651171,0.3300254385289776,NONE,BULLISH,20,998.3333333333334,468.4222222222222,2.1312680867213816,21079,23912,51606,980,1,0.99796126401631,278534,0.0,0.0078265633560281,0.437603200280127,False,50,AVOID,weak ML probability; strong LTQ spike; recent exchange activity; strong bid-side imbalance; no current SMMA crossover; waiting for BidQty > 1M and AskQty > 1M
2026-08-10 13:31:33.055887,NSE:GROWWCHEM-EQ,30.81,30.77047440899637,30.74057436218806,0.0299000468083114,NONE,BULLISH,16,16.0,13.12,1.2195121951219512,328,373,75818,149,5084,-0.9430536976877508,34713,0.0,0.0,0.43722144782520256,False,10,AVOID,weak ML probability; moderate LTQ spike; recent exchange activity; strong ask-side imbalance; no current SMMA crossover; waiting for BidQty > 1M and AskQty > 1M
2026-08-10 13:28:12.126239,NSE:THEINVEST-EQ,99.1,99.3315776403905,98.47011697605365,0.8614606643368745,NONE,BULLISH,100,0.0,100.0,0.0,400,600,966,11,3,0.5714285714285714,266,0.0,-0.9000000000000008,0.43720587576821,False,25,AVOID,weak ML probability; recent exchange activity; strong bid-side imbalance; no current SMMA crossover; waiting for BidQty > 1M and AskQty > 1M
2026-08-10 13:31:01.722869,NSE:DIGJAMLMTD-EQ,49.6,49.16206216071902,48.22100076369465,0.9410613970243702,NONE,BULLISH,110,110.0,110.0,0.0,110,440,461,42,35,0.0909090909090909,19323,0.0,1.2244897959183598,0.4364039480653287,False,10,AVOID,weak ML probability; recent exchange activity; no current SMMA crossover; waiting for BidQty > 1M and AskQty > 1M
2026-08-10 13:31:28.203723,NSE:MOLOWVOL-EQ,37.62,37.61966252983442,37.59423153788611,0.025430991948312,NONE,BULLISH,3,3.0,3.0,1.0,63,135,5283,74887,1064,0.9719819357217152,892,0.0,0.0,0.43604378562618673,False,25,AVOID,weak ML probability; recent exchange activity; strong bid-side imbalance; no current SMMA crossover; waiting for BidQty > 1M and AskQty > 1M
2026-08-10 13:31:22.344065,NSE:SSDL-EQ,54.23,54.00656393106456,53.88768756676929,0.1188763642952679,NONE,BULLISH,1,7.0,80.0,0.0875,640,1255,2007,820,49,0.8872266973532796,8947,0.4259259259259185,0.4259259259259185,0.4359174068784244,False,25,AVOID,weak ML probability; recent exchange activity; strong bid-side imbalance; no current SMMA crossover; waiting for BidQty > 1M and AskQty > 1M
2026-08-10 13:31:32.838163,NSE:HILINFRA-EQ,45.47,45.249651884083335,45.11346000709664,0.1361918769867003,NONE,BULLISH,1,10.934782608695652,38.08403361344538,0.2871224912698108,4532,18586,19724,1,69,-0.9714285714285714,55276,0.1321294868971589,0.0219973603167611,0.43559835152077003,False,10,AVOID,weak ML probability; recent exchange activity; strong ask-side imbalance; no current SMMA crossover; waiting for BidQty > 1M and AskQty > 1M
2026-08-10 13:31:34.304108,NSE:CONSUMIETF-EQ,126.99,126.91488314783533,126.575028270524,0.3398548773113248,NONE,BULLISH,31,21.74468085106383,10.0,2.174468085106383,1160,1330,22905,69,23,0.5,7373,0.0,0.0157517523824424,0.43551243312204013,False,50,AVOID,weak ML probability; strong LTQ spike; recent exchange activity; strong bid-side imbalance; no current SMMA crossover; waiting for BidQty > 1M and AskQty > 1M
2026-08-10 13:31:03.043987,NSE:ESG-EQ,42.45,42.452678948921545,42.40835649343471,0.0443224554868351,NONE,BULLISH,50,50.0,50.0,1.0,2150,4050,69904,1100,58727,-0.9632273053972288,2137,0.0,0.0,0.4354725550802263,False,10,AVOID,weak ML probability; recent exchange activity; strong ask-side imbalance; no current SMMA crossover; waiting for BidQty > 1M and AskQty > 1M
2026-08-10 13:31:35.860025,NSE:VISL-EQ,36.97,36.96234024588817,36.24509934131916,0.7172409045690102,NONE,BULLISH,2,642.6458333333334,347.5416666666667,1.8491188106941612,41705,100249,516848,25705483,0,1.0,18166525,0.0,0.0,0.4354114564815047,False,50,AVOID,weak ML probability; strong LTQ spike; recent exchange activity; strong bid-side imbalance; no current SMMA crossover; waiting for BidQty > 1M and AskQty > 1M
2026-08-10 13:30:56.703976,NSE:BLUSPRING-EQ,113.18,112.99394709317262,112.4878597417275,0.5060873514451174,NONE,BULLISH,5,5.0,5.0,1.0,50,97,6847,24,20,0.0909090909090909,126857,0.0,0.0,0.43515667920284884,False,10,AVOID,weak ML probability; recent exchange activity; no current SMMA crossover; waiting for BidQty > 1M and AskQty > 1M
2026-08-10 13:31:36.388051,NSE:VOGL-EQ,39.1,39.07435060748016,37.61307436686807,1.4612762406120936,NONE,BULLISH,42,393.2397260273973,400.7654723127036,0.9812215702069408,123035,253642,1529391,2258,4288,-0.3101130461350443,153191192,0.0511770726714599,-0.1277139208173627,0.43514610254430025,False,10,AVOID,weak ML probability; recent exchange activity; strong ask-side imbalance; no current SMMA crossover; waiting for BidQty > 1M and AskQty > 1M
2026-08-10 13:31:27.677924,NSE:BIOFILCHEM-EQ,32.99,32.63556199750275,32.47278649170726,0.1627755057954871,NONE,BULLISH,6,6.0,8.0,0.75,64,92,6839,40,26,0.2121212121212121,9128,0.0,-0.0303030303030249,0.43477683615008206,False,10,AVOID,weak ML probability; recent exchange activity; no current SMMA crossover; waiting for BidQty > 1M and AskQty > 1M
2026-08-10 13:30:31.350266,NSE:DOLATALGO-EQ,72.79,72.26123160228397,71.65266150032372,0.6085701019602539,NONE,BULLISH,10,38.41666666666666,48.1875,0.7972330306960657,1542,2030,16168,29,15,0.3181818181818182,119484,0.1100261312061867,-0.0137362637362525,0.43468353318090663,False,25,AVOID,weak ML probability; recent exchange activity; strong bid-side imbalance; no current SMMA crossover; waiting for BidQty > 1M and AskQty > 1M
2026-08-10 13:31:27.553822,NSE:SRTL-EQ,40.5,40.43481076476459,40.09070852873983,0.3441022360247601,NONE,BULLISH,85,49.0,64.83333333333333,0.7557840616966581,389,2549,8248,70,15,0.6470588235294118,56624,0.0988630746416197,0.0246974561620039,0.4345671911966763,False,25,AVOID,weak ML probability; recent exchange activity; strong bid-side imbalance; no current SMMA crossover; waiting for BidQty > 1M and AskQty > 1M
2026-08-10 13:31:34.453934,NSE:ALPHA-EQ,53.98,53.96296636702455,53.751496349431335,0.2114700175932142,NONE,BULLISH,445,13567.08888888889,5819.6,2.3312751544588783,640156,684467,754955,582823,21441,0.9290343293659724,542417,0.0,-0.0185219485089871,0.4345239756342235,False,50,AVOID,weak ML probability; strong LTQ spike; recent exchange activity; strong bid-side imbalance; no current SMMA crossover; waiting for BidQty > 1M and AskQty > 1M
2026-08-10 13:31:36.747817,NSE:GATEWAY-EQ,57.84,57.9445029274894,57.35396476053632,0.5905381669530811,NONE,BULLISH,1,6.4,10.5625,0.6059171597633136,676,6379,11627,45,193,-0.6218487394957983,1387745,0.0,0.0345901072293486,0.4334690013064985,False,10,AVOID,weak ML probability; recent exchange activity; strong ask-side imbalance; no current SMMA crossover; waiting for BidQty > 1M and AskQty > 1M
2026-08-10 13:31:33.673903,NSE:MOMENTUM50-EQ,54.35,54.31260107599511,54.16746557949735,0.1451354964977582,NONE,BULLISH,1273,436.0416666666667,210.49056603773585,2.0715496892554084,11156,32135,111359,1339,756,0.2782816229116945,326442,0.0,0.0184026499815859,0.4334170349421161,False,35,AVOID,weak ML probability; strong LTQ spike; recent exchange activity; no current SMMA crossover; waiting for BidQty > 1M and AskQty > 1M
2026-08-10 13:31:34.887722,NSE:ITBEES-EQ,35.19,35.18246444825572,35.12405833542653,0.0584061128291892,NONE,BULLISH,215,591.6271186440678,678.4713375796179,0.8720001654817746,106520,165782,561675,3900,44650,-0.839340885684861,8878036,0.0284252416145491,0.0,0.43288113736965983,False,10,AVOID,weak ML probability; recent exchange activity; strong ask-side imbalance; no current SMMA crossover; waiting for BidQty > 1M and AskQty > 1M
2026-08-10 13:31:34.326463,NSE:MAWANASUG-EQ,119.2,119.59271579766516,117.67586597081012,1.916849826855028,NONE,BULLISH,9,3.789473684210526,4.627659574468085,0.8188747731397459,435,1368,23903,200,9,0.9138755980861244,488841,0.1680672268907557,0.1680672268907557,0.4313974036026989,False,25,AVOID,weak ML probability; recent exchange activity; strong bid-side imbalance; no current SMMA crossover; waiting for BidQty > 1M and AskQty > 1M
2026-08-10 13:30:40.967048,NSE:MIRZAINT-EQ,33.22,33.26305058949289,33.224133355252825,0.0389172342400669,NONE,BULLISH,100,71.0,52.27272727272727,1.3582608695652174,575,2949,7639,56,81,-0.1824817518248175,92640,0.0301114122252199,-0.3001200480192145,0.43013421966498794,False,10,AVOID,weak ML probability; moderate LTQ spike; recent exchange activity; no current SMMA crossover; waiting for BidQty > 1M and AskQty > 1M
2026-08-10 13:31:32.584028,NSE:GOLDBETA-EQ,127.05,127.02468558307147,126.448855789554,0.5758297935174852,NONE,BULLISH,5,18.146341463414632,43.27272727272727,0.4193482270957163,3332,3950,67056,12,2788,-0.9914285714285714,594581,0.0,0.0393700787401529,0.42990371266131105,False,10,AVOID,weak ML probability; recent exchange activity; strong ask-side imbalance; no current SMMA crossover; waiting for BidQty > 1M and AskQty > 1M
2026-08-10 13:31:12.143714,NSE:MAHAPEXLTD-EQ,48.84,48.78353911985987,46.68658174517553,2.0969573746843366,NONE,BULLISH,11,9.625,5.928571428571429,1.6234939759036144,83,520,8165,1,2,-0.3333333333333333,74176,0.0,0.909090909090926,0.4298484319281565,False,35,AVOID,weak ML probability; strong LTQ spike; recent exchange activity; strong ask-side imbalance; no current SMMA crossover; waiting for BidQty > 1M and AskQty > 1M
2026-08-10 13:31:32.923885,NSE:DWARKESH-EQ,42.1,42.010615156492,41.47489700456825,0.5357181519237457,NONE,BULLISH,76,67.13333333333334,56.875,1.1803663003663003,1820,5666,73378,56,451,-0.7790927021696252,1055480,0.0237586124970157,0.1189060642092787,0.42897031896626864,False,10,AVOID,weak ML probability; recent exchange activity; strong ask-side imbalance; no current SMMA crossover; waiting for BidQty > 1M and AskQty > 1M
2026-08-10 13:30:26.487817,NSE:LTGILTBEES-EQ,30.07,30.06786109197334,30.069030451903394,-0.0011693599300528,NONE,BEARISH,1,1.0,28.4,0.0,142,162,88751,324690,7495,0.9548745427999458,1472548,0.0,0.0,0.42888147414474703,False,25,AVOID,weak ML probability; recent exchange activity; strong bid-side imbalance; no current SMMA crossover; waiting for BidQty > 1M and AskQty > 1M
2026-08-10 13:28:56.243998,NSE:BANARBEADS-EQ,115.14,115.17502940683802,114.28987482100962,0.8851545858284027,NONE,BULLISH,331,0.0,331.0,0.0,662,3320,3974,259,10,0.9256505576208178,1435,0.0,-0.0086843247937506,0.4283802110459234,False,25,AVOID,weak ML probability; recent exchange activity; strong bid-side imbalance; no current SMMA crossover; waiting for BidQty > 1M and AskQty > 1M
2026-08-10 13:23:03.953929,NSE:ICDSLTD-EQ,42.8,42.17723698425444,42.04162274178484,0.1356142424696003,NONE,BULLISH,48,0.0,0.0,0.0,0,144,288,26,20,0.1304347826086956,973,0.0,0.0,0.42717569732326033,False,0,AVOID,weak ML probability; no current SMMA crossover; waiting for BidQty > 1M and AskQty > 1M
2026-08-10 13:31:34.403757,NSE:MIDSMALL-EQ,52.43,52.35071208409693,52.20249045270412,0.1482216313928148,NONE,BULLISH,2,151.6875,198.4351851851852,0.7644183659185292,21431,175595,499356,97357,195,0.996002132196162,137179,0.0,0.057251908396938,0.42681501751509865,False,25,AVOID,weak ML probability; recent exchange activity; strong bid-side imbalance; no current SMMA crossover; waiting for BidQty > 1M and AskQty > 1M
2026-08-10 13:31:34.273843,NSE:NIFTY100EW-EQ,36.08,36.08524182062213,36.07292881020379,0.0123130104183388,NONE,BULLISH,333,56.333333333333336,25.057971014492757,2.24812030075188,1729,1781,35458,15000,48404,-0.5268437322566399,23123,0.0,0.0,0.42662476343785644,False,35,AVOID,weak ML probability; strong LTQ spike; recent exchange activity; strong ask-side imbalance; no current SMMA crossover; waiting for BidQty > 1M and AskQty > 1M
2026-08-10 13:29:59.909916,NSE:SECMARK-EQ,130.0,127.54268931161428,127.2119113525974,0.3307779590168707,NONE,BULLISH,1,1.0,1.0,0.0,3,6,38,10,10,0.0,642,0.0,2.604577742699288,0.4265165956740937,False,10,AVOID,weak ML probability; recent exchange activity; no current SMMA crossover; waiting for BidQty > 1M and AskQty > 1M
2026-08-10 13:31:36.135669,NSE:ADSL-EQ,115.8,115.72273753649938,115.31159646505228,0.4111410714470906,NONE,BULLISH,5,5.0,4.2,1.1904761904761905,63,225,5076,7,2,0.5555555555555556,94748,0.0,0.034554250172758,0.4263764399340383,False,25,AVOID,weak ML probability; recent exchange activity; strong bid-side imbalance; no current SMMA crossover; waiting for BidQty > 1M and AskQty > 1M
2026-08-10 13:31:34.609856,NSE:HDFCVALUE-EQ,128.63,128.63462277368782,128.50487339581036,0.1297493778774594,NONE,BULLISH,35,26.904761904761905,10.89090909090909,2.470387153191828,1198,1282,6170,238,69476,-0.9931721031643572,1212,0.0,0.0077748406157596,0.4261544620669976,False,35,AVOID,weak ML probability; strong LTQ spike; recent exchange activity; strong ask-side imbalance; no current SMMA crossover; waiting for BidQty > 1M and AskQty > 1M
2026-08-10 13:31:32.463704,NSE:MOCAPITAL-EQ,53.36,53.27959900612973,52.86343996884595,0.4161590372837764,NONE,BULLISH,1,39.07692307692308,737.1666666666666,0.0530096175585662,61922,95921,332403,10,10686,-0.9981301421091996,3063986,0.0,0.0,0.4251474816260382,False,10,AVOID,weak ML probability; recent exchange activity; strong ask-side imbalance; no current SMMA crossover; waiting for BidQty > 1M and AskQty > 1M
2026-08-10 13:29:50.550755,NSE:BANKA-EQ,84.5,83.02777584148022,77.0712937537375,5.956482087742714,NONE,BULLISH,1,1.0,1.0,1.0,9,159,220,59,47,0.1132075471698113,2287,0.0,0.5952380952380931,0.424816105289062,False,10,AVOID,weak ML probability; recent exchange activity; no current SMMA crossover; waiting for BidQty > 1M and AskQty > 1M
2026-08-10 13:31:23.203654,NSE:PDMJEPAPER-EQ,97.71,97.64610202476598,97.67852645252027,-0.0324244277543073,NONE,BEARISH,8,7.333333333333333,11.5,0.6376811594202898,184,2404,6134,12,22,-0.2941176470588235,40056,0.0614439324116533,0.0204729245572687,0.42470052383843054,False,10,AVOID,weak ML probability; recent exchange activity; no current SMMA crossover; waiting for BidQty > 1M and AskQty > 1M
2026-08-10 13:31:34.543752,NSE:MANAKALUCO-EQ,45.85,45.684315128291786,43.52583685346087,2.1584782748309195,NONE,BULLISH,13,92.5,102.84313725490196,0.8994280266920877,5245,16583,41991,1000,78,0.8552875695732839,1758555,0.043639537420903,-0.1524390243902496,0.42429411804557,False,25,AVOID,weak ML probability; recent exchange activity; strong bid-side imbalance; no current SMMA crossover; waiting for BidQty > 1M and AskQty > 1M
2026-08-10 13:31:35.203761,NSE:UGARSUGAR-EQ,46.78,46.90475506903726,46.0531078471377,0.8516472218995546,NONE,BULLISH,199,170.5,99.025,1.7217874274173188,3961,5424,71450,39,21,0.3,783815,0.0,-0.0427350427350314,0.42419889743231776,False,50,AVOID,weak ML probability; strong LTQ spike; recent exchange activity; strong bid-side imbalance; no current SMMA crossover; waiting for BidQty > 1M and AskQty > 1M
2026-08-10 13:22:00.091373,NSE:GSEC10YEAR-EQ,30.69,30.6382511144103,30.64545906459713,-0.0072079501868316,NONE,BEARISH,486,0.0,0.0,0.0,0,972,39922,186,15,0.8507462686567164,2483,0.0,0.0,0.424008622826276,False,15,AVOID,weak ML probability; strong bid-side imbalance; no current SMMA crossover; waiting for BidQty > 1M and AskQty > 1M
2026-08-10 13:28:59.343883,NSE:ENIL-EQ,102.1,101.69582301982696,101.84660605035906,-0.1507830305320823,NONE,BEARISH,3,0.0,3.0,0.0,33,441,8973,13,1,0.8571428571428571,48660,0.0,0.0980392156862741,0.423407574202011,False,25,AVOID,weak ML probability; recent exchange activity; strong bid-side imbalance; no current SMMA crossover; waiting for BidQty > 1M and AskQty > 1M
2026-08-10 13:27:15.394063,NSE:ADL-EQ,71.0,70.22848039047761,70.62749993072279,-0.3990195402451775,NONE,BEARISH,10,0.0,10.0,0.0,10,19,34,5,9,-0.2857142857142857,209,0.666383099390333,2.5122725960150083,0.42314683018788407,False,10,AVOID,weak ML probability; recent exchange activity; no current SMMA crossover; waiting for BidQty > 1M and AskQty > 1M
2026-08-10 13:23:42.305315,NSE:INCREDIBLE-EQ,34.49,33.80935739385575,32.83739405753096,0.9719633363247908,NONE,BULLISH,99,0.0,0.0,0.0,0,495,895,30,29,0.0169491525423728,3855,0.0,0.0,0.4230744938684423,False,0,AVOID,weak ML probability; no current SMMA crossover; waiting for BidQty > 1M and AskQty > 1M
2026-08-10 13:31:31.117098,NSE:FCL-EQ,43.07,42.84062264866965,42.38140621546605,0.4592164332035935,NONE,BULLISH,1871,442.36,299.2086330935252,1.4784332772301034,41590,86501,200209,285,814,-0.4813466787989081,10911708,0.0,0.0929584011154949,0.42277479939363244,False,10,AVOID,weak ML probability; moderate LTQ spike; recent exchange activity; strong ask-side imbalance; no current SMMA crossover; waiting for BidQty > 1M and AskQty > 1M
2026-08-10 13:21:57.244165,NSE:APCL-EQ,103.96,103.66429641777736,102.58466171169478,1.0796347060825866,NONE,BULLISH,17,0.0,0.0,0.0,0,34,278,1,3,-0.5,4187,0.0,0.0,0.42235394878407456,False,0,AVOID,weak ML probability; strong ask-side imbalance; no current SMMA crossover; waiting for BidQty > 1M and AskQty > 1M
2026-08-10 13:30:47.144288,NSE:MADHAV-EQ,33.92,34.734872583702284,34.443532184036215,0.291340399666069,NONE,BULLISH,1,1.0,17.2,0.0,172,176,266,29,20,0.1836734693877551,261,0.0,-4.369890047927816,0.4220573191277138,False,10,AVOID,weak ML probability; recent exchange activity; no current SMMA crossover; waiting for BidQty > 1M and AskQty > 1M
2026-08-10 13:30:46.113771,NSE:FISCHER-EQ,39.03,38.8323700137236,38.28370115855647,0.5486688551671293,NONE,BULLISH,165,165.0,692.4,0.2383015597920277,6924,14622,16480,1059,136,0.7723849372384938,1587563,0.0,0.0,0.4218713127421856,False,25,AVOID,weak ML probability; recent exchange activity; strong bid-side imbalance; no current SMMA crossover; waiting for BidQty > 1M and AskQty > 1M
2026-08-10 13:31:03.196338,NSE:HBSL-EQ,59.78,58.862859926758986,57.31912654904728,1.5437333777117104,NONE,BULLISH,130,130.0,100.0,0.0,1100,1415,2043,38,106,-0.4722222222222222,5108,0.0,0.1340033500837556,0.4198373548634455,False,10,AVOID,weak ML probability; recent exchange activity; strong ask-side imbalance; no current SMMA crossover; waiting for BidQty > 1M and AskQty > 1M
2026-08-10 13:31:36.369929,NSE:TARACHAND-EQ,50.9,50.55667809356748,50.03711063108918,0.5195674624782995,NONE,BULLISH,14,13.52,33.25490196078432,0.4065566037735849,1696,6489,11205,14,3662,-0.9923830250272034,287819,0.0,0.6525608068024491,0.4198277169338699,False,10,AVOID,weak ML probability; recent exchange activity; strong ask-side imbalance; no current SMMA crossover; waiting for BidQty > 1M and AskQty > 1M
2026-08-10 13:29:46.688592,NSE:MOIPO-EQ,48.33,48.44550530767312,48.38890542283128,0.0565998848418445,NONE,BULLISH,232,232.0,232.0,0.0,4640,10904,12911,8937,60,0.9866622207402468,1516,0.0,0.0,0.41661269315507693,False,25,AVOID,weak ML probability; recent exchange activity; strong bid-side imbalance; no current SMMA crossover; waiting for BidQty > 1M and AskQty > 1M
2026-08-10 13:31:23.127083,NSE:EVIETF-EQ,34.35,34.33100431653574,34.30204141216016,0.0289629043755823,NONE,BULLISH,450,152.85294117647058,128.35526315789474,1.1908583833328308,9755,15549,51133,250,129957,-0.9961599606779974,663380,0.0,0.0291205591147258,0.41442631022970683,False,10,AVOID,weak ML probability; recent exchange activity; strong ask-side imbalance; no current SMMA crossover; waiting for BidQty > 1M and AskQty > 1M
2026-08-10 13:31:19.543947,NSE:MOL-EQ,55.3,55.28176222442396,54.127980037514334,1.1537821869096234,NONE,BULLISH,1,24.1,29.357142857142858,0.8209245742092458,1233,13399,50769,123,96,0.1232876712328767,1671314,0.0,0.0361794500723489,0.41314123622840093,False,10,AVOID,weak ML probability; recent exchange activity; no current SMMA crossover; waiting for BidQty > 1M and AskQty > 1M
2026-08-10 13:31:17.483912,NSE:MUNJALAU-EQ,102.82,102.88841106185366,102.85061965291293,0.037791408940734,NONE,BULLISH,2,2.0,12.23076923076923,0.1635220125786163,159,548,2179,6,416,-0.971563981042654,162822,0.0,-0.0971628449281114,0.4121330426807408,False,10,AVOID,weak ML probability; recent exchange activity; strong ask-side imbalance; no current SMMA crossover; waiting for BidQty > 1M and AskQty > 1M
2026-08-10 13:31:07.328469,NSE:GROWWHOSPI-EQ,54.66,54.62393151138879,54.587339915729096,0.0365915956596936,NONE,BULLISH,8,5.4,3.421052631578948,1.5784615384615386,65,168,39010,844,183718,-0.990854021954682,151197,0.0,0.0,0.40866871693584844,False,35,AVOID,weak ML probability; strong LTQ spike; recent exchange activity; strong ask-side imbalance; no current SMMA crossover; waiting for BidQty > 1M and AskQty > 1M
2026-08-10 13:25:36.526045,NSE:KREBSBIO-EQ,57.4,56.22853483872173,55.3194978177862,0.9090370209355284,NONE,BULLISH,100,0.0,0.0,0.0,0,500,815,10,22,-0.375,4254,0.0,0.7194244604316502,0.40776309507738573,False,0,AVOID,weak ML probability; strong ask-side imbalance; no current SMMA crossover; waiting for BidQty > 1M and AskQty > 1M
2026-08-10 13:21:56.152762,NSE:ANIKINDS-EQ,43.0,42.97835312078004,42.99481911309221,-0.0164659923121703,NONE,BEARISH,1,0.0,0.0,0.0,0,2,693,1,27,-0.9285714285714286,2327,0.0232612235403495,0.0232612235403495,0.4077428477093956,False,0,AVOID,weak ML probability; strong ask-side imbalance; no current SMMA crossover; waiting for BidQty > 1M and AskQty > 1M
2026-08-10 13:31:17.575859,NSE:VASWANI-EQ,53.67,52.23378879489948,52.078259670120985,0.1555291247784964,NONE,BULLISH,1,1.0,6.111111111111111,0.1636363636363636,55,1892,2959,20,80,-0.6,9575,0.0,2.9541530788413484,0.40726223604292716,False,10,AVOID,weak ML probability; recent exchange activity; strong ask-side imbalance; no current SMMA crossover; waiting for BidQty > 1M and AskQty > 1M
2026-08-10 13:31:18.857890,NSE:GLOBAL-EQ,101.67,101.86639835910223,101.87284029125976,-0.0064419321575144,SELL,BEARISH,19,19.0,19.0,0.0,57,63,156,2,2,0.0,31083,0.0,0.0,0.40590024134816494,False,10,AVOID,weak ML probability; recent exchange activity; SMMA20 crossed below SMMA120; waiting for BidQty > 1M and AskQty > 1M
2026-08-10 13:31:27.735707,NSE:EDELWEISS-EQ,119.38,119.02344070990142,118.7906932373839,0.2327474725175164,NONE,BULLISH,1,20.227272727272727,71.8030303030303,0.2817050010550749,4739,29461,57052,4,253,-0.9688715953307392,1625454,0.0922277186216069,0.0,0.40492740479379774,False,10,AVOID,weak ML probability; recent exchange activity; strong ask-side imbalance; no current SMMA crossover; waiting for BidQty > 1M and AskQty > 1M
2026-08-10 13:31:36.210135,NSE:EKC-EQ,114.91,113.73785157532052,113.05440332010848,0.683448255212042,NONE,BULLISH,5,34.53333333333333,153.43333333333334,0.2250706061264392,13809,28201,29745,9,26,-0.4857142857142857,164275,0.0,-0.0608801530701086,0.4036739226398727,False,10,AVOID,weak ML probability; recent exchange activity; strong ask-side imbalance; no current SMMA crossover; waiting for BidQty > 1M and AskQty > 1M
2026-08-10 13:31:33.839317,NSE:FMCGIETF-EQ,53.02,52.99779755833679,53.00008567435067,-0.0022881160138865,NONE,BEARISH,9,218.8809523809524,130.48214285714286,1.6774782172346152,14614,23674,114127,400,1,0.9950124688279302,712064,0.0,0.0943930526713376,0.4032028890672516,False,50,AVOID,weak ML probability; strong LTQ spike; recent exchange activity; strong bid-side imbalance; no current SMMA crossover; waiting for BidQty > 1M and AskQty > 1M
2026-08-10 13:31:19.811881,NSE:VISAKAIND-EQ,102.5,102.10420295085954,98.83979228901092,3.264410661848615,NONE,BULLISH,11,72.63333333333334,64.025,1.13445268775218,5122,16963,190462,1547,78,0.904,3650430,0.0,-0.0779879118736559,0.4012612356466057,False,25,AVOID,weak ML probability; recent exchange activity; strong bid-side imbalance; no current SMMA crossover; waiting for BidQty > 1M and AskQty > 1M
2026-08-10 13:31:33.648162,NSE:SBIETFCON-EQ,126.62,126.5206131643578,126.1359463948263,0.384666769531492,NONE,BULLISH,3,2.8,1.7297297297297298,1.61875,128,356,1322,45015,1739,0.9256106429396416,2621,0.0,0.0632211158526852,0.4004156527623975,False,50,AVOID,weak ML probability; strong LTQ spike; recent exchange activity; strong bid-side imbalance; no current SMMA crossover; waiting for BidQty > 1M and AskQty > 1M
2026-08-10 13:21:53.697675,NSE:BSL-EQ,124.2,123.8439882697368,123.62430433808358,0.2196839316532362,NONE,BULLISH,1,0.0,0.0,0.0,0,2,62,100,12,0.7857142857142857,1404,0.0,0.7707910750507141,0.39995930896060855,False,15,AVOID,weak ML probability; strong bid-side imbalance; no current SMMA crossover; waiting for BidQty > 1M and AskQty > 1M
2026-08-10 13:21:55.894522,NSE:GRANDOAK-EQ,42.9,42.09388148164787,41.35167105186345,0.7422104297844214,NONE,BULLISH,1,0.0,0.0,0.0,0,2,22,129,1,0.9846153846153848,4659,3.5981646945182355,-0.2093510118632346,0.39959885353925817,False,15,AVOID,weak ML probability; strong bid-side imbalance; no current SMMA crossover; waiting for BidQty > 1M and AskQty > 1M
2026-08-10 13:31:17.473926,NSE:ATLANTAA-EQ,41.5,41.28954237867826,40.639621856899566,0.6499205217786965,NONE,BULLISH,21,21.0,9.0,0.0,45,965,11312,252,12,0.9090909090909092,154468,1.0716025328787016,1.0716025328787016,0.39848254192800125,False,25,AVOID,weak ML probability; recent exchange activity; strong bid-side imbalance; no current SMMA crossover; waiting for BidQty > 1M and AskQty > 1M
2026-08-10 13:31:35.816108,NSE:ACSTECH-EQ,50.6,49.77769003281574,47.44269669789463,2.334993334921116,NONE,BULLISH,66,198.66666666666663,313.8181818181818,0.6330629586713017,6904,50687,105602,43725,0,1.0,698405,0.0,0.0,0.39788193034246644,False,25,AVOID,weak ML probability; recent exchange activity; strong bid-side imbalance; no current SMMA crossover; waiting for BidQty > 1M and AskQty > 1M
2026-08-10 13:31:10.915198,NSE:AMBALALSA-EQ,49.4,49.20012737308643,48.11810600363543,1.0820213694509988,NONE,BULLISH,100,71.42857142857143,72.58333333333333,0.9840905363293424,1742,2502,65773,50,202,-0.6031746031746031,580642,0.0202470135654886,0.0202470135654886,0.39384059785086983,False,10,AVOID,weak ML probability; recent exchange activity; strong ask-side imbalance; no current SMMA crossover; waiting for BidQty > 1M and AskQty > 1M
2026-08-10 13:21:58.966707,NSE:GUJRAFFIA-EQ,40.1,40.22955903413325,40.26778163548119,-0.0382226013479396,NONE,BEARISH,22,0.0,0.0,0.0,0,44,176,10,10,0.0,162,0.0,0.0,0.3932940600854768,False,0,AVOID,weak ML probability; no current SMMA crossover; waiting for BidQty > 1M and AskQty > 1M
2026-08-10 13:31:24.038008,NSE:ENERGY-EQ,38.96,38.93483779400881,38.92256491323994,0.0122728807688687,NONE,BULLISH,5,3.5,33.0,0.106060606060606,2079,14789,52843,84,68,0.1052631578947368,101490,0.0,0.0513610683102294,0.39236973057498636,False,10,AVOID,weak ML probability; recent exchange activity; no current SMMA crossover; waiting for BidQty > 1M and AskQty > 1M
2026-08-10 13:21:54.363730,NSE:ABMINTLLTD-EQ,43.8,42.48713709056791,41.78548377713583,0.7016533134320824,NONE,BULLISH,58,0.0,0.0,0.0,0,116,290,10,95,-0.8095238095238095,398,0.0,0.0,0.3918367362082263,False,0,AVOID,weak ML probability; strong ask-side imbalance; no current SMMA crossover; waiting for BidQty > 1M and AskQty > 1M
2026-08-10 13:31:34.347999,NSE:MOENERGY-EQ,38.88,38.8526183945039,38.85335643695928,-0.0007380424553744,NONE,BEARISH,3,22.63636363636364,14.692307692307692,1.540694907187054,573,3477,17323,200,1345,-0.7411003236245954,86692,0.0514668039114818,0.0514668039114818,0.38870964350055187,False,35,AVOID,weak ML probability; strong LTQ spike; recent exchange activity; strong ask-side imbalance; no current SMMA crossover; waiting for BidQty > 1M and AskQty > 1M
2026-08-10 13:31:34.933517,NSE:EBANKNIFTY-EQ,58.08,58.22273047695494,58.35408565698256,-0.1313551800276116,NONE,BEARISH,14,14.0,14.0,1.0,658,1134,2404,16985,16959,0.0007659674758425,119,0.0,0.0,0.387970319960735,False,10,AVOID,weak ML probability; recent exchange activity; no current SMMA crossover; waiting for BidQty > 1M and AskQty > 1M
2026-08-10 13:31:33.683717,NSE:GENCON-EQ,39.49,39.47264343536279,39.4715255497691,0.0011178855936933,NONE,BULLISH,1,1.0,1.0,1.0,7,18,652,18,7,0.44,227812,0.0,0.0,0.38529203827632974,False,25,AVOID,weak ML probability; recent exchange activity; strong bid-side imbalance; no current SMMA crossover; waiting for BidQty > 1M and AskQty > 1M
2026-08-10 13:31:32.984060,NSE:SBC-EQ,41.2,41.20636227911466,41.192785256046825,0.0135770230678389,NONE,BULLISH,18,161.57142857142858,173.5,0.9312474269246604,4858,12887,43714,4107,11261,-0.465512753774076,2348207,0.0485672656629576,0.0242777373149039,0.38221628342400193,False,10,AVOID,weak ML probability; recent exchange activity; strong ask-side imbalance; no current SMMA crossover; waiting for BidQty > 1M and AskQty > 1M
2026-08-10 13:21:53.386084,NSE:SONAL-EQ,91.4,87.3335869735397,87.51379961218393,-0.1802126386442353,NONE,BEARISH,4,0.0,0.0,0.0,0,8,76,5,162,-0.940119760479042,29,0.0,7.466196355085253,0.3792368559683924,False,0,AVOID,weak ML probability; strong ask-side imbalance; no current SMMA crossover; waiting for BidQty > 1M and AskQty > 1M
2026-08-10 13:25:17.144173,NSE:HPIL-EQ,129.91,129.55382983678274,129.46691912623447,0.0869107105482669,NONE,BULLISH,5,0.0,0.0,0.0,0,25,70,8,1,0.7777777777777778,112,0.0,0.0,0.3791130220147711,False,15,AVOID,weak ML probability; strong bid-side imbalance; no current SMMA crossover; waiting for BidQty > 1M and AskQty > 1M
2026-08-10 13:31:35.873822,NSE:TURTLEMINT-EQ,115.09,113.41650711543592,112.45813598245894,0.9583711329769926,NONE,BULLISH,98,32.57692307692308,71.51851851851852,0.4555033262956619,5793,15113,20716,4,3036,-0.9973684210526316,243321,0.0,0.0782608695652165,0.3787858194877598,False,10,AVOID,weak ML probability; recent exchange activity; strong ask-side imbalance; no current SMMA crossover; waiting for BidQty > 1M and AskQty > 1M
2026-08-10 13:21:53.586279,NSE:HGM-EQ,48.72,48.12740703534296,48.21201259648274,-0.0846055611397815,NONE,BEARISH,2,0.0,0.0,0.0,0,4,1744,5,9,-0.2857142857142857,2027,2.460567823343851,2.460567823343851,0.36888074579297897,False,0,AVOID,weak ML probability; no current SMMA crossover; waiting for BidQty > 1M and AskQty > 1M
2026-08-10 13:24:43.090160,NSE:BEDMUTHA-EQ,114.0,112.7961544172791,112.92900953534009,-0.1328551180609878,NONE,BEARISH,700,0.0,0.0,0.0,0,9800,10692,11,1,0.8333333333333334,4410,0.0,1.333333333333342,0.3671211284910236,False,15,AVOID,weak ML probability; strong bid-side imbalance; no current SMMA crossover; waiting for BidQty > 1M and AskQty > 1M
2026-08-10 13:29:09.935107,NSE:LFIC-EQ,141.99,140.65425688130236,139.7556875859173,0.898569295385073,NONE,BULLISH,3,0.0,3.0,0.0,3,9,27,2,4,-0.3333333333333333,195,0.0,0.0,0.35486951182172405,False,10,AVOID,weak ML probability; recent exchange activity; strong ask-side imbalance; no current SMMA crossover; waiting for BidQty > 1M and AskQty > 1M
2026-08-10 13:31:35.177843,NSE:LIQUIDCASE-EQ,115.39,115.39606873932402,115.3902687502272,0.0057999890968289,NONE,BULLISH,149,573.7826086956521,541.0825688073395,1.0604344729869797,58978,108628,720858,62300656,4216,0.9998646654791298,14714849,0.0,-0.0173295208387491,0.3453510901644905,False,25,AVOID,weak ML probability; recent exchange activity; strong bid-side imbalance; no current SMMA crossover; waiting for BidQty > 1M and AskQty > 1M
2026-08-10 13:27:54.478738,NSE:BANSWRAS-EQ,124.19,123.86973656185448,123.85038634412432,0.0193502177301354,NONE,BULLISH,36,0.0,36.0,0.0,36,108,762,1,72,-0.9726027397260274,10777,0.0,0.0,0.3417036454160627,False,10,AVOID,weak ML probability; recent exchange activity; strong ask-side imbalance; no current SMMA crossover; waiting for BidQty > 1M and AskQty > 1M
2026-08-10 13:29:10.715759,NSE:GROWWLIQID-EQ,110.28,110.27388820759144,110.26453393606168,0.0093542715297445,NONE,BULLISH,4,0.0,4.0,0.0,8,12,8411,8338415,8470402,-0.0078522480195959,195660,0.0,0.0,0.3397242562185551,True,10,AVOID,weak ML probability; recent exchange activity; no current SMMA crossover; liquidity requirement satisfied
2026-08-10 13:28:15.297588,NSE:SHRIKRISH-EQ,42.95,42.7402979000795,42.8764857827564,-0.1361878826769,NONE,BEARISH,5,0.0,5.0,0.0,5,20,45,2,5,-0.4285714285714285,80,0.0,0.0,0.3363588319859685,False,10,AVOID,weak ML probability; recent exchange activity; strong ask-side imbalance; no current SMMA crossover; waiting for BidQty > 1M and AskQty > 1M
2026-08-10 13:31:34.504047,NSE:MSCIADD-EQ,30.15,30.15005076113738,30.15422346287028,-0.0041727017329016,NONE,BEARISH,37,37.0,37.0,1.0,1258,2849,12913,29864,100,0.9933253237217996,205,0.0,0.0,0.31231804006257585,False,25,AVOID,weak ML probability; recent exchange activity; strong bid-side imbalance; no current SMMA crossover; waiting for BidQty > 1M and AskQty > 1M
2026-08-10 13:21:56.487992,NSE:GANGESSECU-EQ,119.8,118.42547303843357,118.0803920824371,0.3450809559964511,NONE,BULLISH,7,0.0,0.0,0.0,0,14,45,2,63,-0.9384615384615383,9,0.0,1.0118043844856706,0.29215295677293385,False,0,AVOID,weak ML probability; strong ask-side imbalance; no current SMMA crossover; waiting for BidQty > 1M and AskQty > 1M
2026-08-10 13:24:38.608619,NSE:ABGSEC-EQ,114.9,114.58118754827905,114.3663695592516,0.2148179890274235,NONE,BULLISH,1,0.0,0.0,0.0,0,3,6,50,6,0.7857142857142857,16,0.0,0.0,0.2919945450592712,False,15,AVOID,weak ML probability; strong bid-side imbalance; no current SMMA crossover; waiting for BidQty > 1M and AskQty > 1M
2026-08-10 13:30:17.797287,NSE:WIPL-EQ,170.0,168.41709989229085,168.05491487880482,0.3621850134860267,NONE,BULLISH,50,50.0,50.0,0.0,50,150,168,5,5,0.0,68,0.0,0.0,0.20390139791019685,False,10,AVOID,weak ML probability; recent exchange activity; no current SMMA crossover; waiting for BidQty > 1M and AskQty > 1M
2026-08-10 13:22:00.842589,NSE:GSEC10ABSL-EQ,113.27,113.27,113.27,0.0,NONE,BEARISH,1,0.0,0.0,0.0,0,2,4,5000,1000,0.6666666666666666,0,0.0,0.0,0.18658968847107615,False,15,AVOID,weak ML probability; strong bid-side imbalance; no current SMMA crossover; waiting for BidQty > 1M and AskQty > 1M
