Timestamp,Symbol,Close,SMMA20,SMMA120,SMMA_Gap,Signal,Trend,History_Count
2026-08-10 13:21:00,NSE:ARTNIRMAN-EQ,43.25,42.95188900600549,42.586978773370646,0.36491023263484124,NONE,BULLISH,29
2026-08-10 13:21:00,NSE:APCL-EQ,103.96,103.66429641777736,102.58466171169478,1.0796347060825866,NONE,BULLISH,38
2026-08-10 13:21:00,NSE:ABMINTLLTD-EQ,43.8,42.48713709056791,41.78548377713583,0.7016533134320824,NONE,BULLISH,19
2026-08-10 13:21:00,NSE:ANIKINDS-EQ,43.0,42.97835312078004,42.99481911309221,-0.016465992312170386,NONE,BEARISH,27
2026-08-10 13:21:00,NSE:ZODIACLOTH-EQ,76.68,76.63265964242814,77.32875674886891,-0.6960971064407744,NONE,BEARISH,43
2026-08-10 13:21:00,NSE:ZUARIIND-EQ,262.7,261.9853292849025,260.2632318260851,1.7220974588174158,NONE,BULLISH,50
2026-08-10 13:21:00,NSE:GUJRAFFIA-EQ,40.1,40.22955903413325,40.26778163548119,-0.038222601347939644,NONE,BEARISH,22
2026-08-10 13:21:00,NSE:HARRMALAYA-EQ,223.0,223.7714369256902,223.15712373126027,0.6143131944299398,NONE,BULLISH,58
2026-08-10 13:21:00,NSE:BSL-EQ,124.2,123.84398826973681,123.62430433808358,0.2196839316532362,NONE,BULLISH,31
2026-08-10 13:21:00,NSE:GRAVISSHO-EQ,31.1,31.10651058602495,31.087117133686622,0.019393452338327677,NONE,BULLISH,23
2026-08-10 13:21:00,NSE:GRANDOAK-EQ,42.9,42.09388148164787,41.35167105186345,0.7422104297844214,NONE,BULLISH,26
2026-08-10 13:21:00,NSE:MONEYBOXX-EQ,61.0,61.21882256750823,61.097433024517734,0.12138954299049232,NONE,BULLISH,25
2026-08-10 13:21:00,NSE:BI-EQ,61.98,62.3767436764593,62.768063561567494,-0.3913198851081958,NONE,BEARISH,29
2026-08-10 13:21:00,NSE:HISARMETAL-EQ,161.49,158.50028409271326,153.6510891599217,4.849194932791562,NONE,BULLISH,28
2026-08-10 13:21:00,NSE:HGM-EQ,48.72,48.12740703534296,48.212012596482744,-0.08460556113978157,NONE,BEARISH,34
2026-08-10 13:21:00,NSE:NIRAJISPAT-EQ,202.0,209.25231349982658,214.57022650814832,-5.317913008321739,NONE,BEARISH,25
2026-08-10 13:21:00,NSE:NAHARPOLY-EQ,238.0,237.46065049143573,237.29885325045555,0.161797240980178,NONE,BULLISH,68
2026-08-10 13:21:00,NSE:NORBTEAEXP-EQ,62.8,64.37332688582518,64.26290955887416,0.11041732695102269,NONE,BULLISH,17
2026-08-10 13:21:00,NSE:DYNPRO-EQ,266.7,266.16087620026633,262.5343638304182,3.6265123698481148,NONE,BULLISH,48
2026-08-10 13:21:00,NSE:SURYALA-EQ,400.5,399.36298440058175,398.9876892120524,0.37529518852937827,NONE,BULLISH,14
2026-08-10 13:21:00,NSE:SUPERHOUSE-EQ,159.13,160.91730109903676,159.87751454324834,1.0397865557884245,NONE,BULLISH,33
2026-08-10 13:21:00,NSE:STARTECK-EQ,260.45,259.35665702887525,257.51624694522945,1.8404100836457928,NONE,BULLISH,27
2026-08-10 13:21:00,NSE:SHIVAUM-EQ,429.0,426.31832156425617,422.27966130867736,4.0386602555788045,NONE,BULLISH,26
2026-08-10 13:21:00,NSE:SHRADHA-EQ,34.0,34.067326750285474,34.18134494595186,-0.11401819566638238,NONE,BEARISH,37
2026-08-10 13:21:00,NSE:THAKDEV-EQ,140.0,140.23743468067187,140.32065567052788,-0.08322098985601656,NONE,BEARISH,13
2026-08-10 13:21:00,NSE:DONEAR-EQ,83.75,83.8794515102996,84.29232345216305,-0.4128719418634432,NONE,BEARISH,50
2026-08-10 13:21:00,NSE:GANGESSECU-EQ,119.8,118.42547303843355,118.0803920824371,0.34508095599645117,NONE,BULLISH,21
2026-08-10 13:21:00,NSE:BANG-EQ,30.22,30.242371167076623,30.07162699666228,0.17074417041434486,NONE,BULLISH,30
2026-08-10 13:21:00,NSE:LGHL-EQ,200.94,201.6438650020064,202.43095631325784,-0.7870913112514302,NONE,BEARISH,63
2026-08-10 13:21:00,NSE:LAHOTIOV-EQ,42.45,42.5509279944903,42.69495699520119,-0.1440290007108871,NONE,BEARISH,23
2026-08-10 13:21:00,NSE:LAGNAM-EQ,82.6,83.26339055666321,83.33139131434646,-0.06800075768325087,NONE,BEARISH,25
2026-08-10 13:21:00,NSE:ORIENTBELL-EQ,322.35,322.2505570852923,317.5011287357687,4.749428349523612,NONE,BULLISH,65
2026-08-10 13:21:00,NSE:METROGLOBL-EQ,130.1,130.9078737459341,133.43068166737353,-2.522807921439437,NONE,BEARISH,39
2026-08-10 13:21:00,NSE:PALASHSECU-EQ,90.25,90.73229129789858,91.68898915810175,-0.9566978602031639,NONE,BEARISH,26
2026-08-10 13:21:00,NSE:PANSARI-EQ,320.3,322.019728460809,322.5973489508168,-0.5776204900078028,NONE,BEARISH,18
2026-08-10 13:21:00,NSE:SONAL-EQ,91.4,87.3335869735397,87.51379961218393,-0.1802126386442353,NONE,BEARISH,18
2026-08-10 13:21:00,NSE:INNOVANA-EQ,337.0,336.67428845243194,332.85195583083663,3.822332621595308,NONE,BULLISH,71
2026-08-10 13:21:00,NSE:BBTCL-EQ,223.8,225.11108551648982,225.23972852287162,-0.12864300638179316,NONE,BEARISH,37
2026-08-10 13:22:00,NSE:ORICONENT-EQ,53.46,53.874111935963334,54.01890034364866,-0.14478840768532564,NONE,BEARISH,63
2026-08-10 13:22:00,NSE:GSEC10ABSL-EQ,113.27,113.27,113.27,0.0,NONE,BEARISH,11
2026-08-10 13:22:00,NSE:AFSL-EQ,201.06,201.2841488298585,201.10812261249734,0.1760262173611693,NONE,BULLISH,41
2026-08-10 13:22:00,NSE:GSEC10IETF-EQ,267.11,265.5589561107812,265.10332635250455,0.4556297582766433,NONE,BULLISH,12
2026-08-10 13:22:00,NSE:GSEC10YEAR-EQ,30.69,30.6382511144103,30.64545906459713,-0.007207950186831624,NONE,BEARISH,23
2026-08-10 13:22:00,NSE:MOGSEC-EQ,66.23,65.97797072902112,65.70214964093677,0.27582108808435635,NONE,BULLISH,24
2026-08-10 13:22:00,NSE:UNITEDTEA-EQ,471.0,469.89254461387435,468.4737850847054,1.4187595291689377,NONE,BULLISH,26
2026-08-10 13:22:00,NSE:INDTERRAIN-EQ,32.15,32.03117111556363,31.784947942790215,0.24622317277341566,NONE,BULLISH,33
2026-08-10 13:22:00,NSE:BEEKAY-EQ,390.05,391.95314389608586,393.74815503909724,-1.7950111430113793,NONE,BEARISH,45
2026-08-10 13:23:00,NSE:UNIENTER-EQ,96.36,96.88958331394983,97.09147760391461,-0.20189428996478398,NONE,BEARISH,30
2026-08-10 13:23:00,NSE:NDLVENTURE-EQ,129.06,128.7714626986692,129.5041863339304,-0.7327236352611806,NONE,BEARISH,40
2026-08-10 13:23:00,NSE:SMLT-EQ,68.89,68.94872509200938,69.2773079992842,-0.3285829072748214,NONE,BEARISH,35
2026-08-10 13:23:00,NSE:ALPA-EQ,68.23,68.4539680490214,68.18842018847367,0.26554786054772705,NONE,BULLISH,32
2026-08-10 13:23:00,NSE:INCREDIBLE-EQ,34.49,33.80935739385575,32.83739405753096,0.9719633363247908,NONE,BULLISH,29
2026-08-10 13:23:00,NSE:ICDSLTD-EQ,42.8,42.17723698425444,42.04162274178484,0.1356142424696003,NONE,BULLISH,20
2026-08-10 13:24:00,NSE:BEDMUTHA-EQ,114.0,112.7961544172791,112.92900953534009,-0.13285511806098782,NONE,BEARISH,24
2026-08-10 13:24:00,NSE:ABCOTS-EQ,202.19,201.87346022415673,199.7256181810038,2.1478420431529344,NONE,BULLISH,46
2026-08-10 13:24:00,NSE:ABGSEC-EQ,114.9,114.58118754827903,114.36636955925161,0.21481798902742355,NONE,BULLISH,18
2026-08-10 13:24:00,NSE:ATAM-EQ,65.6,65.30634115958915,64.84570377705407,0.4606373825350829,NONE,BULLISH,32
2026-08-10 13:24:00,NSE:SONAMLTD-EQ,54.42,54.70973591325169,54.55836980959034,0.15136610366135272,NONE,BULLISH,52
2026-08-10 13:24:00,NSE:AMJLAND-EQ,38.52,38.83855107983363,39.21159563571248,-0.3730445558788489,NONE,BEARISH,36
2026-08-10 13:24:00,NSE:KRITI-EQ,70.48,73.52870505563732,84.36846684357432,-10.839761787937007,NONE,BEARISH,40
2026-08-10 13:25:00,NSE:ATLASCYCLE-EQ,97.08,97.28131344070167,98.852444746264,-1.5711313055623322,NONE,BEARISH,53
2026-08-10 13:25:00,NSE:SAYAJIHOTL-EQ,312.0,321.80757156953126,324.77530485642615,-2.967733286894884,NONE,BEARISH,12
2026-08-10 13:25:00,NSE:KREBSBIO-EQ,57.4,56.22853483872173,55.3194978177862,0.9090370209355285,NONE,BULLISH,26
2026-08-10 13:25:00,NSE:QNIFTY-EQ,271.0,271.1622534342734,270.87455349833937,0.28769993593402887,NONE,BULLISH,52
2026-08-10 13:25:00,NSE:AHLADA-EQ,38.5,38.43647930023341,38.258221669165984,0.17825763106742443,NONE,BULLISH,28
2026-08-10 13:25:00,NSE:OBCL-EQ,53.21,53.25949350748398,53.42402253009101,-0.1645290226070273,NONE,BEARISH,51
2026-08-10 13:25:00,NSE:SHAHALLOYS-EQ,70.85,70.849001148144,70.8093662828004,0.03963486534360072,NONE,BULLISH,26
2026-08-10 13:25:00,NSE:WSI-EQ,60.5,60.41114557971888,60.06909215970185,0.34205342001702377,NONE,BULLISH,40
2026-08-10 13:25:00,NSE:ABMKNO-EQ,190.0,188.66417576029988,186.7433973148833,1.9207784454165733,NONE,BULLISH,35
2026-08-10 13:25:00,NSE:HPIL-EQ,129.91,129.55382983678274,129.46691912623447,0.08691071054826693,NONE,BULLISH,21
2026-08-10 13:26:00,NSE:PATELRMART-EQ,219.5,219.80307605702615,220.19125861975604,-0.38818256272989515,NONE,BEARISH,60
2026-08-10 13:26:00,NSE:3PLAND-EQ,31.8,31.88432643022902,32.05742965655596,-0.17310322632694053,NONE,BEARISH,35
2026-08-10 13:26:00,NSE:EUROBOND-EQ,162.75,162.64682292656397,164.28943566508426,-1.6426127385202847,NONE,BEARISH,35
2026-08-10 13:26:00,NSE:SRGHFL-EQ,289.0,287.9779420123153,287.2817454977004,0.6961965146148827,NONE,BULLISH,21
2026-08-10 13:26:00,NSE:AARVI-EQ,153.83,153.9630776461863,153.8175179294627,0.14555971672359647,NONE,BULLISH,52
2026-08-10 13:26:00,NSE:GUJAPOLLO-EQ,365.0,366.37035168554905,367.4264632534647,-1.05611156791565,NONE,BEARISH,33
2026-08-10 13:26:00,NSE:SINCLAIR-EQ,76.9,77.07158966115826,77.0572313234039,0.01435833775435924,NONE,BULLISH,51
2026-08-10 13:26:00,NSE:STEELCITY-EQ,84.01,83.95197263032458,84.14960854677166,-0.19763591644708356,NONE,BEARISH,54
2026-08-10 13:26:00,NSE:HECPROJECT-EQ,135.9,135.0136634338166,133.40475530449427,1.608908129322316,NONE,BULLISH,43
2026-08-10 13:26:00,NSE:ARENTERP-EQ,37.0,37.61410030787097,37.845696644674014,-0.2315963368030438,NONE,BEARISH,33
2026-08-10 13:26:00,NSE:ASPINWALL-EQ,232.07,234.16091509650064,237.9302178636089,-3.7693027671082575,NONE,BEARISH,50
2026-08-10 13:26:00,NSE:XELPMOC-EQ,81.99,81.78189847123332,81.6529890680172,0.1289094032161131,NONE,BULLISH,33
2026-08-10 13:27:00,NSE:MENNPIS-EQ,75.2,74.77462633120435,74.22371574798153,0.5509105832228158,NONE,BULLISH,74
2026-08-10 13:27:00,NSE:NKIND-EQ,63.98,62.650882069237866,61.3309170974854,1.3199649717524693,NONE,BULLISH,22
2026-08-10 13:27:00,NSE:NIPPOBATRY-EQ,325.7,325.80367797928614,326.63319578488074,-0.8295178055946053,NONE,BEARISH,46
2026-08-10 13:27:00,NSE:ADL-EQ,71.0,70.22848039047761,70.62749993072279,-0.3990195402451775,NONE,BEARISH,22
2026-08-10 13:27:00,NSE:NIBL-EQ,34.84,34.87858794331079,34.76666479172479,0.11192315158599797,NONE,BULLISH,34
2026-08-10 13:27:00,NSE:INDIANCARD-EQ,221.5,221.04874142462126,220.24484598887855,0.8038954357427031,NONE,BULLISH,23
2026-08-10 13:27:00,NSE:STARPAPER-EQ,152.61,153.39599982150594,152.84240756892407,0.5535922525818648,NONE,BULLISH,54
2026-08-10 13:27:00,NSE:EMKAY-EQ,240.72,240.49414239790366,239.53630383105653,0.9578385668471299,NONE,BULLISH,57
2026-08-10 13:27:00,NSE:SILGO-EQ,69.0,69.44579050303975,69.97953549451871,-0.5337449914789687,NONE,BEARISH,39
2026-08-10 13:27:00,NSE:SHREERAMA-EQ,38.01,38.058962613706264,38.25068521517372,-0.191722601467454,NONE,BEARISH,59
2026-08-10 13:27:00,NSE:BBNPPGOLD-EQ,146.35,146.26080222851758,145.3042201684373,0.9565820600802795,NONE,BULLISH,97
2026-08-10 13:27:00,NSE:21STCENMGM-EQ,42.75,43.40423047971981,43.54933032632693,-0.14509984660712405,NONE,BEARISH,28
2026-08-10 13:27:00,NSE:SRD-EQ,37.0,37.0581184540103,36.78718407705798,0.2709343769523187,NONE,BULLISH,51
2026-08-10 13:27:00,NSE:BANSWRAS-EQ,124.19,123.86973656185447,123.85038634412433,0.019350217730135455,NONE,BULLISH,39
2026-08-10 13:27:00,NSE:BAJAJST-EQ,392.45,393.65736319230587,393.2198361105402,0.43752708176566557,NONE,BULLISH,94
2026-08-10 13:27:00,NSE:SUPREME-EQ,43.96,43.96350756856893,44.799747418904914,-0.8362398503359856,NONE,BEARISH,76
2026-08-10 13:27:00,NSE:SOMATEX-EQ,95.05,94.61770187855707,94.76994969666426,-0.15224781810718468,NONE,BEARISH,44
2026-08-10 13:28:00,NSE:SUKHJITS-EQ,163.98,163.2811755651064,162.42543508697887,0.8557404781275295,NONE,BULLISH,39
2026-08-10 13:28:00,NSE:BELLACASA-EQ,245.01,244.48878415003423,242.60467364396854,1.8841105060656957,NONE,BULLISH,45
2026-08-10 13:28:00,NSE:WEIZMANIND-EQ,78.2,78.7925169116365,78.54783509115848,0.24468182047802145,NONE,BULLISH,24
2026-08-10 13:28:00,NSE:BANARBEADS-EQ,115.14,115.17502940683802,114.28987482100962,0.8851545858284027,NONE,BULLISH,43
2026-08-10 13:28:00,NSE:NAHARCAP-EQ,266.0,265.7066963354639,266.3321055623496,-0.6254092268857221,NONE,BEARISH,61
2026-08-10 13:28:00,NSE:NATHBIOGEN-EQ,156.79,157.00480346379658,157.49152912282256,-0.48672565902597853,NONE,BEARISH,52
2026-08-10 13:28:00,NSE:MVGJL-EQ,172.38,172.46893414680986,171.30604362571412,1.1628905210957328,NONE,BULLISH,86
2026-08-10 13:28:00,NSE:ELIN-EQ,96.5,96.54337097578554,96.56512035589647,-0.021749380110932748,NONE,BEARISH,90
2026-08-10 13:28:00,NSE:ENIL-EQ,102.1,101.69582301982697,101.84660605035906,-0.1507830305320823,NONE,BEARISH,79
2026-08-10 13:28:00,NSE:ZENITHEXPO-EQ,235.92,234.0594695690349,222.34926136247535,11.710208206559543,NONE,BULLISH,54
2026-08-10 13:28:00,NSE:GOLD360-EQ,147.4,147.3074797352065,146.50860035004084,0.7988793851656624,NONE,BULLISH,103
2026-08-10 13:28:00,NSE:INDBANK-EQ,33.35,33.29104868647194,33.07461438034874,0.21643430612319747,NONE,BULLISH,49
2026-08-10 13:28:00,NSE:ALLTIME-EQ,218.25,218.52598911261683,219.1813778775014,-0.6553887648845773,NONE,BEARISH,68
2026-08-10 13:28:00,NSE:TIPSFILMS-EQ,389.0,386.74573144339354,379.36893494112354,7.376796502269997,NONE,BULLISH,52
2026-08-10 13:28:00,NSE:THEINVEST-EQ,99.1,99.3315776403905,98.47011697605363,0.8614606643368745,NONE,BULLISH,30
2026-08-10 13:28:00,NSE:MEDICAMEQ-EQ,233.0,233.66201024372137,234.86866646743843,-1.2066562237170615,NONE,BEARISH,67
2026-08-10 13:28:00,NSE:SHRIKRISH-EQ,42.95,42.7402979000795,42.8764857827564,-0.13618788267690007,NONE,BEARISH,29
2026-08-10 13:28:00,NSE:MANALIPETC-EQ,65.06,65.07330236397361,64.81430356558923,0.25899879838438267,NONE,BULLISH,97
2026-08-10 13:28:00,NSE:UCAL-EQ,120.02,120.96187730049174,119.43552054530907,1.5263567551826611,NONE,BULLISH,69
2026-08-10 13:28:00,NSE:MODIRUBBER-EQ,124.4,124.49445588749853,125.73177910747562,-1.2373232199770854,NONE,BEARISH,23
2026-08-10 13:29:00,NSE:PAKKA-EQ,71.65,71.77371117857625,72.00022085825061,-0.22650967967436486,NONE,BEARISH,63
2026-08-10 13:29:00,NSE:PASHUPATI-EQ,84.06,84.01932922995195,83.9814967456092,0.037832484342743555,NONE,BULLISH,22
2026-08-10 13:29:00,NSE:SECMARK-EQ,130.0,127.54268931161427,127.2119113525974,0.3307779590168707,NONE,BULLISH,23
2026-08-10 13:29:00,NSE:SURAJLTD-EQ,220.0,220.87203515093393,221.68852729222445,-0.8164921412905244,NONE,BEARISH,18
2026-08-10 13:29:00,NSE:SHINDL-EQ,162.36,162.01854159111804,162.29572015896392,-0.2771785678458798,NONE,BEARISH,55
2026-08-10 13:29:00,NSE:PODDARMENT-EQ,263.65,262.4991765029023,258.97924627777167,3.519930225130622,NONE,BULLISH,43
2026-08-10 13:29:00,NSE:INTENTECH-EQ,81.8,81.91255600290573,82.8049290214915,-0.8923730185857721,NONE,BEARISH,60
2026-08-10 13:29:00,NSE:MHLXMIRU-EQ,155.0,152.96549232789576,151.72648126425162,1.239011063644142,NONE,BULLISH,46
2026-08-10 13:29:00,NSE:MEIL-EQ,274.2,274.3359504799636,275.2494596435319,-0.9135091635682784,NONE,BEARISH,84
2026-08-10 13:29:00,NSE:GROWWLIQID-EQ,110.28,110.27388820759143,110.26453393606168,0.009354271529744551,NONE,BULLISH,49
2026-08-10 13:29:00,NSE:ADVANCE-EQ,122.55,122.94844658274855,124.98860085349477,-2.0401542707462283,NONE,BEARISH,102
2026-08-10 13:29:00,NSE:MEDICO-EQ,46.01,46.14071834131674,46.531370026991574,-0.39065168567483255,NONE,BEARISH,81
2026-08-10 13:29:00,NSE:ELPROINTL-EQ,175.5,175.2953848139634,177.9054303461364,-2.6100455321729896,NONE,BEARISH,74
2026-08-10 13:29:00,NSE:DTIL-EQ,133.11,133.2806905709383,133.06516086171536,0.2155297092229489,NONE,BULLISH,38
2026-08-10 13:29:00,NSE:ARIHANTSUP-EQ,260.9,262.7326302842251,264.80092705913836,-2.0682967749132786,NONE,BEARISH,57
2026-08-10 13:29:00,NSE:AHLEAST-EQ,143.0,143.0606096217271,143.1850275656497,-0.12441794392259453,NONE,BEARISH,32
2026-08-10 13:29:00,NSE:DJML-EQ,112.9,112.98261167543805,112.93930641599218,0.043305259445872935,NONE,BULLISH,58
2026-08-10 13:29:00,NSE:MODTHREAD-EQ,47.0,47.522470164916534,48.077169832629615,-0.5546996677130807,NONE,BEARISH,25
2026-08-10 13:29:00,NSE:MOIPO-EQ,48.33,48.44550530767312,48.38890542283128,0.05659988484184453,NONE,BULLISH,102
2026-08-10 13:29:00,NSE:GICHSGFIN-EQ,152.3,152.12555299847628,152.55443649671048,-0.4288834982341996,NONE,BEARISH,96
2026-08-10 13:29:00,NSE:GILT5BETA-EQ,66.98,66.955046120453,67.1870936604459,-0.23204753999289096,NONE,BEARISH,40
2026-08-10 13:29:00,NSE:GFLLIMITED-EQ,49.65,49.91710925639774,50.38113933420079,-0.46403007780305217,NONE,BEARISH,82
2026-08-10 13:29:00,NSE:LOTUSEYE-EQ,116.0,116.55500018262221,117.93732744117175,-1.3823272585495374,NONE,BEARISH,90
2026-08-10 13:29:00,NSE:LOVABLE-EQ,72.37,72.90361256796001,72.77882464896221,0.12478791899779651,NONE,BULLISH,56
2026-08-10 13:29:00,NSE:VINYLINDIA-EQ,243.2,242.86636609906134,242.70532459329598,0.16104150576535403,NONE,BULLISH,60
2026-08-10 13:29:00,NSE:LAMBODHARA-EQ,116.5,116.01915972341381,115.38414992521028,0.6350097982035265,NONE,BULLISH,58
2026-08-10 13:29:00,NSE:LFIC-EQ,141.99,140.65425688130236,139.7556875859173,0.898569295385073,NONE,BULLISH,22
2026-08-10 13:29:00,NSE:GKSL-EQ,135.42,135.75467706595708,135.49817192853214,0.25650513742493786,NONE,BULLISH,94
2026-08-10 13:29:00,NSE:FEDDERSHOL-EQ,42.98,42.98373611023439,43.26988700287324,-0.28615089263885096,NONE,BEARISH,58
2026-08-10 13:29:00,NSE:MANOMAY-EQ,217.98,217.8805644000634,218.39390540557523,-0.513341005511819,NONE,BEARISH,60
2026-08-10 13:29:00,NSE:UMIYA-MRO-EQ,89.07,89.4149710881775,89.86037739175525,-0.4454063035777551,NONE,BEARISH,36
2026-08-10 13:29:00,NSE:LTGILTCASE-EQ,30.61,30.62958481666899,30.62284116005401,0.006743656614982996,NONE,BULLISH,49
2026-08-10 13:29:00,NSE:GYFTR-EQ,163.45,164.08065679833285,164.17613310698928,-0.09547630865642986,NONE,BEARISH,79
2026-08-10 13:29:00,NSE:TEAMGTY-EQ,223.99,222.69242973296227,222.73171681160284,-0.03928707864056946,NONE,BEARISH,23
2026-08-10 13:29:00,NSE:BONLON-EQ,40.61,41.127873977679094,41.865684689844976,-0.7378107121658815,NONE,BEARISH,46
2026-08-10 13:29:00,NSE:ALGOQUANT-EQ,67.14,67.08111645352794,67.11946373839297,-0.0383472848650257,NONE,BEARISH,95
2026-08-10 13:29:00,NSE:HEALTHX-EQ,306.55,307.7977388534379,307.3554003671128,0.4423384863251272,NONE,BULLISH,53
2026-08-10 13:29:00,NSE:TEXMOPIPES-EQ,43.49,43.36354056674208,43.48149124758787,-0.1179506808457873,NONE,BEARISH,50
2026-08-10 13:29:00,NSE:NAHARSPING-EQ,314.15,316.2913644323869,316.7975768425582,-0.5062124101713152,NONE,BEARISH,79
2026-08-10 13:29:00,NSE:NATIONSTD-EQ,182.26,184.54075982959853,189.84680002270628,-5.306040193107748,NONE,BEARISH,34
2026-08-10 13:29:00,NSE:BALPHARMA-EQ,90.11,90.8304799179132,90.0510388319734,0.7794410859397942,NONE,BULLISH,80
2026-08-10 13:29:00,NSE:BCONCEPTS-EQ,170.5,170.56960481997345,172.62505034450186,-2.055445524528409,NONE,BEARISH,56
2026-08-10 13:29:00,NSE:BCPL-EQ,70.04,69.90923462068312,69.85396120948421,0.05527341119891105,NONE,BULLISH,48
2026-08-10 13:29:00,NSE:NAHARINDUS-EQ,132.5,132.67469387550852,130.30535706858927,2.36933680691925,NONE,BULLISH,98
2026-08-10 13:29:00,NSE:TVTODAY-EQ,114.01,113.98232131858349,114.39904312050722,-0.4167218019237282,NONE,BEARISH,70
2026-08-10 13:29:00,NSE:ASIANTILES-EQ,54.73,54.71516641839819,55.33973730422359,-0.6245708858253991,NONE,BEARISH,4984
2026-08-10 13:29:00,NSE:HALDER-EQ,265.0,266.8294445649617,263.7882195777938,3.0412249871678796,NONE,BULLISH,63
2026-08-10 13:29:00,NSE:UFO-EQ,67.42,67.61238006942146,68.31714159921265,-0.7047615297911847,NONE,BEARISH,70
2026-08-10 13:29:00,NSE:TRIGYN-EQ,54.04,54.34933029133249,53.82802501148824,0.521305279844249,NONE,BULLISH,58
2026-08-10 13:29:00,NSE:VSTL-EQ,106.64,106.90210712707974,107.01599769213561,-0.11389056505586836,NONE,BEARISH,58
2026-08-10 13:29:00,NSE:BANKA-EQ,84.5,83.02777584148022,77.0712937537375,5.956482087742714,NONE,BULLISH,46
2026-08-10 13:29:00,NSE:HBESD-EQ,75.06,77.79534691487514,78.39659700574603,-0.6012500908708915,NONE,BEARISH,23
2026-08-10 13:29:00,NSE:BPL-EQ,53.69,53.667142305025024,53.61012875731023,0.05701354771479572,NONE,BULLISH,71
2026-08-10 13:29:00,NSE:TOTAL-EQ,67.16,67.47795146921715,68.74810359906853,-1.2701521298513825,NONE,BEARISH,65
2026-08-10 13:30:00,NSE:VIDHIING-EQ,315.55,316.7307731617766,316.8635450783111,-0.13277191653452292,NONE,BEARISH,66
2026-08-10 13:30:00,NSE:WORTHPERI-EQ,160.41,160.77195918425215,162.38061113772903,-1.6086519534768797,NONE,BEARISH,59
2026-08-10 13:30:00,NSE:SHBAJRG-EQ,177.99,178.32554663149256,180.33490769722013,-2.0093610657275747,NONE,BEARISH,45
2026-08-10 13:30:00,NSE:HIMATSEIDE-EQ,79.52,79.60255179041921,80.06938628567038,-0.46683449525116316,NONE,BEARISH,108
2026-08-10 13:30:00,NSE:GROWWNXT50-EQ,75.01,75.08553096619211,75.04634845510694,0.03918251108517268,NONE,BULLISH,105
2026-08-10 13:30:00,NSE:SELECTIPO-EQ,48.38,48.38494377855078,48.26635327586293,0.11859050268784443,NONE,BULLISH,110
2026-08-10 13:30:00,NSE:HDFCBSE500-EQ,38.3,38.26320975733624,38.191037371029765,0.07217238630647671,NONE,BULLISH,108
2026-08-10 13:30:00,NSE:SETF10GILT-EQ,266.78,266.6559348627753,266.8400742375407,-0.18413937476537967,NONE,BEARISH,27
2026-08-10 13:30:00,NSE:GSEC5IETF-EQ,66.27,66.68372082818415,66.54815642751352,0.13556440067063136,NONE,BULLISH,27
2026-08-10 13:30:00,NSE:VGL-EQ,61.46,61.34670129841222,61.29626531365895,0.05043598475327116,NONE,BULLISH,50
2026-08-10 13:30:00,NSE:WIPL-EQ,170.0,168.41709989229085,168.05491487880482,0.3621850134860267,NONE,BULLISH,28
2026-08-10 13:30:00,NSE:GUFICBIO-EQ,434.0,432.6729795536265,426.69240349185935,5.980576061767124,NONE,BULLISH,110
2026-08-10 13:30:00,NSE:ALPHAGEO-EQ,247.5,246.97542758993342,239.6095255366263,7.36590205330711,NONE,BULLISH,105
2026-08-10 13:30:00,NSE:SCILAL-EQ,41.0,40.94198876841124,41.03693471838211,-0.09494594997087091,NONE,BEARISH,95
2026-08-10 13:30:00,NSE:SHANKARA-EQ,141.76,141.67949090145885,141.9735577407892,-0.2940668393303554,NONE,BEARISH,79
2026-08-10 13:30:00,NSE:GOLDBND-EQ,150.87,150.7648740872951,150.1698353068909,0.5950387804042236,NONE,BULLISH,109
2026-08-10 13:30:00,NSE:HEIDELBERG-EQ,155.9,156.02278689906183,156.17618346690986,-0.15339656784803424,NONE,BEARISH,91
2026-08-10 13:30:00,NSE:GREENPLY-EQ,285.5,285.85790967038406,286.18884227592537,-0.33093260554130666,NONE,BEARISH,102
2026-08-10 13:30:00,NSE:SHIVATEX-EQ,161.06,163.13867533139188,162.8458316437603,0.2928436876315743,NONE,BULLISH,44
2026-08-10 13:30:00,NSE:VRLLOG-EQ,285.3,285.5974089389666,283.9573405269161,1.6400684120505389,NONE,BULLISH,111
2026-08-10 13:30:00,NSE:BOROSCI-EQ,138.7,138.52000355600902,140.09306991995922,-1.573066363950204,NONE,BEARISH,89
2026-08-10 13:30:00,NSE:BLUSPRING-EQ,113.18,112.99394709317262,112.4878597417275,0.5060873514451174,NONE,BULLISH,99
2026-08-10 13:30:00,NSE:ASHIANA-EQ,382.3,382.0797650125931,379.2104156210941,2.869349391498986,NONE,BULLISH,102
2026-08-10 13:30:00,NSE:SMCGLOBAL-EQ,79.02,79.27372417527386,79.41216193034549,-0.13843775507163514,NONE,BEARISH,84
2026-08-10 13:30:00,NSE:SMARTWORKS-EQ,485.45,485.558144309184,486.27771915368,-0.7195748444959804,NONE,BEARISH,94
2026-08-10 13:30:00,NSE:SINTERCOM-EQ,84.01,84.1159559679027,83.93823152772815,0.17772444017455769,NONE,BULLISH,54
2026-08-10 13:30:00,NSE:SINGERIND-EQ,68.43,68.09527098453741,67.88960348184143,0.20566750269597378,NONE,BULLISH,73
2026-08-10 13:30:00,NSE:BVCL-EQ,41.53,41.77278568017733,41.48525458602919,0.28753109414813594,NONE,BULLISH,32
2026-08-10 13:30:00,NSE:CANHLIFE-EQ,151.06,151.49295750949676,152.02211785953412,-0.5291603500373583,NONE,BEARISH,107
2026-08-10 13:30:00,NSE:CANTABIL-EQ,232.6,231.5581253737117,229.4295242155814,2.1286011581302944,NONE,BULLISH,91
2026-08-10 13:30:00,NSE:SILVERTUC-EQ,198.41,198.54135440812743,197.46887730506,1.0724771030674276,NONE,BULLISH,109
2026-08-10 13:30:00,NSE:CAPITALSFB-EQ,297.3,297.69260554885403,297.02385364291007,0.6687519059439637,NONE,BULLISH,94
2026-08-10 13:30:00,NSE:ZODIAC-EQ,251.4,251.0610085583369,251.26414623189746,-0.20313767356054768,NONE,BEARISH,67
2026-08-10 13:30:00,NSE:SPENCERS-EQ,32.18,32.13053219971447,32.288495570507095,-0.15796337079262202,NONE,BEARISH,69
2026-08-10 13:30:00,NSE:BALMLAWRIE-EQ,174.4,174.2652814746035,174.65796088287593,-0.3926794082724143,NONE,BEARISH,107
2026-08-10 13:30:00,NSE:SPMLINFRA-EQ,190.0,189.97113884447103,190.01263576350598,-0.041496919034955226,NONE,BEARISH,94
2026-08-10 13:30:00,NSE:SRTL-EQ,40.5,40.43481076476459,40.09070852873983,0.3441022360247601,NONE,BULLISH,85
2026-08-10 13:30:00,NSE:SREEL-EQ,220.51,220.81198379862076,218.40518160339198,2.406802195228778,NONE,BULLISH,83
2026-08-10 13:30:00,NSE:BHAGCHEM-EQ,279.2,279.5943231248329,282.96809145141685,-3.3737683265839564,NONE,BEARISH,81
2026-08-10 13:30:00,NSE:BIRLAMONEY-EQ,133.51,133.50900219397124,132.71471837944702,0.7942838145242206,NONE,BULLISH,68
2026-08-10 13:30:00,NSE:BLAL-EQ,172.26,172.74231211733667,171.99077854052368,0.7515335768129887,NONE,BULLISH,61
2026-08-10 13:30:00,NSE:SNOWMAN-EQ,39.85,39.79251416785971,39.4593290263922,0.33318514146751,NONE,BULLISH,96
2026-08-10 13:30:00,NSE:DOLATALGO-EQ,72.79,72.26123160228397,71.65266150032372,0.6085701019602539,NONE,BULLISH,99
2026-08-10 13:30:00,NSE:FOODSIN-EQ,53.64,53.78824806546227,54.37810058579017,-0.5898525203279021,NONE,BEARISH,84
2026-08-10 13:30:00,NSE:FISCHER-EQ,39.03,38.8323700137236,38.28370115855647,0.5486688551671293,NONE,BULLISH,4589
2026-08-10 13:30:00,NSE:GLOBALVECT-EQ,162.35,161.83424019262796,159.95193659594133,1.8823035966866257,NONE,BULLISH,47
2026-08-10 13:30:00,NSE:GILT5YBEES-EQ,66.45,66.43790599360588,66.46343056023727,-0.02552456663138969,NONE,BEARISH,86
2026-08-10 13:30:00,NSE:VLSFINANCE-EQ,266.55,267.6450857294951,266.6223595769529,1.0227261525422477,NONE,BULLISH,70
2026-08-10 13:30:00,NSE:ELGIRUBCO-EQ,61.07,61.28621800468398,62.21387734957353,-0.9276593448895483,NONE,BEARISH,80
2026-08-10 13:30:00,NSE:STANLEY-EQ,144.02,144.58528760278324,147.13860098376566,-2.5533133809824164,NONE,BEARISH,107
2026-08-10 13:30:00,NSE:ARIES-EQ,347.7,346.33692988608755,341.88905221450216,4.447877671585388,NONE,BULLISH,75
2026-08-10 13:30:00,NSE:DOLLAR-EQ,279.0,278.35378719847245,278.7988012568735,-0.4450140584010569,NONE,BEARISH,96
2026-08-10 13:30:00,NSE:SILINV-EQ,440.0,438.41906380032793,440.0720806365011,-1.6530168361731512,NONE,BEARISH,27
2026-08-10 13:30:00,NSE:VMSTMT-EQ,48.5,48.48868091188081,48.61784013083052,-0.1291592189497095,NONE,BEARISH,99
2026-08-10 13:30:00,NSE:ARFIN-EQ,88.34,88.25059186368343,88.14373641028827,0.10685545339515556,NONE,BULLISH,98
2026-08-10 13:30:00,NSE:EMULTIMQ-EQ,41.99,41.966447267000675,41.814034410746956,0.1524128562537186,NONE,BULLISH,109
2026-08-10 13:30:00,NSE:SUMIT-EQ,54.14,54.9131220563896,56.19625560227064,-1.283133545881043,NONE,BEARISH,49
2026-08-10 13:30:00,NSE:FABTECH-EQ,148.0,147.14436553788198,147.98323640268282,-0.838870864800839,NONE,BEARISH,82
2026-08-10 13:30:00,NSE:STCINDIA-EQ,120.02,120.11578595817092,119.26363733911477,0.8521486190561518,NONE,BULLISH,69
2026-08-10 13:30:00,NSE:EPL-EQ,230.85,230.24131142468818,228.095935770285,2.145375654403182,NONE,BULLISH,109
2026-08-10 13:30:00,NSE:HEXATRADEX-EQ,160.2,161.03925885062174,162.71148302651977,-1.6722241758980374,NONE,BEARISH,34
2026-08-10 13:30:00,NSE:MAXESTATES-EQ,415.15,413.90718738103,405.8142473924774,8.092939988552587,NONE,BULLISH,100
2026-08-10 13:30:00,NSE:MEGASTAR-EQ,321.0,323.868475309884,329.07423744992093,-5.2057621400369385,NONE,BEARISH,51
2026-08-10 13:30:00,NSE:MERCURYEV-EQ,35.18,35.324376813668856,35.110997023002156,0.21337979066669988,NONE,BULLISH,78
2026-08-10 13:30:00,NSE:ORIENTCEM-EQ,136.82,136.70704468332676,136.7962018642671,-0.08915718094033309,NONE,BEARISH,108
2026-08-10 13:30:00,NSE:OSWALAGRO-EQ,39.0,38.75504702716952,39.43470294057885,-0.6796559134093343,NONE,BEARISH,80
2026-08-10 13:30:00,NSE:MOENERGY-EQ,38.88,38.8526183945039,38.853356436959274,-0.0007380424553744547,NONE,BEARISH,108
2026-08-10 13:30:00,NSE:MOHEALTH-EQ,52.1,52.08115076253803,52.09110296804723,-0.009952205509200951,NONE,BEARISH,109
2026-08-10 13:30:00,NSE:TAINWALCHM-EQ,206.65,204.90906964296917,206.73994557161498,-1.8308759286458098,NONE,BEARISH,42
2026-08-10 13:30:00,NSE:MODIS-EQ,391.5,392.4579932772743,392.4388769183189,0.01911635895538666,NONE,BULLISH,42
2026-08-10 13:30:00,NSE:MINDTECK-EQ,192.7,193.05840546294053,192.51719671536762,0.5412087475729095,NONE,BULLISH,73
2026-08-10 13:30:00,NSE:MIRZAINT-EQ,33.22,33.26305058949289,33.224133355252825,0.03891723424006699,NONE,BULLISH,83
2026-08-10 13:30:00,NSE:MANAKSTEEL-EQ,81.26,82.352112098553,83.4296059272135,-1.0774938286605078,NONE,BEARISH,97
2026-08-10 13:30:00,NSE:AEROENTER-EQ,127.78,127.9818630750407,127.65183763651173,0.3300254385289776,NONE,BULLISH,108
2026-08-10 13:30:00,NSE:KSOLVES-EQ,279.75,279.70686691321197,279.8407588858171,-0.1338919726051131,NONE,BEARISH,93
2026-08-10 13:30:00,NSE:KUANTUM-EQ,88.28,88.00782732438604,87.15172459819178,0.8561027261942655,NONE,BULLISH,101
2026-08-10 13:30:00,NSE:LAXMIDENTL-EQ,216.8,217.22862983851508,216.69993684685045,0.5286929916646272,NONE,BULLISH,91
2026-08-10 13:30:00,NSE:LAOPALA-EQ,192.61,192.75996059815742,191.62837753972443,1.1315830584329944,NONE,BULLISH,106
2026-08-10 13:30:00,NSE:LOYALTEX-EQ,213.1,214.00840366271424,214.79060280445637,-0.7821991417421259,NONE,BEARISH,26
2026-08-10 13:30:00,NSE:MAHEPC-EQ,109.18,108.81036969200964,108.38891649385032,0.4214531981593268,NONE,BULLISH,63
2026-08-10 13:30:00,NSE:MAHLIFE-EQ,387.9,387.9552007845534,387.3348399168145,0.6203608677389525,NONE,BULLISH,104
2026-08-10 13:30:00,NSE:MALUPAPER-EQ,32.35,32.78506122111538,32.71557307881598,0.0694881422993987,NONE,BULLISH,42
2026-08-10 13:30:00,NSE:PARKHOTELS-EQ,120.89,120.31955742681613,120.10303539713729,0.21652202967884193,NONE,BULLISH,89
2026-08-10 13:30:00,NSE:LTGILTBEES-EQ,30.07,30.06786109197334,30.069030451903394,-0.001169359930052849,NONE,BEARISH,76
2026-08-10 13:30:00,NSE:MAANALU-EQ,124.39,124.67651504833294,124.57323379059716,0.10328125773578734,NONE,BULLISH,67
2026-08-10 13:30:00,NSE:MADHAV-EQ,33.92,34.734872583702284,34.443532184036215,0.29134039966606906,NONE,BULLISH,23
2026-08-10 13:30:00,NSE:MADRASFERT-EQ,66.69,66.60416693762991,66.5039015314541,0.10026540617580793,NONE,BULLISH,74
2026-08-10 13:30:00,NSE:AARNAV-EQ,31.21,30.941903192004098,30.86770789836069,0.0741952936434096,NONE,BULLISH,48
2026-08-10 13:30:00,NSE:NOCIL-EQ,169.08,168.7345937490582,168.76981150622322,-0.03521775716501452,NONE,BEARISH,109
2026-08-10 13:30:00,NSE:NATCAPSUQ-EQ,168.5,169.78245604412933,164.34183964323304,5.440616400896289,NONE,BULLISH,104
2026-08-10 13:30:00,NSE:MUTHOOTCAP-EQ,258.72,259.4260603922444,259.35607600135756,0.06998439088681607,NONE,BULLISH,69
2026-08-10 13:30:00,NSE:MURUDCERA-EQ,31.9,31.556208906001373,31.24983704023807,0.3063718657633032,NONE,BULLISH,59
2026-08-10 13:30:00,NSE:MSPL-EQ,35.37,35.50677073825763,35.78580406384081,-0.2790333255831783,NONE,BEARISH,85
2026-08-10 13:30:00,NSE:NORTHARC-EQ,287.35,286.84690749005347,282.3954689213649,4.451438568688559,NONE,BULLISH,108
2026-08-10 13:30:00,NSE:MSCIINDIA-EQ,30.49,30.490031050155178,30.49080988219074,-0.0007788320355608391,NONE,BEARISH,101
2026-08-10 13:30:00,NSE:NDTV-EQ,76.25,76.2118574326787,76.56376453866321,-0.3519071059845089,NONE,BEARISH,81
2026-08-10 13:30:00,NSE:NELCAST-EQ,123.74,124.13200771188941,125.0448251517828,-0.9128174398933879,NONE,BEARISH,96
2026-08-10 13:30:00,NSE:NITIRAJ-EQ,206.5,207.14238359078917,208.3129538516156,-1.1705702608264232,NONE,BEARISH,23
2026-08-10 13:30:00,NSE:NIITMTS-EQ,245.75,246.11376695830955,245.05748674106894,1.0562802172406123,NONE,BULLISH,104
2026-08-10 13:30:00,NSE:TEXINFRA-EQ,113.0,113.09027576099173,113.4143803729034,-0.3241046119116646,NONE,BEARISH,63
2026-08-10 13:30:00,NSE:TERASOFT-EQ,409.35,409.4785928906655,409.3910362515969,0.08755663906856626,NONE,BULLISH,69
2026-08-10 13:30:00,NSE:NIITLTD-EQ,96.49,96.46127849610504,95.83345785527641,0.6278206408286309,NONE,BULLISH,104
2026-08-10 13:30:00,NSE:TCC-EQ,276.75,276.49501578917324,274.71524124912247,1.7797745400507665,NONE,BULLISH,46
2026-08-10 13:30:00,NSE:ONEPOINT-EQ,59.8,59.732257430642306,60.0143450575982,-0.2820876269558923,NONE,BEARISH,4605
2026-08-10 13:30:00,NSE:AARON-EQ,138.39,138.00575908125808,136.0210265783034,1.984732502954671,NONE,BULLISH,79
2026-08-10 13:30:00,NSE:ACL-EQ,47.35,47.483781696074395,47.78985775073872,-0.30607605466432375,NONE,BEARISH,67
2026-08-10 13:30:00,NSE:TARC-EQ,131.74,131.9097093815307,131.3926962640596,0.5170131174710946,NONE,BULLISH,90
2026-08-10 13:30:00,NSE:ACSTECH-EQ,50.6,49.77769003281574,47.442696697894625,2.3349933349211156,NONE,BULLISH,100
2026-08-10 13:30:00,NSE:MON50EQUAL-EQ,34.28,34.28823202401151,34.234866113061926,0.0533659109495872,NONE,BULLISH,83
2026-08-10 13:30:00,NSE:TARSONS-EQ,319.9,319.36275929120217,316.16112098808,3.201638303122195,NONE,BULLISH,106
2026-08-10 13:30:00,NSE:ONWARDTEC-EQ,287.25,287.7289695776944,289.44164417808895,-1.712674600394564,NONE,BEARISH,80
2026-08-10 13:30:00,NSE:ABSLMSCIN-EQ,30.23,30.245932335886746,30.329107968040507,-0.08317563215376111,NONE,BEARISH,108
2026-08-10 13:30:00,NSE:OAL-EQ,379.2,378.09640414477207,377.9414907307902,0.15491341398188752,NONE,BULLISH,71
2026-08-10 13:30:00,NSE:TOLINS-EQ,102.06,102.15750431008144,102.17483330868367,-0.017328998602238244,NONE,BEARISH,86
2026-08-10 13:30:00,NSE:HUBTOWN-EQ,178.23,178.22968146777777,176.55105195286873,1.6786295149090336,NONE,BULLISH,105
2026-08-10 13:30:00,NSE:INDOTHAI-EQ,94.62,94.65097371602619,96.79051208314189,-2.139538367115705,NONE,BEARISH,105
2026-08-10 13:30:00,NSE:INDORAMA-EQ,58.33,58.54561731889176,59.051205437523095,-0.5055881186313371,NONE,BEARISH,84
2026-08-10 13:30:00,NSE:AIROLAM-EQ,89.0,89.64815692349957,89.39976857213739,0.24838835136218052,NONE,BULLISH,35
2026-08-10 13:30:00,NSE:PIGL-EQ,108.82,109.16054861766982,111.10741345123067,-1.946864833560852,NONE,BEARISH,65
2026-08-10 13:30:00,NSE:INDIACEM-EQ,395.15,395.16144803392024,396.7771271968195,-1.615679162899255,NONE,BEARISH,104
2026-08-10 13:30:00,NSE:IVZINGOLD-EQ,131.0,131.0418381439861,130.42695782341488,0.614880320571217,NONE,BULLISH,107
2026-08-10 13:30:00,NSE:IGPL-EQ,489.4,491.691298048831,493.4383239032986,-1.7470258544676085,NONE,BEARISH,104
2026-08-10 13:30:00,NSE:HPL-EQ,343.0,343.8319563949785,342.6814348128028,1.1505215821756565,NONE,BULLISH,103
2026-08-10 13:30:00,NSE:INDIANHUME-EQ,391.7,392.3322824227322,392.5578916979919,-0.2256092752597283,NONE,BEARISH,86
2026-08-10 13:30:00,NSE:HPAL-EQ,34.11,34.354099876016754,34.21653257087259,0.1375673051441666,NONE,BULLISH,90
2026-08-10 13:30:00,NSE:PLASTIBLEN-EQ,199.91,199.6340257098392,198.517427795246,1.1165979145932,NONE,BULLISH,95
2026-08-10 13:30:00,NSE:KRITINUT-EQ,86.99,87.5878708467855,89.22500442864896,-1.637133581863452,NONE,BEARISH,56
2026-08-10 13:30:00,NSE:HINDWAREAP-EQ,219.29,219.36075207396703,220.19235749200686,-0.8316054180398282,NONE,BEARISH,90
2026-08-10 13:31:00,NSE:TREJHARA-EQ,170.9,173.67870964472678,176.35493733782215,-2.6762276930953703,NONE,BEARISH,70
2026-08-10 13:31:00,NSE:BRIGHOTEL-EQ,59.87,59.891146630030605,60.11149726381692,-0.22035063378631747,NONE,BEARISH,98
2026-08-10 13:31:00,NSE:IGIL-EQ,354.45,354.5519592639027,355.31361868657075,-0.7616594226680604,NONE,BEARISH,110
2026-08-10 13:31:00,NSE:HIKAL-EQ,222.54,222.40595968205534,224.4001591845783,-1.9941995025229744,NONE,BEARISH,108
2026-08-10 13:31:00,NSE:TRANSRAILL-EQ,479.85,478.6366850549793,476.0208918491063,2.61579320587299,NONE,BULLISH,111
2026-08-10 13:31:00,NSE:BPCL-EQ,319.8,319.4234305552134,319.33098820517466,0.09244235003870926,NONE,BULLISH,4611
2026-08-10 13:31:00,NSE:TPLPLASTEH-EQ,75.84,76.32944416539273,77.12583396548858,-0.7963898000958523,NONE,BEARISH,82
2026-08-10 13:31:00,NSE:AWFIS-EQ,269.95,269.9742355858189,270.7555141133593,-0.781278527540394,NONE,BEARISH,109
2026-08-10 13:31:00,NSE:IGCL-EQ,74.01,74.05497340780461,73.52524892644868,0.5297244813559274,NONE,BULLISH,57
2026-08-10 13:31:00,NSE:SIRCA-EQ,455.45,454.72604479376207,451.94345697593485,2.7825878178272205,NONE,BULLISH,102
2026-08-10 13:31:00,NSE:ARVEE-EQ,157.38,157.07627291116887,156.72929738334258,0.34697552782628804,NONE,BULLISH,35
2026-08-10 13:31:00,NSE:HDFCGOLD-EQ,128.92,128.92799681577483,128.30003598536817,0.6279608304066642,NONE,BULLISH,111
2026-08-10 13:31:00,NSE:WPIL-EQ,434.15,435.95203894195413,436.84699221666335,-0.8949532747092235,NONE,BEARISH,73
2026-08-10 13:31:00,NSE:SWANCORP-EQ,308.25,308.6296688650019,308.5012642477761,0.12840461722583996,NONE,BULLISH,111
2026-08-10 13:31:00,NSE:BSOFT-EQ,318.95,319.31745848267667,319.4818421323085,-0.16438364963181584,NONE,BEARISH,112
2026-08-10 13:31:00,NSE:NIF100BEES-EQ,273.74,273.67301165922856,274.16051876600693,-0.4875071067783665,NONE,BEARISH,111
2026-08-10 13:31:00,NSE:TRUALT-EQ,475.45,475.37770335689584,476.133949685777,-0.7562463288811614,NONE,BEARISH,106
2026-08-10 13:31:00,NSE:SBIETFQLTY-EQ,230.76,230.1491858242212,229.5905723732153,0.5586134510058969,NONE,BULLISH,111
2026-08-10 13:31:00,NSE:BSLSENETFG-EQ,79.28,79.27014884631164,79.20795775289689,0.062191093414753595,NONE,BULLISH,111
2026-08-10 13:31:00,NSE:TRIVENI-EQ,244.5,246.43152696331822,241.19853056421658,5.232996399101637,NONE,BULLISH,112
2026-08-10 13:31:00,NSE:OLAELEC-EQ,39.78,39.904227935624974,40.45805863991034,-0.5538307042853674,NONE,BEARISH,4611
2026-08-10 13:31:00,NSE:AVTNPL-EQ,71.7,71.92750603933618,71.94436737417,-0.016861334833819797,NONE,BEARISH,69
2026-08-10 13:31:00,NSE:BSLGOLDETF-EQ,132.7,132.72249631648103,132.08708529937238,0.6354110171086518,NONE,BULLISH,111
2026-08-10 13:31:00,NSE:IGL-EQ,152.3,152.26901649679792,152.15049742984576,0.1185190669521603,NONE,BULLISH,111
2026-08-10 13:31:00,NSE:ABSLNN50ET-EQ,78.69,78.68112328024728,78.60387844441227,0.0772448358350033,NONE,BULLISH,111
2026-08-10 13:31:00,NSE:AASTHA-EQ,73.73,73.65947852719799,74.02432617202953,-0.3648476448315421,NONE,BEARISH,114
2026-08-10 13:31:00,NSE:BSE500IETF-EQ,40.11,40.16596420155765,40.12126158070364,0.04470262085401089,NONE,BULLISH,110
2026-08-10 13:31:00,NSE:TRF-EQ,236.69,236.21315713355926,234.17311552182056,2.040041611738701,NONE,BULLISH,82
2026-08-10 13:31:00,NSE:HITECH-EQ,85.0,84.92613707754387,84.54091495374315,0.3852221238007161,NONE,BULLISH,110
2026-08-10 13:31:00,NSE:OIL-EQ,456.35,455.5934082860684,450.0399250749918,5.553483211076582,NONE,BULLISH,111
2026-08-10 13:31:00,NSE:NIACL-EQ,176.75,176.9381790720578,177.0719154860925,-0.1337364140347006,NONE,BEARISH,112
2026-08-10 13:31:00,NSE:TOUCHWOOD-EQ,67.14,67.68283300256391,67.05883604952606,0.623996953037846,NONE,BULLISH,27
2026-08-10 13:31:00,NSE:TNPL-EQ,154.16,154.96140173511114,155.95692339601632,-0.9955216609051831,NONE,BEARISH,105
2026-08-10 13:31:00,NSE:BOROLTD-EQ,242.26,242.20896995066155,243.45693357315477,-1.2479636224932165,NONE,BEARISH,96
2026-08-10 13:31:00,NSE:TIRUMALCHM-EQ,167.19,167.63948537979437,167.89263675742598,-0.25315137763161033,NONE,BEARISH,109
2026-08-10 13:31:00,NSE:AWL-EQ,196.29,196.3940031949438,196.93941453196035,-0.5454113370165601,NONE,BEARISH,111
2026-08-10 13:31:00,NSE:IFCI-EQ,76.15,76.04188953464661,75.19636627664593,0.8455232580006822,NONE,BULLISH,112
2026-08-10 13:31:00,NSE:ARVINDFASN-EQ,461.15,461.07599700351307,460.1583959622458,0.9176010412672895,NONE,BULLISH,111
2026-08-10 13:31:00,NSE:TIMETECHNO-EQ,207.01,206.88491253202596,205.81547863100823,1.0694339010177316,NONE,BULLISH,112
2026-08-10 13:31:00,NSE:HDFCNEXT50-EQ,76.4,76.34875011301845,76.22044056422043,0.12830954879802903,NONE,BULLISH,110
2026-08-10 13:31:00,NSE:WAAREEINDO-EQ,314.55,313.5480339826259,319.3450267156757,-5.796992733049819,NONE,BEARISH,104
2026-08-10 13:31:00,NSE:NUVOCO-EQ,339.85,340.17225210129766,342.8602734089858,-2.688021307688132,NONE,BEARISH,111
2026-08-10 13:31:00,NSE:SPORTKING-EQ,212.95,213.83376123809256,214.2441052996924,-0.4103440615998295,NONE,BEARISH,111
2026-08-10 13:31:00,NSE:TIL-EQ,230.5,231.48920539139178,232.11640696720698,-0.6272015758152065,NONE,BEARISH,105
2026-08-10 13:31:00,NSE:SKMEGGPROD-EQ,238.97,236.93721960571423,235.65097114211824,1.2862484635959959,NONE,BULLISH,109
2026-08-10 13:31:00,NSE:WAKEFIT-EQ,126.08,126.40412884008991,127.01073798109219,-0.6066091410022807,NONE,BEARISH,111
2026-08-10 13:31:00,NSE:IEX-EQ,126.59,126.59465533671425,126.88034528269046,-0.2856899459762019,NONE,BEARISH,112
2026-08-10 13:31:00,NSE:TI-EQ,501.65,500.83361769145915,497.038025024521,3.7955926669381483,NONE,BULLISH,112
2026-08-10 13:31:00,NSE:WALCHANNAG-EQ,235.9,235.61856153918586,233.5517567525388,2.0668047866470545,NONE,BULLISH,111
2026-08-10 13:31:00,NSE:HDFCNIFBAN-EQ,59.38,59.39774533458534,59.453748994734966,-0.056003660149627876,NONE,BEARISH,111
2026-08-10 13:31:00,NSE:THOMASCOTT-EQ,350.0,349.74530462052024,333.2467134058437,16.498591214676537,NONE,BULLISH,110
2026-08-10 13:31:00,NSE:SJVN-EQ,67.88,67.81643328613461,67.86549911989374,-0.04906583375912987,NONE,BEARISH,112
2026-08-10 13:31:00,NSE:SEIL-EQ,203.36,202.91405959347813,202.68371799128315,0.2303416021949829,NONE,BULLISH,84
2026-08-10 13:31:00,NSE:VSTIND-EQ,219.78,219.8524900011234,219.89782825030602,-0.045338249182606205,NONE,BEARISH,110
2026-08-10 13:31:00,NSE:NV20BEES-EQ,142.46,142.60287681099138,142.78533969376934,-0.18246288277796907,NONE,BEARISH,111
2026-08-10 13:31:00,NSE:SUZLON-EQ,47.3,47.37048045183283,47.82946514288188,-0.4589846910490465,NONE,BEARISH,4612
2026-08-10 13:31:00,NSE:ABCAPITAL-EQ,410.95,410.66720670642457,409.72895339174295,0.9382533146816172,NONE,BULLISH,115
2026-08-10 13:31:00,NSE:TSFINV-EQ,435.2,435.43799863455956,438.6851572713087,-3.247158636749134,NONE,BEARISH,111
2026-08-10 13:31:00,NSE:HDFCMOMENT-EQ,31.6,31.555757188024664,31.41618014518307,0.13957704284159433,NONE,BULLISH,111
2026-08-10 13:31:00,NSE:NYKAA-EQ,328.0,328.69772471194267,329.9745695779798,-1.2768448660371519,NONE,BEARISH,4612
2026-08-10 13:31:00,NSE:AWHCL-EQ,415.25,416.05239935397395,416.1240394761713,-0.07164012219732285,NONE,BEARISH,109
2026-08-10 13:31:00,NSE:ZENSARTECH-EQ,500.8,500.89425619469165,500.62386682786433,0.27038936682731673,NONE,BULLISH,112
2026-08-10 13:31:00,NSE:VOGL-EQ,39.1,39.07435060748016,37.61307436686807,1.4612762406120936,NONE,BULLISH,4612
2026-08-10 13:31:00,NSE:HDFCGROWTH-EQ,124.59,124.41635510957963,123.95412188142618,0.46223322815345114,NONE,BULLISH,111
2026-08-10 13:31:00,NSE:IGARASHI-EQ,470.0,467.9668203054412,466.4717584266696,1.495061878771594,NONE,BULLISH,109
2026-08-10 13:31:00,NSE:TNPETRO-EQ,99.42,99.58656786187719,100.20902191110473,-0.6224540492275423,NONE,BEARISH,102
2026-08-10 13:31:00,NSE:SIS-EQ,426.3,426.68438520517833,430.3788806820739,-3.694495476895554,NONE,BEARISH,104
2026-08-10 13:31:00,NSE:VRAJ-EQ,125.5,125.67292387112482,124.63516223099298,1.0377616401318477,NONE,BULLISH,89
2026-08-10 13:31:00,NSE:ALPINETEX-EQ,63.67,63.793915729933495,63.590714139127144,0.20320159080635136,NONE,BULLISH,110
2026-08-10 13:31:00,NSE:TMPV-EQ,347.35,347.9010204709369,347.8509702440976,0.05005022683928928,NONE,BULLISH,112
2026-08-10 13:31:00,NSE:TMCV-EQ,454.55,454.99716229916027,454.6930155229358,0.3041467762244565,NONE,BULLISH,112
2026-08-10 13:31:00,NSE:VSSL-EQ,343.55,344.39246573280224,343.69837596446087,0.6940897683413709,NONE,BULLISH,107
2026-08-10 13:31:00,NSE:IFGLEXPOR-EQ,226.0,227.24271538577668,227.30027818130472,-0.05756279552804244,NONE,BEARISH,97
2026-08-10 13:31:00,NSE:NHPC-EQ,77.16,77.0872531149512,77.06141927007224,0.02583384487896012,NONE,BULLISH,111
2026-08-10 13:31:00,NSE:HBSL-EQ,59.78,58.862859926758986,57.319126549047276,1.5437333777117104,NONE,BULLISH,50
2026-08-10 13:31:00,NSE:HERITGFOOD-EQ,363.0,363.0193452879233,361.88619619446297,1.133149093460304,NONE,BULLISH,110
2026-08-10 13:31:00,NSE:ARTEMISMED-EQ,319.85,319.9124435818374,318.5439806102959,1.3684629715415326,NONE,BULLISH,112
2026-08-10 13:31:00,NSE:SAURASHCEM-EQ,62.68,62.625593177492426,62.37567787475759,0.2499153027348342,NONE,BULLISH,83
2026-08-10 13:31:00,NSE:CONSUMIETF-EQ,126.99,126.91488314783533,126.575028270524,0.3398548773113248,NONE,BULLISH,111
2026-08-10 13:31:00,NSE:HINDPETRO-EQ,393.3,393.5328194689401,393.7208197348003,-0.18800026586018248,NONE,BEARISH,112
2026-08-10 13:31:00,NSE:AURUM-EQ,228.52,228.44556504889147,227.4489271710098,0.9966378778816534,NONE,BULLISH,105
2026-08-10 13:31:00,NSE:MONQ50-EQ,144.74,144.7372765565584,144.54078163743927,0.19649491911914652,NONE,BULLISH,106
2026-08-10 13:31:00,NSE:NIFTYADD-EQ,259.16,259.3162139881007,259.14512334699316,0.1710906411075257,NONE,BULLISH,111
2026-08-10 13:31:00,NSE:AMBALALSA-EQ,49.4,49.20012737308643,48.11810600363543,1.0820213694509988,NONE,BULLISH,110
2026-08-10 13:31:00,NSE:ONGC-EQ,239.2,238.92806129394816,238.56037636433948,0.3676849296086857,NONE,BULLISH,4611
2026-08-10 13:31:00,NSE:SILVERAXIS-EQ,229.66,229.76262679357396,229.5701303402164,0.19249645335756327,NONE,BULLISH,112
2026-08-10 13:31:00,NSE:CONSUMBEES-EQ,136.42,136.39778140794567,135.99014394300718,0.40763746493848885,NONE,BULLISH,111
2026-08-10 13:31:00,NSE:HINDCOMPOS-EQ,418.95,418.3840923555123,421.4762673281791,-3.0921749726668395,NONE,BEARISH,78
2026-08-10 13:31:00,NSE:ACMESOLAR-EQ,364.3,364.41404519228126,366.3344996792186,-1.9204544869373308,NONE,BEARISH,115
2026-08-10 13:31:00,NSE:IMAGICAA-EQ,49.7,49.66312108537139,50.063787098940985,-0.4006660135695981,NONE,BEARISH,4610
2026-08-10 13:31:00,NSE:CONSUMAXIS-EQ,126.05,126.029844307096,125.94712425961742,0.08272004747857409,NONE,BULLISH,111
2026-08-10 13:31:00,NSE:VEDL-EQ,285.0,284.9203982463412,281.1052903868632,3.815107859478019,NONE,BULLISH,4612
2026-08-10 13:31:00,NSE:MOPSE-EQ,100.27,100.31756525089682,100.7812192709635,-0.4636540200666843,NONE,BEARISH,111
2026-08-10 13:31:00,NSE:MONTECARLO-EQ,510.35,510.66744374592577,505.9862083609616,4.681235384964168,NONE,BULLISH,107
2026-08-10 13:31:00,NSE:CPSEETF-EQ,94.05,94.02529168937646,94.14028015859364,-0.11498846921718098,NONE,BEARISH,111
2026-08-10 13:31:00,NSE:NIFTYAXIS-EQ,272.53,272.61912139137735,271.08010300389725,1.5390183874800982,NONE,BULLISH,111
2026-08-10 13:31:00,NSE:MONEXT50-EQ,74.77,74.74892835388076,74.81583200853865,-0.06690365465789228,NONE,BEARISH,110
2026-08-10 13:31:00,NSE:SBIMIDMOM-EQ,64.46,64.41932757797323,64.19589450339376,0.22343307457947503,NONE,BULLISH,111
2026-08-10 13:31:00,NSE:VERANDA-EQ,251.15,251.05400486756417,254.3167345547071,-3.2627296871429223,NONE,BEARISH,103
2026-08-10 13:31:00,NSE:SILVERADD-EQ,222.86,222.88492920458998,222.5013860273208,0.3835431772691891,NONE,BULLISH,112
2026-08-10 13:31:00,NSE:DIVOPPBEES-EQ,79.82,79.7745321352032,79.86057593797682,-0.08604380277361656,NONE,BEARISH,111
2026-08-10 13:31:00,NSE:MON100-EQ,328.08,328.0841688853117,328.4579562257822,-0.37378734047047146,NONE,BEARISH,111
2026-08-10 13:31:00,NSE:DIVIDEND-EQ,36.39,36.41470040748878,36.48877394917444,-0.07407354168565661,NONE,BEARISH,107
2026-08-10 13:31:00,NSE:INA-EQ,109.14,109.3055920778219,109.8626398125871,-0.5570477347652059,NONE,BEARISH,106
2026-08-10 13:31:00,NSE:VEDPOWER-EQ,36.5,36.542478729483975,36.126009480909964,0.41646924857401046,NONE,BULLISH,112
2026-08-10 13:31:00,NSE:NIFTYBETA-EQ,273.19,273.1186393661167,272.97710271602176,0.14153665009496308,NONE,BULLISH,111
2026-08-10 13:31:00,NSE:DIGJAMLMTD-EQ,49.6,49.16206216071902,48.22100076369465,0.9410613970243702,NONE,BULLISH,41
2026-08-10 13:31:00,NSE:DIGITIDE-EQ,104.42,104.6730727245021,103.8791617357608,0.7939109887413025,NONE,BULLISH,4602
2026-08-10 13:31:00,NSE:MONARCH-EQ,391.7,391.4470785850302,391.22411600858817,0.22296257644205753,NONE,BULLISH,102
2026-08-10 13:31:00,NSE:SENSEXADD-EQ,81.06,81.02003431204224,81.03521542442381,-0.01518111238156905,NONE,BEARISH,111
2026-08-10 13:31:00,NSE:SILVERAG-EQ,225.02,225.03705041407625,224.77306160585402,0.2639888082222228,NONE,BULLISH,111
2026-08-10 13:31:00,NSE:ATALREAL-EQ,35.08,35.338075616625076,35.34751685090698,-0.009441234281901245,SELL,BEARISH,109
2026-08-10 13:31:00,NSE:ATLANTAA-EQ,41.5,41.28954237867826,40.639621856899566,0.6499205217786965,NONE,BULLISH,72
2026-08-10 13:31:00,NSE:DEFENCE-EQ,81.28,81.3603821773907,81.26938671161773,0.09099546577297701,NONE,BULLISH,110
2026-08-10 13:31:00,NSE:IKIO-EQ,196.24,196.18652778815414,199.32563133399154,-3.1391035458374006,NONE,BEARISH,108
2026-08-10 13:31:00,NSE:MOQUALITY-EQ,207.71,207.6080360981661,207.43296950886636,0.17506658929974606,NONE,BULLISH,111
2026-08-10 13:31:00,NSE:SSDL-EQ,54.23,54.006563931064555,53.88768756676929,0.11887636429526793,NONE,BULLISH,54
2026-08-10 13:31:00,NSE:SILVERBEES-EQ,221.04,221.08214765324811,220.28231820914988,0.7998294440982363,NONE,BULLISH,4987
2026-08-10 13:31:00,NSE:HARIOMPIPE-EQ,400.55,400.49639404400614,400.09898380190583,0.39741024210030673,NONE,BULLISH,109
2026-08-10 13:31:00,NSE:NIFTYBETF-EQ,253.74,253.28824863845634,252.91192067487907,0.3763279635772676,NONE,BULLISH,111
2026-08-10 13:31:00,NSE:TVSSCS-EQ,130.15,130.71211243718568,132.57949664377674,-1.8673842065910549,NONE,BEARISH,110
2026-08-10 13:31:00,NSE:NIFTY1-EQ,273.08,273.1602698256423,272.62998301682774,0.5302868088145374,NONE,BULLISH,111
2026-08-10 13:31:00,NSE:SBC-EQ,41.2,41.206362279114664,41.192785256046825,0.013577023067838923,NONE,BULLISH,111
2026-08-10 13:31:00,NSE:OMAXE-EQ,85.62,85.81724866938288,86.38979766706872,-0.5725489976858427,NONE,BEARISH,105
2026-08-10 13:31:00,NSE:CANBK-EQ,129.41,129.7819168253861,130.84238714051426,-1.060470315128157,NONE,BEARISH,4612
2026-08-10 13:31:00,NSE:HARSHA-EQ,428.65,428.7465281515974,427.02398187604985,1.7225462755475291,NONE,BULLISH,109
2026-08-10 13:31:00,NSE:HILINFRA-EQ,45.47,45.249651884083335,45.113460007096634,0.13619187698670032,NONE,BULLISH,72
2026-08-10 13:31:00,NSE:CAMPUS-EQ,222.83,222.62614207328983,223.29933549463502,-0.6731934213451893,NONE,BEARISH,110
2026-08-10 13:31:00,NSE:TURTLEMINT-EQ,115.09,113.41650711543593,112.45813598245894,0.9583711329769926,NONE,BULLISH,108
2026-08-10 13:31:00,NSE:IIFLCAPS-EQ,333.85,333.7939385049105,334.0319893950616,-0.2380508901511007,NONE,BEARISH,110
2026-08-10 13:31:00,NSE:SIMPLEXINF-EQ,257.29,256.22966157387225,249.37430572937066,6.855355844501588,NONE,BULLISH,111
2026-08-10 13:31:00,NSE:TTML-EQ,39.11,39.1616053526384,39.27387317305025,-0.11226782041185146,NONE,BEARISH,110
2026-08-10 13:31:00,NSE:NFL-EQ,72.59,72.63205438943183,72.32351611760872,0.3085382718231102,NONE,BULLISH,110
2026-08-10 13:31:00,NSE:AVANTEL-EQ,162.5,162.4574966663238,162.74474284362557,-0.2872461773017676,NONE,BEARISH,111
2026-08-10 13:31:00,NSE:OMAXAUTO-EQ,200.5,201.18035418103995,212.7704845978319,-11.590130416791965,NONE,BEARISH,99
2026-08-10 13:31:00,NSE:UDS-EQ,210.55,211.45981670454816,210.73639177045547,0.7234249340926908,NONE,BULLISH,104
2026-08-10 13:31:00,NSE:CAMLINFINE-EQ,124.31,125.0627449777956,126.17621183530635,-1.113466857510744,NONE,BEARISH,109
2026-08-10 13:31:00,NSE:AUTOIETF-EQ,30.86,30.848072213401547,30.791191604402645,0.05688060899890246,NONE,BULLISH,111
2026-08-10 13:31:00,NSE:CAPACITE-EQ,209.3,209.34491998560827,210.6732209057651,-1.3283009201568348,NONE,BEARISH,109
2026-08-10 13:31:00,NSE:ARKADE-EQ,135.5,135.84902221763312,137.7992838045218,-1.9502615868886721,NONE,BEARISH,100
2026-08-10 13:31:00,NSE:COMMOIETF-EQ,102.06,101.97214277580551,101.85532596875953,0.11681680704597852,NONE,BULLISH,111
2026-08-10 13:31:00,NSE:NIFTY100EW-EQ,36.08,36.08524182062213,36.07292881020379,0.012313010418338877,NONE,BULLISH,108
2026-08-10 13:31:00,NSE:MOREALTY-EQ,90.41,90.21207545341889,89.7042352022233,0.5078402511955886,NONE,BULLISH,111
2026-08-10 13:31:00,NSE:CHOICEGOLD-EQ,149.91,149.67237894210734,148.85544551477426,0.8169334273330833,NONE,BULLISH,109
2026-08-10 13:31:00,NSE:AUTOBEES-EQ,308.67,308.56462750822146,308.1582435334093,0.40638397481217226,NONE,BULLISH,112
2026-08-10 13:31:00,NSE:UGROCAP-EQ,95.7,95.64147675583337,95.25424893082922,0.3872278250041461,NONE,BULLISH,104
2026-08-10 13:31:00,NSE:UGARSUGAR-EQ,46.78,46.90475506903726,46.0531078471377,0.8516472218995546,NONE,BULLISH,109
2026-08-10 13:31:00,NSE:CHEMICAL-EQ,30.84,30.813240713620136,30.75003213741521,0.06320857620492504,NONE,BULLISH,111
2026-08-10 13:31:00,NSE:OMPOWER-EQ,169.97,169.62268660563254,170.33548764218705,-0.7128010365545094,NONE,BEARISH,93
2026-08-10 13:31:00,NSE:SILVERBETA-EQ,223.17,223.2324368195332,222.9994120556057,0.23302476392751714,NONE,BULLISH,111
2026-08-10 13:31:00,NSE:UFLEX-EQ,492.6,492.7264585204088,490.9228709969748,1.8035875234340324,NONE,BULLISH,108
2026-08-10 13:31:00,NSE:CASTROLIND-EQ,192.55,192.9241143006329,192.6102054145261,0.313908886106816,NONE,BULLISH,111
2026-08-10 13:31:00,NSE:OMINFRAL-EQ,87.85,88.00109731637164,87.69783775583545,0.3032595605361905,NONE,BULLISH,86
2026-08-10 13:31:00,NSE:SENCO-EQ,400.15,400.1884783597786,395.57583378406355,4.6126445757150805,NONE,BULLISH,112
2026-08-10 13:31:00,NSE:AJMERA-EQ,123.65,123.99261786055186,123.89637377876102,0.09624408179084298,NONE,BULLISH,94
2026-08-10 13:31:00,NSE:UEL-EQ,270.67,270.57144960587374,264.8535389954168,5.717910610456954,NONE,BULLISH,101
2026-08-10 13:31:00,NSE:IITL-EQ,147.4,146.98580187821042,145.56821472985706,1.4175871483533626,NONE,BULLISH,46
2026-08-10 13:31:00,NSE:WANBURY-EQ,252.7,253.1313226192235,254.03481223875062,-0.9034896195271074,NONE,BEARISH,108
2026-08-10 13:31:00,NSE:NIFTYETF-EQ,267.75,267.87940070332746,267.7455448897264,0.13385581360108745,NONE,BULLISH,111
2026-08-10 13:31:00,NSE:NURECA-EQ,329.15,329.0419870550343,335.433061934071,-6.391074879036694,NONE,BEARISH,92
2026-08-10 13:31:00,NSE:NMDC-EQ,85.7,85.7407517494934,85.62247498522558,0.11827676426781863,NONE,BULLISH,4612
2026-08-10 13:31:00,NSE:ASIANHOTNR-EQ,317.0,317.034593393272,314.70711059197635,2.327482801295673,NONE,BULLISH,70
2026-08-10 13:31:00,NSE:SOUTHBANK-EQ,46.1,46.046232545118116,46.566720649149374,-0.5204881040312586,NONE,BEARISH,112
2026-08-10 13:31:00,NSE:BBNPNBETF-EQ,58.0,58.04415732374036,58.265189708603266,-0.22103238486290877,NONE,BEARISH,111
2026-08-10 13:31:00,NSE:NATIONALUM-EQ,385.3,384.71413891203787,383.2630296243752,1.451109287662689,NONE,BULLISH,112
2026-08-10 13:31:00,NSE:HEALTHAXIS-EQ,169.6,169.7035968569383,169.68110698071013,0.02248987622817822,NONE,BULLISH,111
2026-08-10 13:31:00,NSE:BATLIBOI-EQ,88.27,88.59709323498942,90.00229281897242,-1.4051995839830056,NONE,BEARISH,78
2026-08-10 13:31:00,NSE:NAVKARCORP-EQ,101.72,101.3707362923435,100.62084496025156,0.7498913320919343,NONE,BULLISH,98
2026-08-10 13:31:00,NSE:BANSALWIRE-EQ,324.0,325.072852881532,328.2283198063416,-3.1554669248095593,NONE,BEARISH,107
2026-08-10 13:31:00,NSE:SBIETFIT-EQ,351.6,351.7908817249013,351.2460553351416,0.5448263897596917,NONE,BULLISH,110
2026-08-10 13:31:00,NSE:NAVNETEDUL-EQ,133.45,133.1590912713037,133.34500375294368,-0.1859124816399742,NONE,BEARISH,102
2026-08-10 13:31:00,NSE:SPLIL-EQ,32.26,32.71404883137343,32.6982235412233,0.015825290150132787,NONE,BULLISH,36
2026-08-10 13:31:00,NSE:NLCINDIA-EQ,286.8,287.3945528503567,295.10860667695874,-7.714053826602026,NONE,BEARISH,111
2026-08-10 13:31:00,NSE:SOUTHWEST-EQ,235.57,234.47783010227144,232.6641062309865,1.8137238712849353,NONE,BULLISH,83
2026-08-10 13:31:00,NSE:VAML-EQ,477.45,477.02257009718073,474.9464101631777,2.0761599340030443,NONE,BULLISH,4612
2026-08-10 13:31:00,NSE:HEALTHIETF-EQ,171.21,171.008540988951,171.16556834209933,-0.1570273531483224,NONE,BEARISH,111
2026-08-10 13:31:00,NSE:ASHOKLEY-EQ,176.06,176.36776293655066,176.78906611205304,-0.4213031755023735,NONE,BEARISH,4612
2026-08-10 13:31:00,NSE:SCI-EQ,298.15,298.0704659870323,301.4743857218181,-3.403919734785802,NONE,BEARISH,4612
2026-08-10 13:31:00,NSE:BANKPSU-EQ,87.52,87.6209844900058,88.14540873450989,-0.5244242445040896,NONE,BEARISH,111
2026-08-10 13:31:00,NSE:BCLIND-EQ,37.59,37.56024039178681,37.25405421237447,0.30618617941234305,NONE,BULLISH,109
2026-08-10 13:31:00,NSE:ABLBL-EQ,91.29,91.60720097141252,92.58195979999145,-0.9747588285789277,NONE,BEARISH,114
2026-08-10 13:31:00,NSE:MUNJALSHOW-EQ,135.9,135.81017677030587,135.12443850174375,0.685738268562119,NONE,BULLISH,97
2026-08-10 13:31:00,NSE:WELSPUNLIV-EQ,165.19,165.10765429212103,165.33910952425728,-0.23145523213625552,NONE,BEARISH,4986
2026-08-10 13:31:00,NSE:BELRISE-EQ,252.66,252.70967490574344,251.25210700583605,1.4575678999073887,NONE,BULLISH,111
2026-08-10 13:31:00,NSE:SBIETFCON-EQ,126.62,126.5206131643578,126.1359463948263,0.38466676953149204,NONE,BULLISH,111
2026-08-10 13:31:00,NSE:HDFCSML250-EQ,185.62,185.6312762070067,185.34574604251594,0.2855301644907513,NONE,BULLISH,111
2026-08-10 13:31:00,NSE:MUTHOOTMF-EQ,216.79,216.89985414067718,215.68677723411597,1.2130769065612128,NONE,BULLISH,111
2026-08-10 13:31:00,NSE:ASHOKA-EQ,117.94,117.88913453064582,118.08649070712386,-0.1973561764780385,NONE,BEARISH,110
2026-08-10 13:31:00,NSE:HUDCO-EQ,199.8,199.56392082026844,200.385027461111,-0.8211066408425722,NONE,BEARISH,111
2026-08-10 13:31:00,NSE:BEL-EQ,403.0,403.31359348994295,402.3559209660266,0.9576725239163579,NONE,BULLISH,112
2026-08-10 13:31:00,NSE:MWL-EQ,41.29,41.36923351404208,41.86818507549412,-0.49895156145203856,NONE,BEARISH,104
2026-08-10 13:31:00,NSE:SONATSOFTW-EQ,320.2,319.6575720698164,319.6511783426504,0.006393727166027929,BUY,BULLISH,112
2026-08-10 13:31:00,NSE:TBZ-EQ,282.2,281.79326220235777,278.2344965558422,3.5587656465155533,NONE,BULLISH,110
2026-08-10 13:31:00,NSE:SBIETFPB-EQ,281.44,281.4174488300646,282.3218753124128,-0.9044264823482422,NONE,BEARISH,111
2026-08-10 13:31:00,NSE:NACLIND-EQ,178.95,179.405691845684,178.69838362348574,0.7073082221982645,NONE,BULLISH,112
2026-08-10 13:31:00,NSE:BECTORFOOD-EQ,234.12,234.03544295712703,226.79853309369975,7.236909863427286,NONE,BULLISH,4612
2026-08-10 13:31:00,NSE:HDFCVALUE-EQ,128.63,128.63462277368782,128.50487339581036,0.12974937787745944,NONE,BULLISH,111
2026-08-10 13:31:00,NSE:ALPHA-EQ,53.98,53.96296636702455,53.751496349431335,0.21147001759321427,NONE,BULLISH,111
2026-08-10 13:31:00,NSE:BAJAJINDEF-EQ,233.49,232.97735953547956,232.76923885051357,0.20812068496599068,NONE,BULLISH,72
2026-08-10 13:31:00,NSE:BEPL-EQ,125.86,125.98137864237374,124.9853688042696,0.9960098381041433,NONE,BULLISH,4612
2026-08-10 13:31:00,NSE:NAZARA-EQ,354.1,355.0474187729596,353.95949013210384,1.0879286408557505,NONE,BULLISH,4986
2026-08-10 13:31:00,NSE:BANKNIFTY1-EQ,59.91,59.920900831914444,60.00215696027753,-0.08125612836308704,NONE,BEARISH,111
2026-08-10 13:31:00,NSE:NEXT30ADD-EQ,44.2,44.15341342965718,44.19718867395404,-0.043775244296860194,NONE,BEARISH,111
2026-08-10 13:31:00,NSE:BALAJITELE-EQ,91.44,91.77309022548353,89.28608687975908,2.487003345724446,NONE,BULLISH,110
2026-08-10 13:31:00,NSE:BANKADD-EQ,59.07,59.10791524790846,59.149352231915856,-0.04143698400739737,NONE,BEARISH,111
2026-08-10 13:31:00,NSE:NITCO-EQ,97.98,98.31360915141819,98.83865548696615,-0.5250463355479553,NONE,BEARISH,110
2026-08-10 13:31:00,NSE:WONDERLA-EQ,488.3,488.19893334939553,490.23685188467385,-2.0379185352783225,NONE,BEARISH,106
2026-08-10 13:31:00,NSE:HERANBA-EQ,178.16,178.9152714096765,178.73442406760367,0.1808473420728376,NONE,BULLISH,85
2026-08-10 13:31:00,NSE:SPECIALITY-EQ,150.76,150.14383290043713,147.83694311706995,2.3068897833671826,NONE,BULLISH,111
2026-08-10 13:31:00,NSE:ABFRL-EQ,61.06,61.01558871468767,61.765380590007624,-0.7497918753199571,NONE,BEARISH,115
2026-08-10 13:31:00,NSE:BANDHANBNK-EQ,173.8,173.55247896226146,175.07615717051144,-1.5236782082499758,NONE,BEARISH,112
2026-08-10 13:31:00,NSE:HSBCGOLD-EQ,131.77,131.39176415873357,130.86102060165612,0.530743557077443,NONE,BULLISH,111
2026-08-10 13:31:00,NSE:NEXT50ADD-EQ,75.05,75.05901721869841,75.16639133317715,-0.10737411447873058,NONE,BEARISH,110
2026-08-10 13:31:00,NSE:ASIANENE-EQ,406.2,405.27096351174043,406.3820426497864,-1.111079138045966,NONE,BEARISH,108
2026-08-10 13:31:00,NSE:NIFTYBEES-EQ,280.52,280.4895182307384,280.2346883975584,0.25482983317999697,NONE,BULLISH,112
2026-08-10 13:31:00,NSE:NEXT50BETA-EQ,80.77,80.6513014580208,80.59081329836502,0.06048815965577603,NONE,BULLISH,110
2026-08-10 13:31:00,NSE:TEXRAIL-EQ,108.05,108.03678214860778,108.37756113343877,-0.34077898483099034,NONE,BEARISH,110
2026-08-10 13:31:00,NSE:BALUFORGE-EQ,465.25,465.4001886962227,466.91563899065443,-1.51545029443173,NONE,BEARISH,112
2026-08-10 13:31:00,NSE:NEXT50ETF-EQ,75.39,75.31859757368957,75.17989265342644,0.1387049202631374,NONE,BULLISH,110
2026-08-10 13:31:00,NSE:BANKBARODA-EQ,247.74,248.52470998947746,249.9183135555397,-1.3936035660622395,NONE,BEARISH,111
2026-08-10 13:31:00,NSE:TEMBO-EQ,63.0,62.9056003939279,62.17736468567324,0.7282357082546582,NONE,BULLISH,108
2026-08-10 13:31:00,NSE:HEMIPROP-EQ,137.7,137.7980142126887,137.99306917383103,-0.19505496114231846,NONE,BEARISH,105
2026-08-10 13:31:00,NSE:BANKBETA-EQ,59.66,59.65305224706459,59.715050094399345,-0.061997847334751555,NONE,BEARISH,110
2026-08-10 13:31:00,NSE:BAJEL-EQ,194.67,194.33541307702234,192.41972277176802,1.9156903052543157,NONE,BULLISH,110
2026-08-10 13:31:00,NSE:NBCC-EQ,94.9,94.93169808789122,95.13789218288206,-0.20619409499083474,NONE,BEARISH,4612
2026-08-10 13:31:00,NSE:VASCONEQ-EQ,34.58,34.70377610763604,36.232585026268694,-1.5288089186326559,NONE,BEARISH,109
2026-08-10 13:31:00,NSE:NCC-EQ,147.28,146.92434058140668,146.01720480681212,0.9071357745945647,NONE,BULLISH,111
2026-08-10 13:31:00,NSE:SPANDANA-EQ,255.4,255.5168207520897,256.7537788918316,-1.236958139741887,NONE,BEARISH,109
2026-08-10 13:31:00,NSE:BANKINDIA-EQ,141.58,141.63360096583884,142.55897457422662,-0.9253736083877868,NONE,BEARISH,4987
2026-08-10 13:31:00,NSE:HONASA-EQ,477.9,478.0045915499196,477.87710952183085,0.12748202808876385,NONE,BULLISH,112
2026-08-10 13:31:00,NSE:NCLIND-EQ,174.2,174.1117189665078,176.29787675723693,-2.1861577907291405,NONE,BEARISH,111
2026-08-10 13:31:00,NSE:BANKIETF-EQ,59.23,59.240107376149844,59.33528429378512,-0.09517691763527836,NONE,BEARISH,111
2026-08-10 13:31:00,NSE:SBISILVER-EQ,226.48,226.50246760866727,226.2136096549198,0.28885795374748113,NONE,BULLISH,111
2026-08-10 13:31:00,NSE:NIVABUPA-EQ,86.85,86.8311280693845,86.47610642801132,0.3550216413731846,NONE,BULLISH,111
2026-08-10 13:31:00,NSE:VASWANI-EQ,53.67,52.23378879489948,52.078259670120985,0.15552912477849645,NONE,BULLISH,64
2026-08-10 13:31:00,NSE:BANKBETF-EQ,58.75,58.70960978553485,58.74306854549691,-0.03345875996205905,NONE,BEARISH,110
2026-08-10 13:31:00,NSE:SPIC-EQ,67.54,67.60857424518777,67.72985880199326,-0.12128455680549166,NONE,BEARISH,89
2026-08-10 13:31:00,NSE:SCHAND-EQ,143.0,142.93867849024988,143.99561688856772,-1.0569383983178398,NONE,BEARISH,95
2026-08-10 13:31:00,NSE:VBL-EQ,445.0,445.11827292937545,443.9820164354469,1.1362564939285562,NONE,BULLISH,112
2026-08-10 13:31:00,NSE:SPARC-EQ,218.39,212.87172477177512,212.68014750866897,0.1915772631061543,BUY,BULLISH,112
2026-08-10 13:31:00,NSE:NETF-EQ,267.8,267.73986889174796,268.084505246403,-0.3446363546550515,NONE,BEARISH,111
2026-08-10 13:31:00,NSE:BAJAJHFL-EQ,85.13,85.15024258362948,85.4119136265952,-0.2616710429657161,NONE,BEARISH,111
2026-08-10 13:31:00,NSE:HUHTAMAKI-EQ,284.65,284.91756874553346,280.82559103789526,4.091977707638193,NONE,BULLISH,111
2026-08-10 13:31:00,NSE:BFINVEST-EQ,481.9,479.2406978132403,473.6913022019553,5.549395611284979,NONE,BULLISH,102
2026-08-10 13:31:00,NSE:NTPC-EQ,339.3,338.7024732362604,340.6407828925157,-1.938309656255285,NONE,BEARISH,112
2026-08-10 13:31:00,NSE:SMSPHARMA-EQ,375.55,375.9038450885538,376.5035979792764,-0.5997528907225842,NONE,BEARISH,111
2026-08-10 13:31:00,NSE:SDBL-EQ,73.9,72.76666744404096,72.84911839222961,-0.08245094818865084,NONE,BEARISH,110
2026-08-10 13:31:00,NSE:TATACAP-EQ,368.2,368.11976832336717,369.4144076889995,-1.2946393656323494,NONE,BEARISH,4612
2026-08-10 13:31:00,NSE:BAJAJELEC-EQ,365.45,366.66782709700675,370.80816060036443,-4.140333503357681,NONE,BEARISH,4611
2026-08-10 13:31:00,NSE:BMWVENTLTD-EQ,59.1,59.29580320071128,59.346553230096966,-0.05075002938568218,NONE,BEARISH,99
2026-08-10 13:31:00,NSE:MOSCHIP-EQ,205.23,205.32634653792283,205.905005384407,-0.57865884648416,NONE,BEARISH,111
2026-08-10 13:31:00,NSE:ALEMBICLTD-EQ,85.6,85.5835966141396,85.29707781421098,0.28651879992861495,NONE,BULLISH,112
2026-08-10 13:31:00,NSE:MOSERVICE-EQ,31.55,31.56808864212965,31.66186668302478,-0.0937780408951312,NONE,BEARISH,101
2026-08-10 13:31:00,NSE:BLSE-EQ,315.95,315.161621911494,312.4344808921106,2.727141019383396,NONE,BULLISH,109
2026-08-10 13:31:00,NSE:HDFCNIMEG-EQ,132.15,132.00286100967807,131.97606300009238,0.026798009585689897,NONE,BULLISH,111
2026-08-10 13:31:00,NSE:MOSILVER-EQ,228.51,228.51477874136063,227.9866300924659,0.528148648894728,NONE,BULLISH,111
2026-08-10 13:31:00,NSE:BLS-EQ,260.08,259.8168049098339,257.6631947308895,2.1536101789444047,NONE,BULLISH,112
2026-08-10 13:31:00,NSE:IDFCFIRSTB-EQ,84.67,84.74073979738183,84.81000871331864,-0.06926891593680296,NONE,BEARISH,4987
2026-08-10 13:31:00,NSE:AARTIDRUGS-EQ,421.25,420.84345604691686,418.7650203074884,2.078435739428471,NONE,BULLISH,115
2026-08-10 13:31:00,NSE:BLKASHYAP-EQ,54.8,54.83367398246621,55.391321634269566,-0.5576476518033573,NONE,BEARISH,94
2026-08-10 13:31:00,NSE:MOTHERSON-EQ,169.03,169.26935336247763,168.75645985934645,0.5128935031311812,NONE,BULLISH,4612
2026-08-10 13:31:00,NSE:BOMDYEING-EQ,120.16,120.24487243747217,120.3168937996042,-0.07202136213203403,NONE,BEARISH,110
2026-08-10 13:31:00,NSE:HDFCPSUBK-EQ,87.62,87.76162601073293,88.24501227791934,-0.4833862671864182,NONE,BEARISH,111
2026-08-10 13:31:00,NSE:MOREPENLAB-EQ,79.63,79.95390695952591,80.17518913733743,-0.22128217781151704,NONE,BEARISH,112
2026-08-10 13:31:00,NSE:SBFC-EQ,94.02,93.94585054083566,93.94973912050571,-0.0038885796700469655,NONE,BEARISH,110
2026-08-10 13:31:00,NSE:THOMASCOOK-EQ,106.12,106.22082140478867,105.315277511694,0.9055438930946593,NONE,BULLISH,111
2026-08-10 13:31:00,NSE:WCIL-EQ,88.25,88.45643100942159,88.46873068676668,-0.012299677345083637,NONE,BEARISH,63
2026-08-10 13:31:00,NSE:NEXT50IETF-EQ,78.91,78.85680157887946,78.78504543966343,0.07175613921602064,NONE,BULLISH,110
2026-08-10 13:31:00,NSE:IDFNIFTYET-EQ,272.0,271.7962972852708,271.8920920689272,-0.0957947836564017,NONE,BEARISH,110
2026-08-10 13:31:00,NSE:THEMISMED-EQ,111.19,110.65081233044788,110.55995922380382,0.09085310664406165,NONE,BULLISH,75
2026-08-10 13:31:00,NSE:WEBELSOLAR-EQ,94.53,94.6249420750284,95.39612638829328,-0.7711843132648823,NONE,BEARISH,110
2026-08-10 13:31:00,NSE:HDFCNIFIT-EQ,33.86,33.88338464337343,33.81194955489046,0.07143508848297131,NONE,BULLISH,111
2026-08-10 13:31:00,NSE:NTPCGREEN-EQ,91.97,91.9114104437766,91.699970705454,0.21143973832259633,NONE,BULLISH,112
2026-08-10 13:31:00,NSE:AYE-EQ,176.52,176.46809965404594,173.5703065945678,2.897793059478147,NONE,BULLISH,112
2026-08-10 13:31:00,NSE:WEL-EQ,137.1,133.92576252986686,130.43624072813316,3.4895218017337015,NONE,BULLISH,109
2026-08-10 13:31:00,NSE:TFCILTD-EQ,115.75,115.67700062596649,115.93342372486038,-0.25642309889389026,NONE,BEARISH,4612
2026-08-10 13:31:00,NSE:HLEGLAS-EQ,468.0,468.8126024712633,468.49542518764434,0.31717728361894615,NONE,BULLISH,111
2026-08-10 13:31:00,NSE:AYMSYNTEX-EQ,259.0,256.3515362373461,251.72415246476731,4.62738377257881,NONE,BULLISH,75
2026-08-10 13:31:00,NSE:WELSPLSOL-EQ,48.61,48.737870794997825,49.28728049481491,-0.5494096998170832,NONE,BEARISH,109
2026-08-10 13:31:00,NSE:BORANA-EQ,344.95,342.9953116523787,340.8361427319985,2.159168920380182,NONE,BULLISH,75
2026-08-10 13:31:00,NSE:ABSLBANETF-EQ,59.09,59.14476067416504,59.2529264080968,-0.10816573393175588,NONE,BEARISH,111
2026-08-10 13:31:00,NSE:HDFCNIFTY-EQ,277.69,277.6721481731099,277.55175652901414,0.12039164409577552,NONE,BULLISH,112
2026-08-10 13:31:00,NSE:HGS-EQ,413.85,415.86776783852747,422.14977163550395,-6.282003796976483,NONE,BEARISH,102
2026-08-10 13:31:00,NSE:BLIL-EQ,70.96,70.94309975120275,70.84091741670288,0.10218233449987224,NONE,BULLISH,79
2026-08-10 13:31:00,NSE:MOTOUR-EQ,80.84,80.90033942029937,80.98100791635099,-0.08066849605161508,NONE,BEARISH,111
2026-08-10 13:31:00,NSE:IDBI-EQ,83.7,83.70085564073598,83.9899965440816,-0.2891409033456256,NONE,BEARISH,4987
2026-08-10 13:31:00,NSE:HDFCSENSEX-EQ,89.17,89.11005126852504,89.07456375502818,0.035487513496860856,NONE,BULLISH,111
2026-08-10 13:31:00,NSE:SOMANYCERA-EQ,502.2,502.4410814027892,499.64613128673744,2.79495011605178,NONE,BULLISH,101
2026-08-10 13:31:00,NSE:ZUARI-EQ,227.57,228.40312095414802,228.4034884035204,-0.000367449372390638,SELL,BEARISH,103
2026-08-10 13:31:00,NSE:BHARATWIRE-EQ,194.1,194.14838759383895,197.31505498870817,-3.166667394869222,NONE,BEARISH,109
2026-08-10 13:31:00,NSE:MSUMI-EQ,41.41,41.41138909362318,41.34193453221485,0.06945456140832817,NONE,BULLISH,111
2026-08-10 13:31:00,NSE:NPBET-EQ,284.24,284.17955863570336,283.93865790579684,0.2409007299065138,NONE,BULLISH,111
2026-08-10 13:31:00,NSE:BHARATSE-EQ,236.27,236.80906684512965,238.93186978637635,-2.1228029412467038,NONE,BEARISH,107
2026-08-10 13:31:00,NSE:ICICIB22-EQ,116.71,116.64892453928782,116.68821757603624,-0.03929303674841833,NONE,BEARISH,111
2026-08-10 13:31:00,NSE:HDFCSILVER-EQ,221.05,221.0938179793009,220.33518563835162,0.7586323409492763,NONE,BULLISH,4987
2026-08-10 13:31:00,NSE:BHARATCOAL-EQ,34.09,34.083803146432814,34.13892731956455,-0.055124173131737564,NONE,BEARISH,4986
2026-08-10 13:31:00,NSE:MUFIN-EQ,137.15,137.15294044477963,136.96349231048282,0.18944813429681062,NONE,BULLISH,105
2026-08-10 13:31:00,NSE:HFCL-EQ,215.7,215.7579474572178,212.5712217314338,3.1867257257839867,NONE,BULLISH,112
2026-08-10 13:31:00,NSE:TATASTEEL-EQ,190.82,190.77489933322735,189.66813390444545,1.1067654287818982,NONE,BULLISH,112
2026-08-10 13:31:00,NSE:MUFTI-EQ,87.69,87.93619188213428,87.28383427599361,0.6523576061406686,NONE,BULLISH,110
2026-08-10 13:31:00,NSE:MUKANDLTD-EQ,141.48,141.7309302786788,142.74095183078114,-1.0100215521023301,NONE,BEARISH,93
2026-08-10 13:31:00,NSE:MUNJALAU-EQ,102.82,102.88841106185366,102.85061965291293,0.03779140894073407,NONE,BULLISH,103
2026-08-10 13:31:00,NSE:SOMICONVEY-EQ,93.03,92.04314143012881,91.80129691908405,0.24184451104476068,NONE,BULLISH,51
2026-08-10 13:31:00,NSE:NIFTYIETF-EQ,279.21,279.1528045382422,278.7948155279859,0.35798901025628993,NONE,BULLISH,112
2026-08-10 13:31:00,NSE:ICIL-EQ,426.5,425.9950894444823,427.24956800929016,-1.2544785648078687,NONE,BEARISH,109
2026-08-10 13:31:00,NSE:BHEL-EQ,408.25,407.7218363491401,407.56451933957607,0.15731700956405348,NONE,BULLISH,4611
2026-08-10 13:31:00,NSE:SBIBPB-EQ,50.17,50.23589927269558,50.46659619946134,-0.23069692676575926,NONE,BEARISH,111
2026-08-10 13:31:00,NSE:MOMOMENTUM-EQ,63.45,63.332503468912236,62.986579350531656,0.3459241183805801,NONE,BULLISH,110
2026-08-10 13:31:00,NSE:NSLNISP-EQ,44.47,44.52362396346667,44.333917645959765,0.1897063175069036,NONE,BULLISH,111
2026-08-10 13:31:00,NSE:TATAPOWER-EQ,380.0,379.7825202375224,380.1860301797811,-0.40350994225866543,NONE,BEARISH,112
2026-08-10 13:31:00,NSE:BIRLAPREC-EQ,35.37,35.16900137721883,35.079684127511435,0.08931724970739197,NONE,BULLISH,30
2026-08-10 13:31:00,NSE:MOVALUE-EQ,115.07,115.30216004893146,115.75988733221182,-0.45772728328036294,NONE,BEARISH,110
2026-08-10 13:31:00,NSE:HDFCQUAL-EQ,60.33,60.29114413245638,60.08729659462218,0.20384753783419995,NONE,BULLISH,111
2026-08-10 13:31:00,NSE:HNGSNGBEES-EQ,487.5,487.47103275676824,487.07204147325893,0.3989912835093037,NONE,BULLISH,110
2026-08-10 13:31:00,NSE:MRPL-EQ,163.4,163.46275594708544,164.96894665428658,-1.5061907072011422,NONE,BEARISH,111
2026-08-10 13:31:00,NSE:SBINEQWETF-EQ,34.26,34.26745370093288,34.27618731772696,-0.008733616794074806,NONE,BEARISH,110
2026-08-10 13:31:00,NSE:ASHIKAG-EQ,437.75,443.0113078817525,449.2905642304458,-6.279256348693309,NONE,BEARISH,96
2026-08-10 13:31:00,NSE:SOLARWORLD-EQ,166.85,166.9690158258436,167.93729895899187,-0.968283133148276,NONE,BEARISH,110
2026-08-10 13:31:00,NSE:BAJAJHCARE-EQ,329.95,328.4867427755506,328.5458145347246,-0.05907175917400309,NONE,BEARISH,105
2026-08-10 13:31:00,NSE:BIOFILCHEM-EQ,32.99,32.63556199750275,32.47278649170726,0.16277550579548716,NONE,BULLISH,52
2026-08-10 13:31:00,NSE:ABSL10BANK-EQ,170.1,170.1255666848289,170.2215895240137,-0.0960228391847977,NONE,BEARISH,111
2026-08-10 13:31:00,NSE:BIOCON-EQ,424.6,424.88110948900993,425.34400506256213,-0.4628955735522027,NONE,BEARISH,112
2026-08-10 13:31:00,NSE:SCODATUBES-EQ,142.77,141.05255684539276,141.27645627140052,-0.2238994260077618,NONE,BEARISH,98
2026-08-10 13:31:00,NSE:NRBBEARING-EQ,474.0,472.4147458915271,466.5460753253754,5.868670566151707,NONE,BULLISH,111
2026-08-10 13:31:00,NSE:BIGBLOC-EQ,46.85,46.82745908621228,46.88284664459627,-0.05538755838399112,NONE,BEARISH,87
2026-08-10 13:31:00,NSE:MSCIADD-EQ,30.15,30.15005076113738,30.15422346287028,-0.004172701732901629,NONE,BEARISH,109
2026-08-10 13:31:00,NSE:GOKUL-EQ,40.18,39.862266501476576,39.72778051023463,0.13448599124194516,NONE,BULLISH,39
2026-08-10 13:31:00,NSE:DWARKESH-EQ,42.1,42.010615156491994,41.47489700456825,0.5357181519237457,NONE,BULLISH,111
2026-08-10 13:31:00,NSE:TARMAT-EQ,53.95,53.642337488489694,53.004560947988125,0.6377765405015694,NONE,BULLISH,66
2026-08-10 13:31:00,NSE:PARAGMILK-EQ,220.97,221.31166973061377,221.7751290000713,-0.46345926945753035,NONE,BEARISH,109
2026-08-10 13:31:00,NSE:GAEL-EQ,169.69,170.56403759498943,170.90715677208405,-0.34311917709462136,NONE,BEARISH,4610
2026-08-10 13:31:00,NSE:SURYAROSNI-EQ,247.1,247.4721354618519,249.89885515261926,-2.4267196907673565,NONE,BEARISH,112
2026-08-10 13:31:00,NSE:SHALBY-EQ,163.56,163.13888364769446,161.4944912614425,1.6443923862519512,NONE,BULLISH,95
2026-08-10 13:31:00,NSE:LXCHEM-EQ,179.18,178.90763435480483,177.73112527552692,1.1765090792779063,NONE,BULLISH,111
2026-08-10 13:31:00,NSE:AFCONS-EQ,261.15,263.7979739371604,269.9890887349436,-6.1911147977832,NONE,BEARISH,4611
2026-08-10 13:31:00,NSE:APEX-EQ,377.9,378.1656750065032,378.0728387170548,0.09283628944837119,NONE,BULLISH,109
2026-08-10 13:31:00,NSE:M&MFIN-EQ,411.45,412.1428477372618,410.7512127465425,1.3916349907192966,NONE,BULLISH,112
2026-08-10 13:31:00,NSE:FUSION-EQ,207.5,208.43499758700517,207.61802387354703,0.8169737134581396,NONE,BULLISH,110
2026-08-10 13:31:00,NSE:GPPL-EQ,150.28,150.3894941697786,150.96109807027665,-0.5716039004980473,NONE,BEARISH,112
2026-08-10 13:31:00,NSE:FSL-EQ,275.45,275.607883313765,277.68507174365067,-2.077188429885666,NONE,BEARISH,112
2026-08-10 13:31:00,NSE:PARADEEP-EQ,150.83,150.82786793088158,150.6443843345923,0.18348359628927824,NONE,BULLISH,4611
2026-08-10 13:31:00,NSE:GPTHEALTH-EQ,159.27,159.3088773948125,159.34405992790946,-0.03518253309695751,NONE,BEARISH,88
2026-08-10 13:31:00,NSE:PNBGILTS-EQ,81.42,81.40561861948039,81.15096146225738,0.25465715722300786,NONE,BULLISH,98
2026-08-10 13:31:00,NSE:XCHANGING-EQ,68.24,68.04967846242067,67.71486338761798,0.334815074802691,NONE,BULLISH,94
2026-08-10 13:31:00,NSE:YATRA-EQ,104.19,104.09896648325096,105.29022092578424,-1.1912544425332783,NONE,BEARISH,110
2026-08-10 13:31:00,NSE:MAFANG-EQ,206.32,206.31985533075832,206.30743519796155,0.012420132796762573,NONE,BULLISH,110
2026-08-10 13:31:00,NSE:FMGOETZE-EQ,492.7,493.10351455822575,493.0724996713786,0.03101488684717424,NONE,BULLISH,102
2026-08-10 13:31:00,NSE:AEGISVOPAK-EQ,279.5,280.1986816018121,282.93639084220024,-2.737709240388142,NONE,BEARISH,112
2026-08-10 13:31:00,NSE:GAIL-EQ,170.5,170.5052907304473,171.64373582196166,-1.1384450915143418,NONE,BEARISH,4987
2026-08-10 13:31:00,NSE:FMCGIETF-EQ,53.02,52.997797558336785,53.00008567435067,-0.0022881160138865653,NONE,BEARISH,111
2026-08-10 13:31:00,NSE:ULTRAMAR-EQ,397.0,397.6908130574776,400.01430788566665,-2.323494828189041,NONE,BEARISH,4959
2026-08-10 13:31:00,NSE:UNICHEMLAB-EQ,503.8,502.36064409922017,495.39608591208736,6.964558187132809,NONE,BULLISH,102
2026-08-10 13:31:00,NSE:GENESYS-EQ,223.9,225.53012389563443,226.96035797803222,-1.4302340823977886,NONE,BEARISH,104
2026-08-10 13:31:00,NSE:LTF-EQ,313.85,314.0444492582339,311.5454151207959,2.4990341374380023,NONE,BULLISH,111
2026-08-10 13:31:00,NSE:ITBETA-EQ,333.95,333.747385144986,332.9845778356167,0.7628073093693502,NONE,BULLISH,109
2026-08-10 13:31:00,NSE:GENCON-EQ,39.49,39.47264343536279,39.4715255497691,0.0011178855936933019,NONE,BULLISH,38
2026-08-10 13:31:00,NSE:GEMAROMA-EQ,180.0,181.3105398686374,183.77959459307718,-2.4690547244397862,NONE,BEARISH,88
2026-08-10 13:31:00,NSE:LTFOODS-EQ,427.5,427.4386042735046,427.5121486358431,-0.07354436233850947,NONE,BEARISH,111
2026-08-10 13:31:00,NSE:PNB-EQ,113.63,113.68553861742555,114.22815431547228,-0.5426156980467312,NONE,BEARISH,112
2026-08-10 13:31:00,NSE:SIGIND-EQ,69.32,68.82243870872766,68.5363650978332,0.28607361089446215,NONE,BULLISH,100
2026-08-10 13:31:00,NSE:SUVEN-EQ,336.65,337.1455064591214,329.0892560094821,8.056250449639322,NONE,BULLISH,112
2026-08-10 13:31:00,NSE:AEQUS-EQ,249.29,248.84939608976796,248.8915286154964,-0.042132525728447945,NONE,BEARISH,4612
2026-08-10 13:31:00,NSE:GATEWAY-EQ,57.84,57.944502927489395,57.353964760536314,0.5905381669530811,NONE,BULLISH,110
2026-08-10 13:31:00,NSE:GOPAL-EQ,274.0,274.1523114208966,275.59480351460877,-1.4424920937121897,NONE,BEARISH,110
2026-08-10 13:31:00,NSE:UNIECOM-EQ,84.41,84.78506690272802,84.71937765142768,0.06568925130034131,NONE,BULLISH,107
2026-08-10 13:31:00,NSE:GARUDA-EQ,194.97,195.04404045466296,189.05986498379934,5.984175470863619,NONE,BULLISH,111
2026-08-10 13:31:00,NSE:PARKHOSPS-EQ,290.3,290.24932572214055,291.11427092229,-0.8649452001494637,NONE,BEARISH,110
2026-08-10 13:31:00,NSE:GANESHCP-EQ,162.05,161.62894443417358,161.6052798393608,0.02366459481277161,NONE,BULLISH,101
2026-08-10 13:31:00,NSE:ITBEES-EQ,35.19,35.18246444825572,35.12405833542653,0.05840611282918928,NONE,BULLISH,4986
2026-08-10 13:31:00,NSE:GANDHAR-EQ,238.8,239.38012301368389,241.30611251814355,-1.9259895044596647,NONE,BEARISH,4612
2026-08-10 13:31:00,NSE:SURYODAY-EQ,161.7,161.6950187210287,161.91554451924767,-0.2205257982189721,NONE,BEARISH,105
2026-08-10 13:31:00,NSE:GPIL-EQ,240.18,239.8793387039962,239.83332698801712,0.04601171597909115,NONE,BULLISH,111
2026-08-10 13:31:00,NSE:GPTINFRA-EQ,114.57,114.80083933081451,115.3799707029798,-0.5791313721652926,NONE,BEARISH,87
2026-08-10 13:31:00,NSE:SURYALAXMI-EQ,60.64,60.6234430135768,60.455169353481224,0.1682736600955721,NONE,BULLISH,59
2026-08-10 13:31:00,NSE:MAFATIND-EQ,129.08,129.0165945258054,130.43125839126506,-1.4146638654596586,NONE,BEARISH,98
2026-08-10 13:31:00,NSE:PNCINFRA-EQ,226.22,226.42566972165463,225.50672415192176,0.9189455697328697,NONE,BULLISH,112
2026-08-10 13:31:00,NSE:FINIETF-EQ,33.45,33.43399426051153,33.35070923625205,0.08328502425948159,NONE,BULLISH,111
2026-08-10 13:31:00,NSE:SUPREMEINF-EQ,90.2,90.55666503933446,91.16122555102761,-0.6045605116931512,NONE,BEARISH,56
2026-08-10 13:31:00,NSE:MANAKALUCO-EQ,45.85,45.684315128291786,43.525836853460866,2.1584782748309195,NONE,BULLISH,109
2026-08-10 13:31:00,NSE:FILATEX-EQ,82.73,82.97342081945521,82.97341201365859,8.80579662521086e-06,NONE,BULLISH,4611
2026-08-10 13:31:00,NSE:MANAKCOAT-EQ,115.84,116.06608082154933,115.4218779067316,0.6442029148177397,NONE,BULLISH,99
2026-08-10 13:31:00,NSE:ADVENZYMES-EQ,296.65,298.56787121364795,309.56158959769834,-10.993718384050396,NONE,BEARISH,112
2026-08-10 13:31:00,NSE:FEDFINA-EQ,149.22,149.24922194312325,149.32204759144184,-0.07282564831859872,NONE,BEARISH,111
2026-08-10 13:31:00,NSE:SHADOWFAX-EQ,246.5,245.56912410510716,242.78976335042813,2.7793607546790327,NONE,BULLISH,4612
2026-08-10 13:31:00,NSE:SUNTV-EQ,486.5,486.66101910216037,486.63381235246027,0.027206749700098953,NONE,BULLISH,109
2026-08-10 13:31:00,NSE:UTTAMSUGAR-EQ,258.5,258.1112161845091,255.37586420757,2.7353519769390857,NONE,BULLISH,108
2026-08-10 13:31:00,NSE:MANAKSIA-EQ,58.99,58.78438112828212,57.71337842275057,1.0710027055315479,NONE,BULLISH,60
2026-08-10 13:31:00,NSE:FEDERALBNK-EQ,355.1,354.884069418604,355.6231755668665,-0.7391061482625219,NONE,BEARISH,4987
2026-08-10 13:31:00,NSE:GREENPANEL-EQ,191.05,191.1814913874099,191.86356462903893,-0.6820732416290411,NONE,BEARISH,109
2026-08-10 13:31:00,NSE:MANAPPURAM-EQ,367.65,368.6488277683039,368.32206009148484,0.3267676768190313,NONE,BULLISH,112
2026-08-10 13:31:00,NSE:PAISALO-EQ,70.2,70.17315891438048,69.68546151919192,0.4876973951885617,NONE,BULLISH,4987
2026-08-10 13:31:00,NSE:V2RETAIL-EQ,218.63,218.10194806008394,218.52426114695913,-0.4223130868751923,NONE,BEARISH,111
2026-08-10 13:31:00,NSE:VISAKAIND-EQ,102.5,102.10420295085954,98.83979228901093,3.264410661848615,NONE,BULLISH,4611
2026-08-10 13:31:00,NSE:SUNTECK-EQ,299.6,299.5420321138294,299.3641186965266,0.1779134173028183,NONE,BULLISH,109
2026-08-10 13:31:00,NSE:AMDIND-EQ,46.65,46.85101278212179,46.88072929368538,-0.029716511563584902,NONE,BEARISH,35
2026-08-10 13:31:00,NSE:FINKURVE-EQ,59.95,59.69749983154914,59.12988716412402,0.5676126674251165,NONE,BULLISH,41
2026-08-10 13:31:00,NSE:PANACEABIO-EQ,411.3,412.63992942125714,413.1888731461029,-0.548943724845742,NONE,BEARISH,100
2026-08-10 13:31:00,NSE:MAMATA-EQ,421.65,422.29840797462373,425.08460463775873,-2.7861966631350015,NONE,BEARISH,100
2026-08-10 13:31:00,NSE:UNIONBANK-EQ,182.29,182.40314897997905,182.8607041815707,-0.45755520159164575,NONE,BEARISH,4612
2026-08-10 13:31:00,NSE:FMCGADD-EQ,49.47,49.5156756301305,49.67855670269178,-0.1628810725612766,NONE,BEARISH,111
2026-08-10 13:31:00,NSE:PARACABLES-EQ,69.52,69.15195324191994,68.98911693111665,0.16283631080328576,NONE,BULLISH,110
2026-08-10 13:31:00,NSE:FLAIR-EQ,253.95,253.84065842516307,253.07926824716807,0.761390177994997,NONE,BULLISH,96
2026-08-10 13:31:00,NSE:MAHABANK-EQ,78.49,78.48634981276216,78.33225002719713,0.15409978556502324,NONE,BULLISH,4987
2026-08-10 13:31:00,NSE:GRAUWEIL-EQ,68.35,68.25610215247214,68.98446494288828,-0.728362790416142,NONE,BEARISH,109
2026-08-10 13:31:00,NSE:SURAKSHA-EQ,270.65,271.913834582501,262.9668292840114,8.947005298489614,NONE,BULLISH,110
2026-08-10 13:31:00,NSE:MAHAPEXLTD-EQ,48.84,48.78353911985987,46.68658174517553,2.0969573746843366,NONE,BULLISH,99
2026-08-10 13:31:00,NSE:URBANCO-EQ,139.4,141.61401004269143,142.81940081476503,-1.2053907720735992,NONE,BEARISH,111
2026-08-10 13:31:00,NSE:GOLDIETF-EQ,129.49,129.50032925771146,128.80613701147283,0.6941922462386287,NONE,BULLISH,111
2026-08-10 13:31:00,NSE:FIRSTCRY-EQ,213.42,213.58244962275262,213.92601411567756,-0.3435644929249406,NONE,BEARISH,110
2026-08-10 13:31:00,NSE:GREAVESCOT-EQ,196.1,196.2018133346321,197.60387938252015,-1.4020660478880416,NONE,BEARISH,112
2026-08-10 13:31:00,NSE:FINPIPE-EQ,161.3,161.24627729599084,162.67099357294595,-1.4247162769551096,NONE,BEARISH,110
2026-08-10 13:31:00,NSE:MAHLOG-EQ,412.0,412.4520058856611,408.65168585766924,3.8003200279918588,NONE,BULLISH,110
2026-08-10 13:31:00,NSE:UTLSOLAR-EQ,423.0,411.4334550101861,397.61787865617237,13.815576354013729,NONE,BULLISH,112
2026-08-10 13:31:00,NSE:MAKEINDIA-EQ,169.98,169.94748420136068,169.80998649330814,0.13749770805253547,NONE,BULLISH,111
2026-08-10 13:31:00,NSE:APOLLO-EQ,387.95,388.3245158672364,395.1547647563823,-6.830248889145878,NONE,BEARISH,111
2026-08-10 13:31:00,NSE:SURAJEST-EQ,208.0,208.83262823584857,205.2254807009283,3.607147534920273,NONE,BULLISH,99
2026-08-10 13:31:00,NSE:GREENLAM-EQ,238.55,242.96111030885626,256.5867947908404,-13.62568448198411,NONE,BEARISH,111
2026-08-10 13:31:00,NSE:FINOPB-EQ,157.08,156.91440544053526,155.99779853500496,0.9166069055303012,NONE,BULLISH,108
2026-08-10 13:31:00,NSE:PAR-EQ,103.94,104.02198827954896,101.20735542359063,2.8146328559583367,NONE,BULLISH,80
2026-08-10 13:31:00,NSE:SICAGEN-EQ,66.82,66.899901489306,68.96371667418381,-2.063815184877811,NONE,BEARISH,4834
2026-08-10 13:31:00,NSE:LOWVOL-EQ,213.52,213.52230239824098,213.14177377603608,0.38052862220490624,NONE,BULLISH,111
2026-08-10 13:31:00,NSE:GENUSPOWER-EQ,305.75,305.70412869535994,306.35406328346124,-0.6499345881013028,NONE,BEARISH,111
2026-08-10 13:31:00,NSE:KRBL-EQ,375.75,375.7250220430181,377.3103798988941,-1.5853578558759978,NONE,BEARISH,110
2026-08-10 13:31:00,NSE:VIKRAN-EQ,72.65,72.35053989294295,71.89413382243849,0.4564060705044568,NONE,BULLISH,111
2026-08-10 13:31:00,NSE:GOLDADD-EQ,146.74,146.7683301088226,146.05363959669333,0.7146905121292662,NONE,BULLISH,111
2026-08-10 13:31:00,NSE:SHK-EQ,170.68,170.4473275191097,169.66221905058197,0.7851084685277385,NONE,BULLISH,111
2026-08-10 13:31:00,NSE:LATENTVIEW-EQ,299.4,299.3247403585831,298.50083593368936,0.8239044248937262,NONE,BULLISH,108
2026-08-10 13:31:00,NSE:AEROFLEX-EQ,420.1,419.0202512556731,421.6080244386191,-2.587773182946023,NONE,BEARISH,112
2026-08-10 13:31:00,NSE:VINCOFE-EQ,148.2,148.36180423471654,148.35696763758787,0.004836597128672793,NONE,BULLISH,111
2026-08-10 13:31:00,NSE:PENIND-EQ,161.11,161.6439257722211,161.0058732740566,0.6380524981645124,NONE,BULLISH,102
2026-08-10 13:31:00,NSE:VIPIND-EQ,319.9,319.81745181814864,317.94612696041577,1.8713248577328727,NONE,BULLISH,108
2026-08-10 13:31:00,NSE:GOCLCORP-EQ,428.15,426.8101356445566,432.22124436565286,-5.411108721096241,NONE,BEARISH,110
2026-08-10 13:31:00,NSE:GOLDAXIS-EQ,126.07,126.08608107845822,125.5187935757776,0.5672875026806281,NONE,BULLISH,111
2026-08-10 13:31:00,NSE:XTGLOBAL-EQ,32.0,32.19827563505416,31.958329854200127,0.23994578085403262,NONE,BULLISH,65
2026-08-10 13:31:00,NSE:AEROPLANE-EQ,193.99,194.26411828084824,194.68078958920077,-0.41667130835253374,NONE,BEARISH,103
2026-08-10 13:31:00,NSE:GOACARBON-EQ,381.65,381.5013649225715,382.5429355141412,-1.041570591569723,NONE,BEARISH,75
2026-08-10 13:31:00,NSE:LEMONTREE-EQ,108.24,108.00231043836887,109.12691016898997,-1.1245997306210995,NONE,BEARISH,112
2026-08-10 13:31:00,NSE:SHOPERSTOP-EQ,426.0,426.1047480785905,423.46541479921166,2.6393332793788318,NONE,BULLISH,104
2026-08-10 13:31:00,NSE:SHANTIGOLD-EQ,229.18,229.05595485483056,226.73832713977922,2.3176277150513442,NONE,BULLISH,111
2026-08-10 13:31:00,NSE:GNRL-EQ,102.87,101.34237646958978,97.16802404890856,4.174352420681217,NONE,BULLISH,95
2026-08-10 13:31:00,NSE:LIBERTSHOE-EQ,262.35,262.9411028214992,262.6275637133588,0.31353910814038954,NONE,BULLISH,60
2026-08-10 13:31:00,NSE:PETRONET-EQ,276.4,276.15701365563314,278.11985137494685,-1.9628377193137112,NONE,BEARISH,111
2026-08-10 13:31:00,NSE:VIKRAMSOLR-EQ,160.3,160.31185523527202,161.7867815102361,-1.4749262749640764,NONE,BEARISH,112
2026-08-10 13:31:00,NSE:LASERPOWER-EQ,300.45,300.98595744422425,298.7359900729009,2.2499673713233506,NONE,BULLISH,112
2026-08-10 13:31:00,NSE:PINELABS-EQ,162.07,161.48741018884093,158.33926253213772,3.148147656703202,NONE,BULLISH,112
2026-08-10 13:31:00,NSE:GODIGIT-EQ,268.0,268.06770353376845,269.97556618285637,-1.9078626490879174,NONE,BEARISH,111
2026-08-10 13:31:00,NSE:SHARIABEES-EQ,478.43,478.32005006969365,477.27701560677207,1.0430344629215824,NONE,BULLISH,110
2026-08-10 13:31:00,NSE:KRONOX-EQ,166.29,167.2837125742534,165.79393499953002,1.4897775747233766,NONE,BULLISH,104
2026-08-10 13:31:00,NSE:GOKULAGRO-EQ,228.41,228.40595302197272,228.5737199092609,-0.1677668872881668,NONE,BEARISH,106
2026-08-10 13:31:00,NSE:GODAVARIB-EQ,241.25,242.1474625341407,244.49779895100303,-2.3503364168623477,NONE,BEARISH,107
2026-08-10 13:31:00,NSE:KROSS-EQ,206.5,205.65831305809814,204.19445613025636,1.463856927841789,NONE,BULLISH,111
2026-08-10 13:31:00,NSE:PFOCUS-EQ,284.15,284.29519292056824,286.1150002689681,-1.819807348399877,NONE,BEARISH,111
2026-08-10 13:31:00,NSE:KRISHIVAL-EQ,398.1,393.1120028820664,390.1928011026676,2.9192017793988043,NONE,BULLISH,37
2026-08-10 13:31:00,NSE:GOCOLORS-EQ,328.4,327.78720745012305,325.0484047158211,2.7388027343019417,NONE,BULLISH,106
2026-08-10 13:31:00,NSE:KPIGREEN-EQ,374.2,373.2649111884599,371.80862891033706,1.456282278122842,NONE,BULLISH,110
2026-08-10 13:31:00,NSE:GOLD1-EQ,126.05,126.05237365772884,125.4826691040759,0.5697045536529401,NONE,BULLISH,111
2026-08-10 13:31:00,NSE:KRISHANA-EQ,184.22,183.80831312591388,181.09910764500998,2.709205480903904,NONE,BULLISH,107
2026-08-10 13:31:00,NSE:VGUARD-EQ,321.9,321.8335003548447,321.29560751104333,0.5378928438013872,NONE,BULLISH,4985
2026-08-10 13:31:00,NSE:SHAREINDIA-EQ,169.08,169.29642107114063,168.91883649319263,0.3775845779479994,NONE,BULLISH,109
2026-08-10 13:31:00,NSE:KWIL-EQ,34.9,34.94266019524584,34.93341906145124,0.009241133794603229,NONE,BULLISH,111
2026-08-10 13:31:00,NSE:PFC-EQ,386.2,387.60199198909123,402.64916547716354,-15.047173488072303,NONE,BEARISH,112
2026-08-10 13:31:00,NSE:AERONEU-EQ,84.75,84.59977368818193,84.82228453683139,-0.22251084864946336,NONE,BEARISH,47
2026-08-10 13:31:00,NSE:ANDHRSUGAR-EQ,100.32,102.56763674421887,96.98708023308338,5.580556511135498,NONE,BULLISH,112
2026-08-10 13:31:00,NSE:ANDHRAPAP-EQ,60.62,60.64419809368863,60.23057714273784,0.41362095095078644,NONE,BULLISH,79
2026-08-10 13:31:00,NSE:VIDYAWIRES-EQ,97.02,96.81238881495483,96.12312972723825,0.6892590877165787,NONE,BULLISH,110
2026-08-10 13:31:00,NSE:KTKBANK-EQ,305.35,305.72571674324377,307.78223722071914,-2.056520477475374,NONE,BEARISH,112
2026-08-10 13:31:00,NSE:MANBA-EQ,132.0,131.97675006438845,131.86687193909424,0.10987812529421603,NONE,BULLISH,80
2026-08-10 13:31:00,NSE:GMRP&UI-EQ,96.98,96.87324273643108,97.09671557486459,-0.2234728384335085,NONE,BEARISH,110
2026-08-10 13:31:00,NSE:GMRAIRPORT-EQ,106.45,106.4578754984211,106.81439498341574,-0.35651948499463515,NONE,BEARISH,112
2026-08-10 13:31:00,NSE:GICRE-EQ,354.7,354.90889191980483,356.1145789930848,-1.2056870732799894,NONE,BEARISH,111
2026-08-10 13:31:00,NSE:PLATIND-EQ,229.0,229.43527918936115,226.77973869093728,2.655540498423875,NONE,BULLISH,96
2026-08-10 13:31:00,NSE:20MICRONS-EQ,188.77,189.01565962949746,189.22976386243522,-0.21410423293775693,NONE,BEARISH,108
2026-08-10 13:31:00,NSE:SHANTIGEAR-EQ,400.0,399.9785105364316,400.868123312186,-0.889612775754415,NONE,BEARISH,94
2026-08-10 13:31:00,NSE:SHRINGARMS-EQ,234.4,235.06768009768592,234.08667208108392,0.9810080166020043,NONE,BULLISH,99
2026-08-10 13:31:00,NSE:LLOYDSENGG-EQ,95.52,95.64549210894934,95.97899056674954,-0.3334984578002036,NONE,BEARISH,4986
2026-08-10 13:31:00,NSE:ITIETF-EQ,35.22,35.20145524279888,35.09474469268917,0.10671055010971031,NONE,BULLISH,111
2026-08-10 13:31:00,NSE:ANUHPHR-EQ,77.97,78.01676977115619,78.74737984386442,-0.730610072708231,NONE,BEARISH,72
2026-08-10 13:31:00,NSE:GHCLTEXTIL-EQ,121.36,121.46403998554968,121.61146733944338,-0.1474273538937041,NONE,BEARISH,107
2026-08-10 13:31:00,NSE:LLOYDSENT-EQ,82.05,82.0101923334434,82.64279053531092,-0.6325982018675234,NONE,BEARISH,4612
2026-08-10 13:31:00,NSE:GOLDIAM-EQ,373.2,372.4060241707092,374.7558471005747,-2.3498229298655247,NONE,BEARISH,4612
2026-08-10 13:31:00,NSE:LORDSCHLO-EQ,145.29,144.68325655689623,144.24898145123598,0.4342751056602481,NONE,BULLISH,88
2026-08-10 13:31:00,NSE:SHRIRAMPPS-EQ,85.49,85.491182859298,85.04561691299394,0.44556594630405755,NONE,BULLISH,99
2026-08-10 13:31:00,NSE:GHCL-EQ,434.55,434.61748282721294,435.14277075221094,-0.5252879249979969,NONE,BEARISH,108
2026-08-10 13:31:00,NSE:AMNPLST-EQ,199.32,199.33681788531305,196.60766645669867,2.7291514286143865,NONE,BULLISH,64
2026-08-10 13:31:00,NSE:LOTUSDEV-EQ,184.99,183.63526333614976,184.024010857275,-0.38874752112522515,NONE,BEARISH,4986
2026-08-10 13:31:00,NSE:PATANJALI-EQ,355.35,354.1338043202356,355.2313777011432,-1.0975733809075905,NONE,BEARISH,111
2026-08-10 13:31:00,NSE:GEOJITFSL-EQ,78.54,78.5590157041684,77.71439191537449,0.8446237887939105,NONE,BULLISH,105
2026-08-10 13:31:00,NSE:ITETF-EQ,33.6,33.58315892668281,33.53899475125423,0.044164175428583974,NONE,BULLISH,111
2026-08-10 13:31:00,NSE:GILLANDERS-EQ,91.0,91.10338743339223,90.8130463310205,0.29034110237172683,NONE,BULLISH,42
2026-08-10 13:31:00,NSE:LIQUIDCASE-EQ,115.39,115.39606873932402,115.3902687502272,0.005799989096828995,NONE,BULLISH,4986
2026-08-10 13:31:00,NSE:GOLDETF-EQ,146.6,146.6178557897437,145.9400214876974,0.6778343020462785,NONE,BULLISH,111
2026-08-10 13:31:00,NSE:LINC-EQ,99.01,99.27250567791137,99.61729844700717,-0.3447927690958039,NONE,BEARISH,76
2026-08-10 13:31:00,NSE:LICI-EQ,395.0,394.9739691793653,394.0338524981675,0.9401166811978214,NONE,BULLISH,4611
2026-08-10 13:31:00,NSE:GOLDBEES-EQ,124.84,124.85444378873324,124.07774293352087,0.7767008552123684,NONE,BULLISH,4986
2026-08-10 13:31:00,NSE:SHREDIGCEM-EQ,72.32,71.69937643345254,72.03719557131365,-0.3378191378611035,NONE,BEARISH,86
2026-08-10 13:31:00,NSE:LICMFGOLD-EQ,136.1,135.93456669849846,135.11754164342884,0.817025055069621,NONE,BULLISH,102
2026-08-10 13:31:00,NSE:GLOBECIVIL-EQ,43.12,44.408888827876694,42.62268776239239,1.7862010654843061,NONE,BULLISH,108
2026-08-10 13:31:00,NSE:LICNETFN50-EQ,276.22,276.30121863436284,275.91041807654585,0.39080055781698775,NONE,BULLISH,111
2026-08-10 13:31:00,NSE:KPEL-EQ,296.75,297.6005085565538,299.96121054435383,-2.3607019878000415,NONE,BEARISH,111
2026-08-10 13:31:00,NSE:SHREEPUSHK-EQ,412.85,413.0681611456499,409.6465539377219,3.421607207928048,NONE,BULLISH,65
2026-08-10 13:31:00,NSE:ANGELONE-EQ,294.05,293.35666654060486,292.15172573275487,1.2049408078499937,NONE,BULLISH,111
2026-08-10 13:31:00,NSE:PDSL-EQ,386.4,385.2395414707641,375.29566364041546,9.94387783034864,NONE,BULLISH,110
2026-08-10 13:31:00,NSE:LICNFNHGP-EQ,282.06,281.76295669650517,280.6112876845487,1.1516690119564714,NONE,BULLISH,111
2026-08-10 13:31:00,NSE:GOLDBETA-EQ,127.05,127.02468558307147,126.44885578955399,0.5758297935174852,NONE,BULLISH,111
2026-08-10 13:31:00,NSE:GLOBAL-EQ,101.67,101.86639835910225,101.87284029125976,-0.0064419321575144295,SELL,BEARISH,70
2026-08-10 13:31:00,NSE:LICNMID100-EQ,64.02,64.32357805790551,64.01301149248128,0.31056656542422445,NONE,BULLISH,110
2026-08-10 13:31:00,NSE:GKENERGY-EQ,134.81,134.78856340175628,135.8544002787878,-1.0658368770315292,NONE,BEARISH,112
2026-08-10 13:31:00,NSE:IVZINNIFTY-EQ,283.0,282.9032279876921,282.8371988173554,0.06602917033671929,NONE,BULLISH,111
2026-08-10 13:31:00,NSE:LIKHITHA-EQ,227.0,227.85225141975585,224.93024166252226,2.9220097572335817,NONE,BULLISH,93
2026-08-10 13:31:00,NSE:PCBL-EQ,324.6,324.45842851434736,323.3606910835644,1.0977374307829564,NONE,BULLISH,111
2026-08-10 13:31:00,NSE:SHREYANIND-EQ,142.5,142.10999831176943,142.24868501479045,-0.1386867030210226,NONE,BEARISH,33
2026-08-10 13:31:00,NSE:GIPCL-EQ,164.21,164.4251720848314,161.90877755173176,2.5163945330996285,NONE,BULLISH,109
2026-08-10 13:31:00,NSE:PDMJEPAPER-EQ,97.71,97.64610202476598,97.67852645252029,-0.03242442775430732,NONE,BEARISH,90
2026-08-10 13:31:00,NSE:VAIBHAVGBL-EQ,239.9,239.74904455777786,241.37652278981568,-1.6274782320378165,NONE,BEARISH,108
2026-08-10 13:31:00,NSE:VISL-EQ,36.97,36.96234024588817,36.24509934131916,0.7172409045690102,NONE,BULLISH,112
2026-08-10 13:31:00,NSE:MANCREDIT-EQ,235.69,235.50662534300247,238.7153924018344,-3.2087670588319384,NONE,BEARISH,4596
2026-08-10 13:31:00,NSE:SERVOTECH-EQ,85.1,85.2650068861999,85.02260250662516,0.2424043795747366,NONE,BULLISH,111
2026-08-10 13:31:00,NSE:ADFFOODS-EQ,262.05,261.7266666284991,260.80299244308856,0.9236741854105617,NONE,BULLISH,107
2026-08-10 13:31:00,NSE:INDOUS-EQ,81.21,81.36178890600122,81.52969247860781,-0.1679035726065905,NONE,BEARISH,47
2026-08-10 13:31:00,NSE:MOCAPITAL-EQ,53.36,53.27959900612973,52.86343996884595,0.41615903728377646,NONE,BULLISH,111
2026-08-10 13:31:00,NSE:ELECTCAST-EQ,74.86,75.02543854997694,74.1432551522512,0.8821833977257398,NONE,BULLISH,4986
2026-08-10 13:31:00,NSE:GTPL-EQ,59.21,59.516105652555254,59.69632802810152,-0.18022237554626486,NONE,BEARISH,77
2026-08-10 13:31:00,NSE:AAATECH-EQ,96.37,96.43048646840707,94.27836295393016,2.152123514476912,NONE,BULLISH,89
2026-08-10 13:31:00,NSE:ELECON-EQ,440.0,441.696764557567,440.38784359522174,1.308920962345269,NONE,BULLISH,112
2026-08-10 13:31:00,NSE:MODEFENCE-EQ,106.83,106.96410437890552,106.89414619501561,0.06995818388990926,NONE,BULLISH,111
2026-08-10 13:31:00,NSE:EKC-EQ,114.91,113.73785157532053,113.05440332010849,0.683448255212042,NONE,BULLISH,102
2026-08-10 13:31:00,NSE:PSUBNKIETF-EQ,87.9,88.03864773593709,88.44807258895598,-0.40942485301889064,NONE,BEARISH,111
2026-08-10 13:31:00,NSE:EIHOTEL-EQ,305.45,306.5209691710915,307.48128768528966,-0.9603185141981498,NONE,BEARISH,109
2026-08-10 13:31:00,NSE:SIGMA-EQ,48.77,48.664225132287726,47.672667450572206,0.9915576817155198,NONE,BULLISH,99
2026-08-10 13:31:00,NSE:MOGOLD-EQ,149.35,149.30821976706986,148.50336464075988,0.8048551263099739,NONE,BULLISH,111
2026-08-10 13:31:00,NSE:GUJENERGY-EQ,264.45,264.6559244177558,264.7611349081141,-0.1052104903583313,NONE,BEARISH,111
2026-08-10 13:31:00,NSE:EIHAHOTELS-EQ,298.9,298.7471201722974,300.4734962636955,-1.7263760913980946,NONE,BEARISH,96
2026-08-10 13:31:00,NSE:INDOSTAR-EQ,243.1,242.11274036344102,236.3007729742777,5.811967389163328,NONE,BULLISH,102
2026-08-10 13:31:00,NSE:EIEL-EQ,217.02,217.18011310963757,215.51773731880172,1.6623757908358527,NONE,BULLISH,111
2026-08-10 13:31:00,NSE:TAJGVK-EQ,356.9,356.8887139940321,358.5352884859984,-1.6465744919663052,NONE,BEARISH,99
2026-08-10 13:31:00,NSE:ELLEN-EQ,301.9,302.76951179931166,298.4158322742088,4.353679525102848,NONE,BULLISH,112
2026-08-10 13:31:00,NSE:SYNGENE-EQ,400.45,400.38801976150677,401.72431948486866,-1.3362997233618898,NONE,BEARISH,112
2026-08-10 13:31:00,NSE:MOBIKWIK-EQ,205.5,205.3415251808902,203.50071471538268,1.8408104655075022,NONE,BULLISH,111
2026-08-10 13:31:00,NSE:INDRAMEDCO-EQ,391.05,390.6763803978959,385.65412015630824,5.022260241587674,NONE,BULLISH,111
2026-08-10 13:31:00,NSE:STARCEMENT-EQ,200.34,200.32478836010193,201.11789484104196,-0.7931064809400254,NONE,BEARISH,105
2026-08-10 13:31:00,NSE:GROWWPSUBK-EQ,87.28,87.32935541658287,87.89147336546651,-0.562117948883639,NONE,BEARISH,111
2026-08-10 13:31:00,NSE:EMSLIMITED-EQ,399.6,399.4516847746,401.6881977165471,-2.236512941947126,NONE,BEARISH,107
2026-08-10 13:31:00,NSE:SWIGGY-EQ,281.25,281.2436388117982,281.7137268757003,-0.47008806390209656,NONE,BEARISH,4612
2026-08-10 13:31:00,NSE:SESHAPAPER-EQ,233.55,233.23421039471265,230.8051396493091,2.42907074540355,NONE,BULLISH,96
2026-08-10 13:31:00,NSE:EMMVEE-EQ,326.3,325.79230483076645,323.7085229328034,2.0837818979630356,NONE,BULLISH,112
2026-08-10 13:31:00,NSE:PSUBNKBEES-EQ,96.7,96.85908448112508,97.51934264288963,-0.6602581617645455,NONE,BEARISH,112
2026-08-10 13:31:00,NSE:MMP-EQ,336.4,335.9298979067939,330.87382174183045,5.056076164963429,NONE,BULLISH,99
2026-08-10 13:31:00,NSE:EMIL-EQ,185.5,184.404768437005,171.56839884033732,12.83636959666768,NONE,BULLISH,4612
2026-08-10 13:31:00,NSE:MOIL-EQ,283.2,283.35407626014734,281.06406299853256,2.2900132616147744,NONE,BULLISH,111
2026-08-10 13:31:00,NSE:SSWL-EQ,323.25,321.92597952213833,315.80262900970195,6.123350512436389,NONE,BULLISH,111
2026-08-10 13:31:00,NSE:INDSWFTLAB-EQ,239.23,238.4078195446575,234.4106663408702,3.9971532037873203,NONE,BULLISH,110
2026-08-10 13:31:00,NSE:EMBDL-EQ,64.44,63.371520473625516,62.869242157883235,0.5022783157422808,NONE,BULLISH,111
2026-08-10 13:31:00,NSE:SWSOLAR-EQ,204.21,204.2547109746633,204.67422612655247,-0.4195151518891578,NONE,BEARISH,110
2026-08-10 13:31:00,NSE:EMAMILTD-EQ,409.5,409.57932599226837,411.040733660716,-1.4614076684476345,NONE,BEARISH,111
2026-08-10 13:31:00,NSE:MNC-EQ,35.0,34.97144282090229,34.87638598513416,0.09505683576812629,NONE,BULLISH,111
2026-08-10 13:31:00,NSE:GSFC-EQ,162.08,162.16849118213446,161.81808642807363,0.3504047540608326,NONE,BULLISH,111
2026-08-10 13:31:00,NSE:MOALPHA50-EQ,56.27,56.24187402075505,56.020103977586494,0.2217700431685543,NONE,BULLISH,108
2026-08-10 13:31:00,NSE:ELMDIV-EQ,37.05,37.04024194163906,36.97116694811684,0.06907499352222146,NONE,BULLISH,81
2026-08-10 13:31:00,NSE:STALLION-EQ,252.8,252.47811473349014,256.77167728167205,-4.29356254818191,NONE,BEARISH,4611
2026-08-10 13:31:00,NSE:MMTC-EQ,64.36,64.3806512477966,64.19688954705153,0.18376170074508025,NONE,BULLISH,4987
2026-08-10 13:31:00,NSE:MIDSMALL-EQ,52.43,52.35071208409693,52.20249045270412,0.14822163139281486,NONE,BULLISH,111
2026-08-10 13:31:00,NSE:EGOLD-EQ,150.85,150.82163774093752,150.11164117318825,0.7099965677492719,NONE,BULLISH,110
2026-08-10 13:31:00,NSE:ZEEL-EQ,94.36,94.3225272513867,94.2491040114847,0.07342323990199873,NONE,BULLISH,111
2026-08-10 13:31:00,NSE:MOMENTUM-EQ,31.73,31.668551032496914,31.55444827177823,0.11410276071868353,NONE,BULLISH,111
2026-08-10 13:31:00,NSE:SENSEXAXIS-EQ,81.77,81.6141454680956,81.27991008165118,0.3342353864444192,NONE,BULLISH,111
2026-08-10 13:31:00,NSE:SILVER-EQ,230.83,230.87616020118344,230.54127919262598,0.33488100855745984,NONE,BULLISH,111
2026-08-10 13:31:00,NSE:MOMENTUM30-EQ,31.32,31.305353099453548,31.068092428867892,0.23726067058565548,NONE,BULLISH,111
2026-08-10 13:31:00,NSE:INDOBORAX-EQ,428.0,424.6111414144175,413.0444451088879,11.566696305529604,NONE,BULLISH,110
2026-08-10 13:31:00,NSE:DREAMFOLKS-EQ,69.95,69.64029435524863,69.84588808964544,-0.20559373439681394,NONE,BEARISH,110
2026-08-10 13:31:00,NSE:MOMENTUM50-EQ,54.35,54.31260107599511,54.16746557949735,0.14513549649775825,NONE,BULLISH,111
2026-08-10 13:31:00,NSE:DOLPHIN-EQ,421.0,420.0212630009551,414.8820383507329,5.139224650222218,NONE,BULLISH,87
2026-08-10 13:31:00,NSE:HAPPSTMNDS-EQ,406.7,405.9641608970643,406.30613534896685,-0.3419744519025585,NONE,BEARISH,111
2026-08-10 13:31:00,NSE:MOMGF-EQ,166.93,166.91725448967128,167.338513245899,-0.42125875622772924,NONE,BEARISH,111
2026-08-10 13:31:00,NSE:QGOLDHALF-EQ,125.2,125.18237317089213,124.58573669414352,0.5966364767486141,NONE,BULLISH,111
2026-08-10 13:31:00,NSE:SILVER360-EQ,227.08,227.317831349254,228.10399171226962,-0.7861603630156253,NONE,BEARISH,111
2026-08-10 13:31:00,NSE:TARIL-EQ,299.7,299.9969173263937,299.326934167249,0.6699831591446923,NONE,BULLISH,111
2026-08-10 13:31:00,NSE:INDIQUBE-EQ,185.99,185.99210377807833,184.8728157536447,1.1192880244336436,NONE,BULLISH,103
2026-08-10 13:31:00,NSE:DMCC-EQ,282.0,283.41406241529967,280.7439702620347,2.6700921532649886,NONE,BULLISH,111
2026-08-10 13:31:00,NSE:MOMIDMTM-EQ,65.2,65.12642977677258,64.98508963446977,0.1413401423028091,NONE,BULLISH,110
2026-08-10 13:31:00,NSE:VESUVIUS-EQ,456.65,456.0981439503567,451.99621184860246,4.101932101754244,NONE,BULLISH,104
2026-08-10 13:31:00,NSE:DLINKINDIA-EQ,436.8,436.7507525812615,440.2658391727919,-3.5150865915304053,NONE,BEARISH,110
2026-08-10 13:31:00,NSE:MOMNC-EQ,33.88,33.86678659915773,33.79694266586021,0.06984393329751981,NONE,BULLISH,92
2026-08-10 13:31:00,NSE:DVL-EQ,268.48,268.6672354408637,268.3926393766613,0.2745960642023988,NONE,BULLISH,79
2026-08-10 13:31:00,NSE:WIPRO-EQ,185.65,185.69992039750383,186.46768192587078,-0.7677615283669468,NONE,BEARISH,4611
2026-08-10 13:31:00,NSE:MOM50-EQ,258.06,257.5923118293215,258.0072346634247,-0.4149228341032085,NONE,BEARISH,111
2026-08-10 13:31:00,NSE:DYCL-EQ,419.8,417.47610486817206,410.2862455581487,7.189859310023337,NONE,BULLISH,112
2026-08-10 13:31:00,NSE:MOINFRA-EQ,60.3,60.29452515647929,60.48242001368741,-0.18789485720812138,NONE,BEARISH,110
2026-08-10 13:31:00,NSE:SENSEXETF-EQ,81.14,81.15800549875718,81.14352905329523,0.014476445461951926,NONE,BULLISH,111
2026-08-10 13:31:00,NSE:ADANIPOWER-EQ,208.95,208.7612991707959,208.86810977545875,-0.1068106046628543,NONE,BEARISH,114
2026-08-10 13:31:00,NSE:ARIHANTCAP-EQ,76.0,75.99837657807502,75.74434013611574,0.2540364419592862,NONE,BULLISH,107
2026-08-10 13:31:00,NSE:INDOFARM-EQ,153.26,152.83145995878277,155.25535190641102,-2.423891947628249,NONE,BEARISH,108
2026-08-10 13:31:00,NSE:TALBROAUTO-EQ,437.9,437.2216017799619,437.9387762563939,-0.7171744764320351,NONE,BEARISH,109
2026-08-10 13:31:00,NSE:MOL-EQ,55.3,55.28176222442396,54.127980037514334,1.1537821869096234,NONE,BULLISH,109
2026-08-10 13:31:00,NSE:SIGNPOST-EQ,270.45,269.81144531272435,268.3460555078356,1.46538980488873,NONE,BULLISH,103
2026-08-10 13:31:00,NSE:VMM-EQ,108.22,108.30565434819687,108.44479842870514,-0.13914408050827376,NONE,BEARISH,4987
2026-08-10 13:31:00,NSE:GUJTHEM-EQ,369.5,368.0992754015489,362.2518764276903,5.84739897385856,NONE,BULLISH,102
2026-08-10 13:31:00,NSE:MOLDTECH-EQ,194.76,196.30424213299915,195.037820277304,1.2664218556951425,NONE,BULLISH,4956
2026-08-10 13:31:00,NSE:WINDMACHIN-EQ,300.55,300.2016368934401,296.0752507289786,4.126386164461508,NONE,BULLISH,4606
2026-08-10 13:31:00,NSE:MOLOWVOL-EQ,37.62,37.61966252983442,37.59423153788611,0.025430991948312,NONE,BULLISH,107
2026-08-10 13:31:00,NSE:EDELWEISS-EQ,119.38,119.02344070990142,118.7906932373839,0.23274747251751648,NONE,BULLISH,110
2026-08-10 13:31:00,NSE:INDOCO-EQ,220.89,219.72013923039034,220.19229364574454,-0.472154415354197,NONE,BEARISH,105
2026-08-10 13:31:00,NSE:TARACHAND-EQ,50.9,50.55667809356748,50.03711063108918,0.5195674624782995,NONE,BULLISH,111
2026-08-10 13:31:00,NSE:EBANKNIFTY-EQ,58.08,58.22273047695494,58.354085656982555,-0.1313551800276116,NONE,BEARISH,110
2026-08-10 13:31:00,NSE:MOM100-EQ,68.93,68.88709579542929,68.52841396844437,0.35868182698492035,NONE,BULLISH,111
2026-08-10 13:31:00,NSE:GULPOLY-EQ,200.45,201.21365692704947,203.17520146917556,-1.9615445421260915,NONE,BEARISH,111
2026-08-10 13:31:00,NSE:MOM30IETF-EQ,31.89,31.84625696945807,31.684298569697734,0.1619583997603371,NONE,BULLISH,111
2026-08-10 13:31:00,NSE:EFCIL-EQ,184.09,184.61826338001188,185.3302124106033,-0.7119490305914269,NONE,BEARISH,105
2026-08-10 13:31:00,NSE:ARIS-EQ,136.0,136.1435731261522,134.54860918709747,1.594963939054736,NONE,BULLISH,110
2026-08-10 13:31:00,NSE:MIDHANI-EQ,438.5,438.201091877813,436.89729447278984,1.303797405023147,NONE,BULLISH,110
2026-08-10 13:31:00,NSE:MIDCAPBETA-EQ,237.97,237.5704909867246,237.24170964377387,0.3287813429507196,NONE,BULLISH,111
2026-08-10 13:31:00,NSE:GROWW-EQ,193.7,193.05161742799868,191.74530044482972,1.306316983168955,NONE,BULLISH,4612
2026-08-10 13:31:00,NSE:EVINDIA-EQ,34.38,34.373506448302884,34.30031232764262,0.07319412066026132,NONE,BULLISH,111
2026-08-10 13:31:00,NSE:IT-EQ,35.16,35.18672159799334,35.08498823243086,0.10173336556248103,NONE,BULLISH,110
2026-08-10 13:31:00,NSE:MARSONS-EQ,104.52,104.49967960334827,105.09203383231906,-0.592354228970791,NONE,BEARISH,4612
2026-08-10 13:31:00,NSE:EVIETF-EQ,34.35,34.33100431653574,34.30204141216016,0.028962904375582355,NONE,BULLISH,111
2026-08-10 13:31:00,NSE:MASFIN-EQ,301.5,301.2121863659951,301.4381679559072,-0.22598158991212358,NONE,BEARISH,104
2026-08-10 13:31:00,NSE:GROWWCHEM-EQ,30.81,30.77047440899637,30.74057436218806,0.029900046808311487,NONE,BULLISH,109
2026-08-10 13:31:00,NSE:MASPTOP50-EQ,80.65,80.64944162748849,80.60354190842689,0.045899719061594624,NONE,BULLISH,109
2026-08-10 13:31:00,NSE:APTUS-EQ,257.3,257.5478214258516,259.0408213149077,-1.4929998890560796,NONE,BEARISH,109
2026-08-10 13:31:00,NSE:EVEREADY-EQ,357.75,358.7113255461108,358.83567738131705,-0.12435183520625515,NONE,BEARISH,111
2026-08-10 13:31:00,NSE:SUDARCOLOR-EQ,411.55,411.68668476474875,416.62932240260017,-4.942637637851419,NONE,BEARISH,87
2026-08-10 13:31:00,NSE:ORIENTTECH-EQ,257.75,257.0653726607773,257.77560905757525,-0.7102363967979386,NONE,BEARISH,111
2026-08-10 13:31:00,NSE:INTLCONV-EQ,75.0,75.18296673920574,75.14101784761371,0.0419488915920283,NONE,BULLISH,83
2026-08-10 13:31:00,NSE:HINDOILEXP-EQ,162.58,162.92799506036664,160.01694835038856,2.9110467099780806,NONE,BULLISH,110
2026-08-10 13:31:00,NSE:MASTERTR-EQ,81.15,80.96741663957509,80.35049094009958,0.6169256994755159,NONE,BULLISH,110
2026-08-10 13:31:00,NSE:ADVANIHOTR-EQ,50.49,50.34377160926843,50.2640955096756,0.07967609959283095,NONE,BULLISH,81
2026-08-10 13:31:00,NSE:EUREKAFORB-EQ,452.0,451.6587864008743,451.1831214660791,0.4756649347951907,NONE,BULLISH,109
2026-08-10 13:31:00,NSE:SETFNIF50-EQ,265.16,265.1186421673674,264.8408830772113,0.2777590901561098,NONE,BULLISH,111
2026-08-10 13:31:00,NSE:MATRIMONY-EQ,476.2,477.7959069041752,479.0021141311029,-1.206207226927745,NONE,BEARISH,93
2026-08-10 13:31:00,NSE:MARKSANS-EQ,271.7,270.5168079324093,271.4706860632798,-0.9538781308705211,NONE,BEARISH,112
2026-08-10 13:31:00,NSE:SULA-EQ,154.09,153.96358304627756,155.86255066615973,-1.8989676198821712,NONE,BEARISH,111
2026-08-10 13:31:00,NSE:EXCELSOFT-EQ,77.5,77.92038663181174,80.73451950915094,-2.8141328773392047,NONE,BEARISH,4611
2026-08-10 13:31:00,NSE:MARKOLINES-EQ,181.55,181.2531247528484,179.8220880463018,1.431036706546621,NONE,BULLISH,97
2026-08-10 13:31:00,NSE:APOLLOTYRE-EQ,449.75,449.7204450426436,447.8724988501889,1.8479461924546854,NONE,BULLISH,111
2026-08-10 13:31:00,NSE:MANINFRA-EQ,115.84,115.79714906895163,115.0952262010623,0.7019228678893228,NONE,BULLISH,112
2026-08-10 13:31:00,NSE:PACEDIGITK-EQ,179.15,178.809776676777,180.3675262327724,-1.5577495559954002,NONE,BEARISH,111
2026-08-10 13:31:00,NSE:VIYASH-EQ,277.5,277.6525198928,277.41561689059574,0.23690300220425797,NONE,BULLISH,111
2026-08-10 13:31:00,NSE:GRMOVER-EQ,90.15,90.11608454408868,90.13716700898108,-0.02108246489240173,NONE,BEARISH,4610
2026-08-10 13:31:00,NSE:SUNFLAG-EQ,383.55,382.4948404763706,385.31865031266426,-2.8238098362936626,NONE,BEARISH,106
2026-08-10 13:31:00,NSE:AMBUJACEM-EQ,431.7,431.9600057439453,433.0448382597068,-1.0848325157614909,NONE,BEARISH,112
2026-08-10 13:31:00,NSE:FDC-EQ,368.15,368.25143840375324,368.85781354361944,-0.6063751398662021,NONE,BEARISH,111
2026-08-10 13:31:00,NSE:MANUFGBEES-EQ,167.85,167.85537573770588,166.50509601068828,1.3502797270176075,NONE,BULLISH,111
2026-08-10 13:31:00,NSE:ZAGGLE-EQ,204.43,205.0446997027157,206.08094623931441,-1.0362465365987248,NONE,BEARISH,111
2026-08-10 13:31:00,NSE:POCL-EQ,485.75,486.49614517459395,484.7128278283087,1.78331734628523,NONE,BULLISH,111
2026-08-10 13:31:00,NSE:MARATHON-EQ,387.6,387.5059866818069,386.7823195973823,0.7236670844246191,NONE,BULLISH,81
2026-08-10 13:31:00,NSE:SETL-EQ,280.7,281.0187935334215,280.891308269459,0.12748526396251236,NONE,BULLISH,108
2026-08-10 13:31:00,NSE:MARINE-EQ,353.55,352.0458335844785,344.8993357574008,7.146497827077667,NONE,BULLISH,112
2026-08-10 13:31:00,NSE:OSWALPUMPS-EQ,309.15,309.6607424339043,316.4860460930176,-6.825303659113274,NONE,BEARISH,111
2026-08-10 13:31:00,NSE:EXIDEIND-EQ,485.55,485.63610675109067,487.20189012237046,-1.5657833712797924,NONE,BEARISH,4611
2026-08-10 13:31:00,NSE:ITAXIS-EQ,349.47,349.218241627279,348.9587000788623,0.25954154841667787,NONE,BULLISH,111
2026-08-10 13:31:00,NSE:ADVENTHTL-EQ,145.75,145.99424167740048,147.04949272952862,-1.055251052128142,NONE,BEARISH,76
2026-08-10 13:31:00,NSE:EXICOM-EQ,158.29,157.98117042224868,158.07799407338274,-0.09682365113405922,NONE,BEARISH,111
2026-08-10 13:31:00,NSE:ITADD-EQ,33.67,33.6698055084173,33.58844696106976,0.08135854734754133,NONE,BULLISH,111
2026-08-10 13:31:00,NSE:FCL-EQ,43.07,42.840622648669644,42.38140621546605,0.4592164332035935,NONE,BULLISH,4611
2026-08-10 13:31:00,NSE:INDUSTOWER-EQ,372.15,372.6950963767987,378.14449568068005,-5.449399303881364,NONE,BEARISH,4612
2026-08-10 13:31:00,NSE:ETERNAL-EQ,313.7,314.17545837317704,314.80510430099883,-0.6296459278217981,NONE,BEARISH,112
2026-08-10 13:31:00,NSE:MAWANASUG-EQ,119.2,119.59271579766515,117.67586597081012,1.916849826855028,NONE,BULLISH,106
2026-08-10 13:31:00,NSE:MEDIASSIST-EQ,353.6,353.9869857953108,358.11364433029973,-4.126658534988962,NONE,BEARISH,111
2026-08-10 13:31:00,NSE:EQUAL50-EQ,340.44,341.1467126751995,340.8600071515545,0.28670552364502555,NONE,BULLISH,111
2026-08-10 13:31:00,NSE:MEESHO-EQ,192.08,192.0885764634627,191.8270613021995,0.2615151612631905,NONE,BULLISH,111
2026-08-10 13:31:00,NSE:ORIENTCER-EQ,43.0,43.05273104616413,42.83429415545066,0.21843689071347683,NONE,BULLISH,106
2026-08-10 13:31:00,NSE:GROWWMC150-EQ,236.94,236.72609394200825,233.5185367957602,3.2075571462480355,NONE,BULLISH,111
2026-08-10 13:31:00,NSE:STEELCAS-EQ,334.0,335.671360217639,334.34011640635003,1.3312438112889708,NONE,BULLISH,92
2026-08-10 13:31:00,NSE:PSUBANKADD-EQ,87.79,87.83582241352174,88.21247830060278,-0.3766558870810428,NONE,BEARISH,111
2026-08-10 13:31:00,NSE:EPACKPEB-EQ,252.75,252.10014510397207,249.0533830295943,3.0467620743777672,NONE,BULLISH,110
2026-08-10 13:31:00,NSE:MHRIL-EQ,230.0,229.8875907451529,229.74857843441765,0.13901231073523945,NONE,BULLISH,111
2026-08-10 13:31:00,NSE:UJJIVANSFB-EQ,70.69,70.70524076484827,70.70460469390058,0.0006360709476922466,NONE,BULLISH,4611
2026-08-10 13:31:00,NSE:EPACK-EQ,231.83,232.18597571303215,230.6152147598605,1.570760953171657,NONE,BULLISH,111
2026-08-10 13:31:00,NSE:INFOBEAN-EQ,162.82,163.12336007735897,165.41967386175446,-2.296313784395494,NONE,BEARISH,108
2026-08-10 13:31:00,NSE:ENGINERSIN-EQ,244.5,244.32565524426622,242.93423780170414,1.391417442562073,NONE,BULLISH,112
2026-08-10 13:31:00,NSE:MID150BEES-EQ,243.34,243.2309800282752,242.55881679992547,0.6721632283497456,NONE,BULLISH,111
2026-08-10 13:31:00,NSE:ADSL-EQ,115.8,115.72273753649938,115.31159646505229,0.41114107144709067,NONE,BULLISH,103
2026-08-10 13:31:00,NSE:ENEXT50-EQ,74.23,74.28164608648567,74.39253044809108,-0.11088436160541448,NONE,BEARISH,104
2026-08-10 13:31:00,NSE:GROWWPSE-EQ,98.81,98.9188589474638,99.26771776437627,-0.34885881691246823,NONE,BEARISH,111
2026-08-10 13:31:00,NSE:AGIIL-EQ,301.5,301.49013069578535,302.33369577178087,-0.8435650759955138,NONE,BEARISH,112
2026-08-10 13:31:00,NSE:ENERGY-EQ,38.96,38.93483779400881,38.92256491323994,0.012272880768868788,NONE,BULLISH,111
2026-08-10 13:31:00,NSE:EQUAL50ADD-EQ,352.81,352.85753863209993,352.40356559179156,0.4539730403083695,NONE,BULLISH,111
2026-08-10 13:31:00,NSE:SETFGOLD-EQ,128.72,128.77912754886935,128.17003949929904,0.6090880495703175,NONE,BULLISH,111
2026-08-10 13:31:00,NSE:INFRAIETF-EQ,97.72,97.79089080861029,97.74752239876666,0.04336840984362311,NONE,BULLISH,111
2026-08-10 13:31:00,NSE:EQUITASBNK-EQ,76.57,76.37727120688932,75.71698283726936,0.6602883696199626,NONE,BULLISH,111
2026-08-10 13:31:00,NSE:ESTER-EQ,98.75,98.07903258296913,92.5189730250085,5.560059557960628,NONE,BULLISH,111
2026-08-10 13:31:00,NSE:PSUBANK-EQ,86.93,87.03694224852498,87.305380423789,-0.26843817526402347,NONE,BEARISH,111
2026-08-10 13:31:00,NSE:5PAISA-EQ,381.75,382.77160738238325,376.40761347923416,6.363993903149094,NONE,BULLISH,109
2026-08-10 13:31:00,NSE:ESILVER-EQ,230.64,230.68833498683367,230.65517227399292,0.03316271284074901,NONE,BULLISH,111
2026-08-10 13:31:00,NSE:INOXWIND-EQ,74.65,74.65439775937412,76.16962536670015,-1.5152276073260253,NONE,BEARISH,112
2026-08-10 13:31:00,NSE:STYL-EQ,418.15,417.94747177883016,413.483785849351,4.463685929479141,NONE,BULLISH,112
2026-08-10 13:31:00,NSE:GROWWEV-EQ,34.25,34.25290416532445,34.17393805044422,0.07896611488023098,NONE,BULLISH,111
2026-08-10 13:31:00,NSE:MAXIND-EQ,169.65,169.2357388525429,170.02087410889635,-0.785135256353442,NONE,BEARISH,83
2026-08-10 13:31:00,NSE:ESG-EQ,42.45,42.452678948921545,42.40835649343471,0.04432245548683511,NONE,BULLISH,102
2026-08-10 13:31:00,NSE:GROWWDEFNC-EQ,97.56,97.60890616919214,97.45316935894046,0.15573681025168185,NONE,BULLISH,111
2026-08-10 13:31:00,NSE:ORIENTHOT-EQ,126.72,126.80502937602014,127.35958638810207,-0.5545570120819292,NONE,BEARISH,105
2026-08-10 13:31:00,NSE:INNOVISION-EQ,282.65,283.3230420662601,284.2684556139397,-0.9454135476796068,NONE,BEARISH,77
2026-08-10 13:31:00,NSE:MBAPL-EQ,163.7,163.37543256069506,160.98260337301164,2.392829187683418,NONE,BULLISH,111
2026-08-10 13:31:00,NSE:ESAFSFB-EQ,40.03,40.12198620658805,40.15485685570651,-0.03287064911846471,NONE,BEARISH,109
2026-08-10 13:31:00,NSE:GROWWHOSPI-EQ,54.66,54.62393151138879,54.587339915729096,0.03659159565969361,NONE,BULLISH,111
2026-08-10 13:31:00,NSE:STUDDS-EQ,440.0,437.399003508181,435.789711732434,1.6092917757470104,NONE,BULLISH,111
2026-08-10 13:31:00,NSE:MBEL-EQ,284.0,289.4987501629983,296.4981643563288,-6.9994141933304945,NONE,BEARISH,111
2026-08-10 13:31:00,NSE:MCL-EQ,58.99,58.99972328062402,58.6845997169757,0.3151235636483207,NONE,BULLISH,91
2026-08-10 13:31:00,NSE:ORIENTELEC-EQ,190.46,190.09515309238503,189.45835120924866,0.6368018831363713,NONE,BULLISH,109
2026-08-10 13:31:00,NSE:ARCHIDPLY-EQ,95.96,96.195417514156,93.19082366017331,3.0045938539826977,NONE,BULLISH,100
2026-08-10 13:31:00,NSE:ESENSEX-EQ,79.04,79.04108192106129,79.07073842468542,-0.029656503624124753,NONE,BEARISH,110
2026-08-10 13:31:00,NSE:EUROPRATIK-EQ,319.2,319.59712209893974,317.9890990502091,1.6080230487306153,NONE,BULLISH,109
