Timestamp,Symbol,Close,Return_1,Return_5,Volume,Volume_MA5,Volume_MA20,Volume_Ratio
2026-08-10 13:21:00,NSE:ARTNIRMAN-EQ,43.25,0.0,-1.4581909318751474,2851,2843.0,2822.8,1.0099900807708657
2026-08-10 13:21:00,NSE:APCL-EQ,103.96,0.0,0.0,4187,4187.0,4171.95,1.0036074257841059
2026-08-10 13:21:00,NSE:ABMINTLLTD-EQ,43.8,0.0,0.0,398,386.4,767.578947368421,0.5185134393856281
2026-08-10 13:21:00,NSE:ANIKINDS-EQ,43.0,0.02326122354034954,0.02326122354034954,2327,2183.8,1737.5,1.3392805755395683
2026-08-10 13:21:00,NSE:ZODIACLOTH-EQ,76.68,0.0,0.8947368421052815,4928,4927.4,4764.55,1.0343054433262322
2026-08-10 13:21:00,NSE:ZUARIIND-EQ,262.7,0.4588910133843216,-0.019029495718370093,5226,5199.0,5036.45,1.0376356362120145
2026-08-10 13:21:00,NSE:GUJRAFFIA-EQ,40.1,0.0,0.0,162,162.0,812.4,0.19940915805022158
2026-08-10 13:21:00,NSE:HARRMALAYA-EQ,223.0,0.15719739501458552,0.15719739501458552,9688,9604.8,9153.85,1.0583524964905477
2026-08-10 13:21:00,NSE:BSL-EQ,124.2,0.0,0.7707910750507141,1404,1403.2,1357.25,1.0344446491066495
2026-08-10 13:21:00,NSE:GRAVISSHO-EQ,31.1,0.0,0.3225806451612856,518,518.0,687.1,0.7538931742104497
2026-08-10 13:21:00,NSE:GRANDOAK-EQ,42.9,3.5981646945182355,-0.20935101186323468,4659,4656.0,4648.9,1.0021725569489557
2026-08-10 13:21:00,NSE:MONEYBOXX-EQ,61.0,0.0,0.0,1781,1781.0,1085.95,1.6400386758138035
2026-08-10 13:21:00,NSE:BI-EQ,61.98,-0.7843765007203518,-0.8002560819462268,4420,4259.2,3125.95,1.4139701530734659
2026-08-10 13:21:00,NSE:HISARMETAL-EQ,161.49,0.04956322408773417,0.5479110889732963,6941,6796.6,6758.7,1.0269726426679686
2026-08-10 13:21:00,NSE:HGM-EQ,48.72,2.460567823343851,2.460567823343851,2027,1979.4,1188.45,1.7055829020993731
2026-08-10 13:21:00,NSE:NIRAJISPAT-EQ,202.0,0.4975124378109541,0.4975124378109541,35,32.6,34.8,1.0057471264367817
2026-08-10 13:21:00,NSE:NAHARPOLY-EQ,238.0,0.3795866722901664,0.18943380340981086,21654,20797.2,19762.2,1.0957282083978503
2026-08-10 13:21:00,NSE:NORBTEAEXP-EQ,62.8,-3.0864197530864224,-3.071461645315654,508,426.6,966.6470588235294,0.525527901174466
2026-08-10 13:21:00,NSE:DYNPRO-EQ,266.7,0.0,-0.11235955056180247,5620,5549.2,5253.75,1.0697121103973353
2026-08-10 13:21:00,NSE:SURYALA-EQ,400.5,0.0,0.12499999999999734,26380,21120.0,7667.571428571428,3.440463547780076
2026-08-10 13:21:00,NSE:SUPERHOUSE-EQ,159.13,-1.558923600371176,-1.558923600371176,1127,1044.6,1019.65,1.1052812239493943
2026-08-10 13:21:00,NSE:STARTECK-EQ,260.45,0.0,0.0,169,169.0,139.15,1.2145167085878548
2026-08-10 13:21:00,NSE:SHIVAUM-EQ,429.0,0.0,-0.22095592510756878,749,749.0,667.8,1.1215932914046123
2026-08-10 13:21:00,NSE:SHRADHA-EQ,34.0,0.0,0.0,6032,5858.2,5675.0,1.0629074889867842
2026-08-10 13:21:00,NSE:THAKDEV-EQ,140.0,0.0,0.0,6,6.0,337.84615384615387,0.017759562841530054
2026-08-10 13:21:00,NSE:DONEAR-EQ,83.75,0.0,0.0,4955,4907.4,4818.7,1.0282856372050553
2026-08-10 13:21:00,NSE:GANGESSECU-EQ,119.8,0.0,1.0118043844856706,9,6.2,135.55,0.06639616377720398
2026-08-10 13:21:00,NSE:BANG-EQ,30.22,0.0,-0.5593945376768716,12462,12228.8,11065.45,1.126208152402297
2026-08-10 13:21:00,NSE:LGHL-EQ,200.94,0.0,0.0,8726,8726.0,8419.3,1.036428206620503
2026-08-10 13:21:00,NSE:LAHOTIOV-EQ,42.45,0.0,0.0,1688,1688.0,1965.9,0.8586398087389999
2026-08-10 13:21:00,NSE:LAGNAM-EQ,82.6,0.0,-0.8998200359928044,8570,8569.6,8561.45,1.0009986626097214
2026-08-10 13:21:00,NSE:ORIENTBELL-EQ,322.35,-0.0310125600868294,-0.0310125600868294,8361,7981.0,7843.4,1.0659917892750594
2026-08-10 13:21:00,NSE:METROGLOBL-EQ,130.1,0.0,0.0,1448,1448.0,1448.0,1.0
2026-08-10 13:21:00,NSE:PALASHSECU-EQ,90.25,0.0,0.0,962,962.0,916.85,1.0492446965152424
2026-08-10 13:21:00,NSE:PANSARI-EQ,320.3,-0.5742666459723655,-0.2491435689816246,620,603.4,1164.5,0.5324173465006441
2026-08-10 13:21:00,NSE:SONAL-EQ,91.4,0.0,7.466196355085253,29,26.6,33.666666666666664,0.8613861386138615
2026-08-10 13:21:00,NSE:INNOVANA-EQ,337.0,0.0,0.0,474,474.0,474.0,1.0
2026-08-10 13:21:00,NSE:BBTCL-EQ,223.8,0.0,0.0,1037,1037.0,911.35,1.1378723871180116
2026-08-10 13:22:00,NSE:ORICONENT-EQ,53.46,0.0,-1.292466765140321,14101,11992.0,10267.6,1.3733491760489305
2026-08-10 13:22:00,NSE:GSEC10ABSL-EQ,113.27,0.0,0.0,0,0.0,0.0,0.0
2026-08-10 13:22:00,NSE:AFSL-EQ,201.06,0.0,-0.3024743392671114,1541,1451.0,1349.8,1.141650614905912
2026-08-10 13:22:00,NSE:GSEC10IETF-EQ,267.11,0.0,0.0,188,173.2,932.0833333333334,0.20169870362092088
2026-08-10 13:22:00,NSE:GSEC10YEAR-EQ,30.69,0.0,0.0,2483,2483.0,1916.8,1.2953881469115192
2026-08-10 13:22:00,NSE:MOGSEC-EQ,66.23,0.0,0.0,3436,3292.4,2813.55,1.22123296191644
2026-08-10 13:22:00,NSE:UNITEDTEA-EQ,471.0,0.0,0.21276595744681437,383,383.0,364.45,1.0508986143503911
2026-08-10 13:22:00,NSE:INDTERRAIN-EQ,32.15,0.0,0.0,8059,7961.6,7598.2,1.0606459424600563
2026-08-10 13:22:00,NSE:BEEKAY-EQ,390.05,-1.2406633751107732,0.39897039897041076,2961,2936.4,2719.85,1.088662977737743
2026-08-10 13:23:00,NSE:UNIENTER-EQ,96.36,0.0,-0.6393070736234296,3005,2824.2,2543.7,1.1813500019656407
2026-08-10 13:23:00,NSE:NDLVENTURE-EQ,129.06,0.0,0.31869413136416114,3356,3088.8,1321.4,2.5397305887694865
2026-08-10 13:23:00,NSE:SMLT-EQ,68.89,0.0,1.0117302052785826,2834,2833.2,2282.2,1.241784243274034
2026-08-10 13:23:00,NSE:ALPA-EQ,68.23,-0.6117989803350321,-0.6117989803350321,5021,4409.6,3660.4,1.371708010053546
2026-08-10 13:23:00,NSE:INCREDIBLE-EQ,34.49,0.0,0.0,3855,3855.0,3446.3,1.1185909526158488
2026-08-10 13:23:00,NSE:ICDSLTD-EQ,42.8,0.0,0.0,973,973.0,818.35,1.188977821225637
2026-08-10 13:24:00,NSE:BEDMUTHA-EQ,114.0,0.0,1.333333333333342,4410,3759.6,1704.95,2.5865861168949236
2026-08-10 13:24:00,NSE:ABCOTS-EQ,202.19,0.0,0.0,2890,2890.0,2807.55,1.0293672419013018
2026-08-10 13:24:00,NSE:ABGSEC-EQ,114.9,0.0,0.0,16,16.0,277.6666666666667,0.057623049219687875
2026-08-10 13:24:00,NSE:ATAM-EQ,65.6,0.0,0.0,971,971.0,953.3,1.0185670827651316
2026-08-10 13:24:00,NSE:SONAMLTD-EQ,54.42,0.0,-0.14678899082568586,28295,28254.2,26603.95,1.0635638692750513
2026-08-10 13:24:00,NSE:AMJLAND-EQ,38.52,0.0,-0.6960556844547439,4131,3800.4,3099.4,1.332838613925276
2026-08-10 13:24:00,NSE:KRITI-EQ,70.48,0.0,1.2643678160919603,13908,12758.0,10818.8,1.2855399859503827
2026-08-10 13:25:00,NSE:ATLASCYCLE-EQ,97.08,0.0,0.0,2257,2257.0,2246.9,1.0044950821131335
2026-08-10 13:25:00,NSE:SAYAJIHOTL-EQ,312.0,0.0,0.3215434083601254,109,108.6,1192.1666666666667,0.09143016915979309
2026-08-10 13:25:00,NSE:KREBSBIO-EQ,57.4,0.0,0.7194244604316502,4254,4204.0,4018.4,1.0586303006171611
2026-08-10 13:25:00,NSE:QNIFTY-EQ,271.0,0.0,-0.07374631268436405,1072,1002.0,900.45,1.1905158531845188
2026-08-10 13:25:00,NSE:AHLADA-EQ,38.5,-0.12970168612190802,-0.6451612903225823,4537,4424.2,3984.25,1.1387337641965238
2026-08-10 13:25:00,NSE:OBCL-EQ,53.21,0.0,0.0,1706,1706.0,1643.1,1.0382812975473192
2026-08-10 13:25:00,NSE:SHAHALLOYS-EQ,70.85,0.0,0.0,554,554.0,318.2,1.7410433689503457
2026-08-10 13:25:00,NSE:WSI-EQ,60.5,0.0,0.0,14316,14296.0,13558.65,1.0558573309289643
2026-08-10 13:25:00,NSE:ABMKNO-EQ,190.0,0.0,-0.5183517461647247,875,869.0,745.15,1.1742602160638798
2026-08-10 13:25:00,NSE:HPIL-EQ,129.91,0.0,0.0,112,112.0,681.2,0.1644157369348209
2026-08-10 13:26:00,NSE:PATELRMART-EQ,219.5,0.0,-0.14103089031436422,14760,14612.0,14249.45,1.0358294530666095
2026-08-10 13:26:00,NSE:3PLAND-EQ,31.8,0.0,0.0,3840,3840.0,3558.15,1.0792125121200624
2026-08-10 13:26:00,NSE:EUROBOND-EQ,162.75,0.0,0.0,7555,7555.0,7477.95,1.010303625993755
2026-08-10 13:26:00,NSE:SRGHFL-EQ,289.0,0.0,0.0,153,153.0,253.05,0.6046235921754594
2026-08-10 13:26:00,NSE:AARVI-EQ,153.83,0.0,0.0,11211,11210.0,10703.2,1.04744375513865
2026-08-10 13:26:00,NSE:GUJAPOLLO-EQ,365.0,0.0,0.0,2432,2313.2,1971.8,1.233390810427021
2026-08-10 13:26:00,NSE:SINCLAIR-EQ,76.9,0.0,0.0,7439,7202.4,6234.3,1.1932374123798983
2026-08-10 13:26:00,NSE:STEELCITY-EQ,84.01,0.0,0.0,3650,3650.0,3416.55,1.068329162459206
2026-08-10 13:26:00,NSE:HECPROJECT-EQ,135.9,0.0,0.0,3327,3327.0,3170.15,1.0494771540778827
2026-08-10 13:26:00,NSE:ARENTERP-EQ,37.0,0.0,-2.348904724201639,1313,1304.0,1191.3,1.1021573071434567
2026-08-10 13:26:00,NSE:ASPINWALL-EQ,232.07,0.0,0.0,1265,1170.0,1059.45,1.194015762895842
2026-08-10 13:26:00,NSE:XELPMOC-EQ,81.99,0.0,0.47794117647059764,4881,4668.2,4270.5,1.1429574991218827
2026-08-10 13:27:00,NSE:MENNPIS-EQ,75.2,0.0,0.32017075773747017,35960,35636.8,32678.85,1.1004059200369658
2026-08-10 13:27:00,NSE:NKIND-EQ,63.98,0.0,0.0,530,529.8,581.45,0.9115143176541405
2026-08-10 13:27:00,NSE:NIPPOBATRY-EQ,325.7,0.0,-0.48884815154293104,1305,1299.8,1248.4,1.0453380326818327
2026-08-10 13:27:00,NSE:ADL-EQ,71.0,0.666383099390333,2.5122725960150083,209,179.8,266.65,0.7837989874367148
2026-08-10 13:27:00,NSE:NIBL-EQ,34.84,0.0,-0.17191977077362086,6224,6020.4,5664.8,1.098714870780963
2026-08-10 13:27:00,NSE:INDIANCARD-EQ,221.5,0.0,0.0,232,231.6,375.35,0.6180897828693219
2026-08-10 13:27:00,NSE:STARPAPER-EQ,152.61,0.0,-0.9025974025973937,4788,4764.8,4535.4,1.0556951977774838
2026-08-10 13:27:00,NSE:EMKAY-EQ,240.72,0.0,-0.024919013207080898,3712,3680.6,3271.95,1.1344916639924205
2026-08-10 13:27:00,NSE:SILGO-EQ,69.0,0.0,0.2033110659308779,82669,80685.6,70278.65,1.1763031873833663
2026-08-10 13:27:00,NSE:SHREERAMA-EQ,38.01,0.0,0.0,17167,17162.2,16626.1,1.0325331857741744
2026-08-10 13:27:00,NSE:BBNPPGOLD-EQ,146.35,0.0,0.0,6831,6831.0,6599.55,1.0350705729936132
2026-08-10 13:27:00,NSE:21STCENMGM-EQ,42.75,0.0,-0.5813953488372103,8981,8727.8,7269.65,1.235410232954819
2026-08-10 13:27:00,NSE:SRD-EQ,37.0,0.0,-0.29641606036108215,15474,15414.0,15232.8,1.01583425240271
2026-08-10 13:27:00,NSE:BANSWRAS-EQ,124.19,0.0,0.0,10777,10498.0,10053.45,1.0719703186468326
2026-08-10 13:27:00,NSE:BAJAJST-EQ,392.45,0.0,-0.07638446849140834,38456,38444.0,37639.75,1.0216858507296143
2026-08-10 13:27:00,NSE:SUPREME-EQ,43.96,0.4340872743888502,-0.02274277916760603,33072,33061.4,32029.15,1.0325594029189036
2026-08-10 13:27:00,NSE:SOMATEX-EQ,95.05,0.0,-0.10509721492381052,11900,11600.2,10913.95,1.0903476743067357
2026-08-10 13:28:00,NSE:SUKHJITS-EQ,163.98,0.0,0.45947436133064734,5320,5218.0,5051.1,1.0532359288075863
2026-08-10 13:28:00,NSE:BELLACASA-EQ,245.01,0.0,-0.47930460213656545,4210,4172.6,3897.3,1.0802350345110716
2026-08-10 13:28:00,NSE:WEIZMANIND-EQ,78.2,0.0,0.0,422,422.0,579.55,0.7281511517556726
2026-08-10 13:28:00,NSE:BANARBEADS-EQ,115.14,0.0,-0.008684324793750697,1435,1349.8,875.95,1.6382213596666475
2026-08-10 13:28:00,NSE:NAHARCAP-EQ,266.0,0.0,0.37735849056603765,4662,4646.6,4481.65,1.0402418752022136
2026-08-10 13:28:00,NSE:NATHBIOGEN-EQ,156.79,0.0,0.025518341307817494,16377,16377.0,16266.45,1.006796197080494
2026-08-10 13:28:00,NSE:MVGJL-EQ,172.38,0.0,0.22093023255813637,33139,33067.0,30350.75,1.091867581525992
2026-08-10 13:28:00,NSE:ELIN-EQ,96.5,0.0,0.29099979214299854,58101,58029.0,57358.95,1.012936952297767
2026-08-10 13:28:00,NSE:ENIL-EQ,102.1,0.0,0.09803921568627416,48660,46551.0,43545.35,1.117455709966736
2026-08-10 13:28:00,NSE:ZENITHEXPO-EQ,235.92,-0.2958329811512228,0.7731408312331656,8267,8165.8,7697.45,1.0739920363237176
2026-08-10 13:28:00,NSE:GOLD360-EQ,147.4,0.06788866259335169,0.06788866259335169,10769,10727.4,10533.8,1.022328124703336
2026-08-10 13:28:00,NSE:INDBANK-EQ,33.35,0.0,0.15015015015016342,15774,15007.0,13718.95,1.1497964494367279
2026-08-10 13:28:00,NSE:ALLTIME-EQ,218.25,0.0,0.07795304475421982,16590,16475.0,15069.4,1.100906472719551
2026-08-10 13:28:00,NSE:TIPSFILMS-EQ,389.0,-0.06422607578676631,0.6989386487186167,12652,12589.8,12458.75,1.0155111869168256
2026-08-10 13:28:00,NSE:THEINVEST-EQ,99.1,0.0,-0.9000000000000008,266,266.0,174.5,1.524355300859599
2026-08-10 13:28:00,NSE:MEDICAMEQ-EQ,233.0,0.0,0.08161161462136857,11201,11126.2,10764.65,1.040535456331604
2026-08-10 13:28:00,NSE:SHRIKRISH-EQ,42.95,0.0,0.0,80,80.0,79.5,1.0062893081761006
2026-08-10 13:28:00,NSE:MANALIPETC-EQ,65.06,0.0,0.03075030750305796,184501,183987.2,181090.35,1.0188339687896124
2026-08-10 13:28:00,NSE:UCAL-EQ,120.02,0.0,0.0,9850,9850.0,9277.45,1.0617141563683985
2026-08-10 13:28:00,NSE:MODIRUBBER-EQ,124.4,0.0,1.7170891251022224,962,950.2,1082.9,0.8883553421368546
2026-08-10 13:29:00,NSE:PAKKA-EQ,71.65,0.0,-0.20891364902505538,14242,14234.2,13761.8,1.0348936912322517
2026-08-10 13:29:00,NSE:PASHUPATI-EQ,84.06,0.0,0.04760771244942674,4781,4780.2,101849.35,0.04694188033600607
2026-08-10 13:29:00,NSE:SECMARK-EQ,130.0,0.0,2.6045777426992878,642,518.0,167.6,3.8305489260143197
2026-08-10 13:29:00,NSE:SURAJLTD-EQ,220.0,0.0,0.0,186,175.2,142.27777777777777,1.307301835220617
2026-08-10 13:29:00,NSE:SHINDL-EQ,162.36,-0.024630541871917266,-0.3681885125184081,52239,52179.2,51593.45,1.012512247194169
2026-08-10 13:29:00,NSE:PODDARMENT-EQ,263.65,0.0,-0.13257575757577023,3191,2883.2,2522.3,1.265115172659874
2026-08-10 13:29:00,NSE:INTENTECH-EQ,81.8,0.0,-0.012223444566683561,18127,18083.2,17864.1,1.0147166663867757
2026-08-10 13:29:00,NSE:MHLXMIRU-EQ,155.0,0.0,1.3403072899640378,7373,7068.2,6276.35,1.174727349494531
2026-08-10 13:29:00,NSE:MEIL-EQ,274.2,0.07299270072991249,-0.5260293850897879,23893,23717.0,23167.2,1.0313287751648883
2026-08-10 13:29:00,NSE:GROWWLIQID-EQ,110.28,0.0,0.0,195660,195657.2,190649.1,1.0262833656177763
2026-08-10 13:29:00,NSE:ADVANCE-EQ,122.55,0.0,-0.04078303425775198,290894,290873.8,286385.0,1.0157445396930704
2026-08-10 13:29:00,NSE:MEDICO-EQ,46.01,-0.34654537578514555,-0.34654537578514555,399563,399483.0,391873.55,1.0196222735624796
2026-08-10 13:29:00,NSE:ELPROINTL-EQ,175.5,0.0,0.14265335235377208,61476,61165.2,56400.25,1.0899951684611326
2026-08-10 13:29:00,NSE:DTIL-EQ,133.11,0.0,0.0,1506,1506.0,1471.0,1.0237933378653976
2026-08-10 13:29:00,NSE:ARIHANTSUP-EQ,260.9,0.0,-0.4198473282442827,3631,3423.4,2764.3,1.3135332633939876
2026-08-10 13:29:00,NSE:AHLEAST-EQ,143.0,0.0,0.0,3948,3947.2,3740.55,1.055459758591651
2026-08-10 13:29:00,NSE:DJML-EQ,112.9,0.0,-0.08849557522123686,70938,70937.4,70805.7,1.001868493638224
2026-08-10 13:29:00,NSE:MODTHREAD-EQ,47.0,0.0,0.0,1847,1847.0,1377.95,1.3403969665082187
2026-08-10 13:29:00,NSE:MOIPO-EQ,48.33,0.0,0.0,1516,1516.0,1378.5,1.0997461008342402
2026-08-10 13:29:00,NSE:GICHSGFIN-EQ,152.3,0.0,-0.006565557087512275,81728,81724.0,81269.95,1.0056361545688166
2026-08-10 13:29:00,NSE:GILT5BETA-EQ,66.98,0.0,0.0,342,342.0,336.35,1.0167979782964174
2026-08-10 13:29:00,NSE:GFLLIMITED-EQ,49.65,0.0,0.0,40258,40237.8,37140.05,1.0839511524620995
2026-08-10 13:29:00,NSE:LOTUSEYE-EQ,116.0,0.0,0.34602076124568004,6641,6535.6,5439.3,1.22092916367915
2026-08-10 13:29:00,NSE:LOVABLE-EQ,72.37,0.0,-0.4402256156279982,9525,9405.0,8459.35,1.125973035753338
2026-08-10 13:29:00,NSE:VINYLINDIA-EQ,243.2,0.0,0.08230452674897748,4666,4642.4,4481.95,1.0410647151351533
2026-08-10 13:29:00,NSE:LAMBODHARA-EQ,116.5,0.0,0.0,16265,16089.4,15490.35,1.0500085537124726
2026-08-10 13:29:00,NSE:LFIC-EQ,141.99,0.0,0.0,195,195.0,195.6,0.9969325153374233
2026-08-10 13:29:00,NSE:GKSL-EQ,135.42,0.0,-0.0073838883556276436,1093515,1093506.2,1091250.9,1.0020747749211478
2026-08-10 13:29:00,NSE:FEDDERSHOL-EQ,42.98,0.0,0.18648018648017572,62602,62266.4,61423.1,1.0191931048742249
2026-08-10 13:29:00,NSE:MANOMAY-EQ,217.98,0.0,0.03212335367812624,48727,48681.4,47930.2,1.0166241743201574
2026-08-10 13:29:00,NSE:UMIYA-MRO-EQ,89.07,0.0,-0.44707723259194143,4743,4640.6,4081.25,1.162143950995406
2026-08-10 13:29:00,NSE:LTGILTCASE-EQ,30.61,-0.06529546196538671,-0.0979112271540461,132191,131731.8,124585.3,1.061048133286993
2026-08-10 13:29:00,NSE:GYFTR-EQ,163.45,-0.33536585365854243,-0.33536585365854243,47173,47107.4,46177.1,1.021566967176371
2026-08-10 13:29:00,NSE:TEAMGTY-EQ,223.99,0.0,-0.40019565120724687,1364,1363.6,1397.2,0.9762381906670483
2026-08-10 13:29:00,NSE:BONLON-EQ,40.61,0.0,-0.9512195121951228,6968,6960.0,6931.9,1.005207807383257
2026-08-10 13:29:00,NSE:ALGOQUANT-EQ,67.14,0.0,0.0,756422,756245.2,753880.6,1.0033710908597462
2026-08-10 13:29:00,NSE:HEALTHX-EQ,306.55,0.0,0.0,10702,10702.0,10697.05,1.000462744401494
2026-08-10 13:29:00,NSE:TEXMOPIPES-EQ,43.49,0.0,1.0220673635307875,13179,13178.8,13119.2,1.0045582047685835
2026-08-10 13:29:00,NSE:NAHARSPING-EQ,314.15,-0.2856689414378777,-0.317309217832773,24569,24405.4,23180.45,1.059901770673132
2026-08-10 13:29:00,NSE:NATIONSTD-EQ,182.26,0.0,0.0,2806,2772.0,2708.05,1.036169937778106
2026-08-10 13:29:00,NSE:BALPHARMA-EQ,90.11,0.0,0.0,32980,32979.6,31555.75,1.0451344049816595
2026-08-10 13:29:00,NSE:BCONCEPTS-EQ,170.5,0.0,0.0,7428,7215.2,5967.05,1.2448362256056176
2026-08-10 13:29:00,NSE:BCPL-EQ,70.04,0.0,1.126191163730872,1982,1900.0,1684.25,1.1767849191034585
2026-08-10 13:29:00,NSE:NAHARINDUS-EQ,132.5,-0.18832391713747842,-0.18832391713747842,131166,131162.0,130944.6,1.0016907913728401
2026-08-10 13:29:00,NSE:TVTODAY-EQ,114.01,0.0,-0.6795016987542479,20953,20895.2,17761.1,1.1797129682283194
2026-08-10 13:29:00,NSE:ASIANTILES-EQ,54.73,0.0,-0.12773722627736905,2364489,2364009.6,2345588.85,1.0080577420889427
2026-08-10 13:29:00,NSE:HALDER-EQ,265.0,0.0,-1.742677048572483,23776,23742.0,23586.9,1.0080171620687755
2026-08-10 13:29:00,NSE:UFO-EQ,67.42,0.0,0.2527881040892188,16253,16248.6,14475.6,1.1227859294260687
2026-08-10 13:29:00,NSE:TRIGYN-EQ,54.04,0.0,-1.0075105330646705,17342,17264.4,16764.0,1.0344786447148653
2026-08-10 13:29:00,NSE:VSTL-EQ,106.64,0.0,0.0,5121,5080.2,5002.4,1.023708619862466
2026-08-10 13:29:00,NSE:BANKA-EQ,84.5,0.0,0.5952380952380931,2287,2272.6,2138.8,1.0692911913222367
2026-08-10 13:29:00,NSE:HBESD-EQ,75.06,0.0,-1.2368421052631584,25,23.6,953.25,0.026226068712300026
2026-08-10 13:29:00,NSE:BPL-EQ,53.69,0.0,0.3363857222949074,24034,23868.4,22862.95,1.0512204243109484
2026-08-10 13:29:00,NSE:TOTAL-EQ,67.16,0.0,0.014892032762459095,18714,18714.0,18395.85,1.0172946615676906
2026-08-10 13:30:00,NSE:VIDHIING-EQ,315.55,0.0,0.12692368713311808,7915,7915.0,7526.0,1.0516874833909116
2026-08-10 13:30:00,NSE:WORTHPERI-EQ,160.41,0.0,0.043657228389659686,10413,10382.2,10072.5,1.0338049143708117
2026-08-10 13:30:00,NSE:SHBAJRG-EQ,177.99,0.0,-0.0617630544637815,3923,3823.4,3492.55,1.1232480565775722
2026-08-10 13:30:00,NSE:HIMATSEIDE-EQ,79.52,0.0,-0.16321406151915685,245076,245015.4,242500.8,1.0106193464104036
2026-08-10 13:30:00,NSE:GROWWNXT50-EQ,75.01,0.0,0.0,6670,6670.0,6175.5,1.080074487895717
2026-08-10 13:30:00,NSE:SELECTIPO-EQ,48.38,-0.0206654267410622,-0.0206654267410622,28262,28174.0,28075.5,1.0066428024434115
2026-08-10 13:30:00,NSE:HDFCBSE500-EQ,38.3,0.0,0.026116479498550227,1363953,1341898.0,605849.65,2.25130607899171
2026-08-10 13:30:00,NSE:SETF10GILT-EQ,266.78,0.0,-0.003748266426795155,534,518.8,476.95,1.1196142153265543
2026-08-10 13:30:00,NSE:GSEC5IETF-EQ,66.27,0.0,-0.9120813397129224,851,782.0,466.05,1.8259843364445874
2026-08-10 13:30:00,NSE:VGL-EQ,61.46,0.0,-0.06504065040650042,8558,8557.2,8335.4,1.0267053770664876
2026-08-10 13:30:00,NSE:WIPL-EQ,170.0,0.0,0.0,68,36.4,17.05,3.9882697947214076
2026-08-10 13:30:00,NSE:GUFICBIO-EQ,434.0,0.2541002541002646,-0.03455027064378502,142012,141583.2,132938.2,1.0682557759921527
2026-08-10 13:30:00,NSE:ALPHAGEO-EQ,247.5,0.0,-0.1412144442202945,32795,32477.0,30378.25,1.0795552739213088
2026-08-10 13:30:00,NSE:SCILAL-EQ,41.0,0.0,0.0,106117,104339.0,97568.95,1.0876103514488984
2026-08-10 13:30:00,NSE:SHANKARA-EQ,141.76,0.0,0.07059155724975508,30037,30037.0,29463.6,1.0194613014024085
2026-08-10 13:30:00,NSE:GOLDBND-EQ,150.87,0.0,-0.04637604346097168,4605,4605.0,4437.5,1.0377464788732393
2026-08-10 13:30:00,NSE:HEIDELBERG-EQ,155.9,0.0,0.0,25697,25671.8,25341.05,1.0140463792936758
2026-08-10 13:30:00,NSE:GREENPLY-EQ,285.5,0.0,-0.017510068289272596,31457,31199.2,27042.65,1.1632365910885212
2026-08-10 13:30:00,NSE:SHIVATEX-EQ,161.06,0.0,0.0,954,954.0,939.6,1.0153256704980842
2026-08-10 13:30:00,NSE:VRLLOG-EQ,285.3,-0.1749475157452718,-0.08755034144632967,276116,275820.6,273560.25,1.0093425488534975
2026-08-10 13:30:00,NSE:BOROSCI-EQ,138.7,0.0,-0.129608294930883,38684,38641.6,36083.6,1.0720659801128491
2026-08-10 13:30:00,NSE:BLUSPRING-EQ,113.18,0.0,0.0,126857,126857.0,126302.85,1.0043874702748197
2026-08-10 13:30:00,NSE:ASHIANA-EQ,382.3,0.0,0.06543646119618884,38996,38788.6,37053.6,1.052421357169074
2026-08-10 13:30:00,NSE:SMCGLOBAL-EQ,79.02,0.0,-0.45351473922902175,160025,148017.8,129582.15,1.234930891330326
2026-08-10 13:30:00,NSE:SMARTWORKS-EQ,485.45,0.0,0.09278350515464773,76527,76471.8,75379.1,1.0152283590544329
2026-08-10 13:30:00,NSE:SINTERCOM-EQ,84.01,0.0,0.0,3265,3265.0,3212.05,1.016484799427157
2026-08-10 13:30:00,NSE:SINGERIND-EQ,68.43,0.0,-0.5377906976744007,31879,31879.0,30040.7,1.061193647285183
2026-08-10 13:30:00,NSE:BVCL-EQ,41.53,0.0,-0.8830548926014314,2991,2983.4,2903.5,1.0301360427070776
2026-08-10 13:30:00,NSE:CANHLIFE-EQ,151.06,-0.0793755787802608,-0.07276576040218252,169499,169330.4,161608.05,1.048827703817972
2026-08-10 13:30:00,NSE:CANTABIL-EQ,232.6,0.0,0.379768686345594,43613,43373.0,40443.4,1.0783712546422901
2026-08-10 13:30:00,NSE:SILVERTUC-EQ,198.41,0.0352929313300443,0.19694980305018372,226559,226360.8,222178.7,1.0197152112241181
2026-08-10 13:30:00,NSE:CAPITALSFB-EQ,297.3,0.0,-0.2516356316054402,28761,28554.0,28410.95,1.0123209537167888
2026-08-10 13:30:00,NSE:ZODIAC-EQ,251.4,0.0,-0.07949125596183881,4430,4426.0,4098.95,1.0807645860525257
2026-08-10 13:30:00,NSE:SPENCERS-EQ,32.18,0.0,0.0,43279,43279.0,40633.9,1.065095892838246
2026-08-10 13:30:00,NSE:BALMLAWRIE-EQ,174.4,0.09757217471160207,0.04015373142889356,48372,48340.6,45980.25,1.0520168985597076
2026-08-10 13:30:00,NSE:SPMLINFRA-EQ,190.0,-0.010525207872857933,0.03685568367293168,87668,86641.2,84605.25,1.0362004721929194
2026-08-10 13:30:00,NSE:SRTL-EQ,40.5,0.0988630746416197,0.024697456162003917,56539,56479.0,54320.65,1.0408380606638543
2026-08-10 13:30:00,NSE:SREEL-EQ,220.51,0.0,-0.22171945701358053,6988,6988.0,6443.0,1.0845879248797143
2026-08-10 13:30:00,NSE:BHAGCHEM-EQ,279.2,0.0,0.053753807561363054,52598,52584.8,51611.35,1.0191169190497826
2026-08-10 13:30:00,NSE:BIRLAMONEY-EQ,133.51,0.0,0.0,24548,24548.0,23206.75,1.0577956844452583
2026-08-10 13:30:00,NSE:BLAL-EQ,172.26,-0.473769355211473,-0.005804841237599945,4551,4471.0,3465.85,1.3130977970771962
2026-08-10 13:30:00,NSE:SNOWMAN-EQ,39.85,0.0,0.0,94360,94240.0,92009.05,1.0255512908784516
2026-08-10 13:30:00,NSE:DOLATALGO-EQ,72.79,0.11002613120618676,-0.013736263736252585,119484,118661.6,109699.8,1.0891906822072601
2026-08-10 13:30:00,NSE:FOODSIN-EQ,53.64,0.03729951510631491,-0.18608113137328353,36427,36424.6,34906.6,1.0435562329187031
2026-08-10 13:30:00,NSE:FISCHER-EQ,39.03,0.0,0.0,1587563,1587464.0,1565297.45,1.0142244849373516
2026-08-10 13:30:00,NSE:GLOBALVECT-EQ,162.35,0.0,0.0,2829,2829.0,2745.15,1.0305447789738265
2026-08-10 13:30:00,NSE:GILT5YBEES-EQ,66.45,0.0,0.0,315538,315475.8,312677.5,1.0091484037066947
2026-08-10 13:30:00,NSE:VLSFINANCE-EQ,266.55,0.0,0.0,18450,18450.0,18061.65,1.021501357849366
2026-08-10 13:30:00,NSE:ELGIRUBCO-EQ,61.07,-0.08180628272250745,-0.06545573555882811,39776,39730.4,39356.85,1.0106499885026368
2026-08-10 13:30:00,NSE:STANLEY-EQ,144.02,-0.11789999306469623,-0.08325239350629454,126025,125998.0,119587.0,1.0538352830993336
2026-08-10 13:30:00,NSE:ARIES-EQ,347.7,0.0,0.0,7351,7351.0,7120.65,1.0323495748281408
2026-08-10 13:30:00,NSE:DOLLAR-EQ,279.0,-0.03582945180939934,-0.053734551316486634,211267,210388.6,185260.95,1.1403752382787629
2026-08-10 13:30:00,NSE:SILINV-EQ,440.0,0.0,0.0,909,909.0,698.85,1.3007083065035414
2026-08-10 13:30:00,NSE:VMSTMT-EQ,48.5,0.02062280882655365,0.5181347150259086,244927,244700.6,242729.9,1.0090516248719257
2026-08-10 13:30:00,NSE:ARFIN-EQ,88.34,-0.011318619128453111,-0.011318619128453111,1087129,1087075.4,823256.75,1.3205224251122143
2026-08-10 13:30:00,NSE:EMULTIMQ-EQ,41.99,0.0,0.0,23215,23215.0,22010.1,1.0547430497816912
2026-08-10 13:30:00,NSE:SUMIT-EQ,54.14,0.0,0.2592592592592702,19508,19506.0,16944.85,1.151264248429464
2026-08-10 13:30:00,NSE:FABTECH-EQ,148.0,-0.027019724398802403,0.20311442112390665,39184,39122.0,31186.9,1.2564249733060997
2026-08-10 13:30:00,NSE:STCINDIA-EQ,120.02,0.0,0.0,21549,21549.0,21036.45,1.0243648524347027
2026-08-10 13:30:00,NSE:EPL-EQ,230.85,0.0,0.08237232289951546,241235,241210.6,236672.95,1.0192757558478904
2026-08-10 13:30:00,NSE:HEXATRADEX-EQ,160.2,0.0,-0.031201248049927965,747,686.0,646.75,1.1550057982218787
2026-08-10 13:30:00,NSE:MAXESTATES-EQ,415.15,0.0,0.0,54382,54382.0,50453.6,1.0778616392090952
2026-08-10 13:30:00,NSE:MEGASTAR-EQ,321.0,0.0,0.0,2605,2605.0,2568.9,1.0140527073844836
2026-08-10 13:30:00,NSE:MERCURYEV-EQ,35.18,0.0,-0.08520306731042426,120747,120545.6,117226.65,1.0300302874815581
2026-08-10 13:30:00,NSE:ORIENTCEM-EQ,136.82,0.0,0.22708959050619093,184772,184769.4,176468.55,1.047053426800413
2026-08-10 13:30:00,NSE:OSWALAGRO-EQ,39.0,0.0,-0.8894536213468918,102236,102086.4,87216.15,1.1722140910829015
2026-08-10 13:30:00,NSE:MOENERGY-EQ,38.88,0.05146680391148184,0.05146680391148184,86689,86446.4,85145.35,1.018129586642136
2026-08-10 13:30:00,NSE:MOHEALTH-EQ,52.1,0.0,0.0,39272,39153.8,38934.5,1.0086684046282859
2026-08-10 13:30:00,NSE:TAINWALCHM-EQ,206.65,0.0,1.747907434761209,625,624.6,620.4,1.0074145712443585
2026-08-10 13:30:00,NSE:MODIS-EQ,391.5,-0.1784803671596058,-0.3436426116838587,8742,8612.4,8463.6,1.032893804055012
2026-08-10 13:30:00,NSE:MINDTECK-EQ,192.7,0.046726545869879565,-0.516262261228706,17565,17561.0,16400.75,1.0709876072740576
2026-08-10 13:30:00,NSE:MIRZAINT-EQ,33.22,0.030111412225219958,-0.30012004801921455,92640,92333.0,86215.6,1.0745155169134124
2026-08-10 13:30:00,NSE:MANAKSTEEL-EQ,81.26,0.0,-0.7693247038710438,91036,90703.6,88200.6,1.0321471736019936
2026-08-10 13:30:00,NSE:AEROENTER-EQ,127.78,0.0,0.00782656335602816,278514,275967.0,271346.35,1.0264151332789258
2026-08-10 13:30:00,NSE:KSOLVES-EQ,279.75,0.0,0.0,11620,11579.2,11184.3,1.0389563942311992
2026-08-10 13:30:00,NSE:KUANTUM-EQ,88.28,0.0,0.3295829071485512,144720,144208.4,133692.5,1.0824840585672346
2026-08-10 13:30:00,NSE:LAXMIDENTL-EQ,216.8,-0.09216589861750224,-0.04610419548178868,65809,65685.0,64092.55,1.0267808036971535
2026-08-10 13:30:00,NSE:LAOPALA-EQ,192.61,0.0,-0.020763041785620828,122488,122388.0,120793.15,1.0140310108644406
2026-08-10 13:30:00,NSE:LOYALTEX-EQ,213.1,0.0,0.046948356807519076,310,253.0,190.8,1.6247379454926625
2026-08-10 13:30:00,NSE:MAHEPC-EQ,109.18,0.0,-0.00915834783403735,8492,8491.8,8080.75,1.0508925532902267
2026-08-10 13:30:00,NSE:MAHLIFE-EQ,387.9,-0.02577319587629967,0.0,106336,106264.6,104810.45,1.0145553234434161
2026-08-10 13:30:00,NSE:MALUPAPER-EQ,32.35,0.0,-2.0883777239709356,12570,12570.0,5055.75,2.486278000296692
2026-08-10 13:30:00,NSE:PARKHOTELS-EQ,120.89,0.09107468123861207,0.2986808263502949,69682,69503.4,62059.05,1.1228338171467336
2026-08-10 13:30:00,NSE:LTGILTBEES-EQ,30.07,0.0,0.0,1472548,1472492.4,1444394.15,1.0194918056127547
2026-08-10 13:30:00,NSE:MAANALU-EQ,124.39,0.0,-0.6390286764118569,16960,16817.0,16139.4,1.0508445171443797
2026-08-10 13:30:00,NSE:MADHAV-EQ,33.92,0.0,-4.369890047927816,261,220.2,539.4,0.4838709677419355
2026-08-10 13:30:00,NSE:MADRASFERT-EQ,66.69,0.13513513513514486,0.13513513513514486,20209,20202.2,20076.2,1.0066147976210638
2026-08-10 13:30:00,NSE:AARNAV-EQ,31.21,-0.5417463352453744,0.09621552277101486,26858,26575.6,23965.2,1.1207083604559944
2026-08-10 13:30:00,NSE:NOCIL-EQ,169.08,0.0,-0.10634526763557695,177957,177763.0,169490.0,1.0499557496017464
2026-08-10 13:30:00,NSE:NATCAPSUQ-EQ,168.5,0.0,0.23199095830110927,79752,79752.0,79358.5,1.004958511060567
2026-08-10 13:30:00,NSE:MUTHOOTCAP-EQ,258.72,0.0,-0.2890507573129808,10278,10028.0,9889.5,1.0392840891854997
2026-08-10 13:30:00,NSE:MURUDCERA-EQ,31.9,0.03135779241141279,0.0,18868,18441.6,15379.05,1.2268638179861566
2026-08-10 13:30:00,NSE:MSPL-EQ,35.37,0.0,-0.2538071065989911,269315,269165.2,258417.45,1.0421703333114694
2026-08-10 13:30:00,NSE:NORTHARC-EQ,287.35,0.0,0.06965000870626792,523271,522385.4,511753.2,1.0225065519863872
2026-08-10 13:30:00,NSE:MSCIINDIA-EQ,30.49,0.0,0.0,12317,12306.2,9253.15,1.3311142691948148
2026-08-10 13:30:00,NSE:NDTV-EQ,76.25,0.0,0.09188763454974769,44692,44440.2,42688.5,1.0469330147463602
2026-08-10 13:30:00,NSE:NELCAST-EQ,123.74,0.0,0.0,41151,41147.6,37613.55,1.0940472250026918
2026-08-10 13:30:00,NSE:NITIRAJ-EQ,206.5,0.0,0.0,1155,1155.0,1113.55,1.0372232948677653
2026-08-10 13:30:00,NSE:NIITMTS-EQ,245.75,0.0,-0.04067520846043893,75344,75330.8,74579.35,1.0102528380845368
2026-08-10 13:30:00,NSE:TEXINFRA-EQ,113.0,0.0,0.0,65710,64188.4,58233.4,1.1283902365309255
2026-08-10 13:30:00,NSE:TERASOFT-EQ,409.35,0.11005135730008941,0.5033145101890568,15921,15805.6,14463.95,1.1007366590730747
2026-08-10 13:30:00,NSE:NIITLTD-EQ,96.49,-0.010362694300525277,0.0,111700,111338.4,109513.2,1.0199683691098425
2026-08-10 13:30:00,NSE:TCC-EQ,276.75,0.0,0.25357725049810487,5883,5764.8,5516.7,1.0663983903420524
2026-08-10 13:30:00,NSE:ONEPOINT-EQ,59.8,0.0,0.13395847287340779,554783,554629.0,549684.15,1.0092759632963766
2026-08-10 13:30:00,NSE:AARON-EQ,138.39,-0.007225433526025782,0.9261960326720997,18426,18376.4,15305.7,1.2038652266802563
2026-08-10 13:30:00,NSE:ACL-EQ,47.35,0.0,-0.7545587927059283,10096,9673.4,8632.65,1.1695134170851362
2026-08-10 13:30:00,NSE:TARC-EQ,131.74,0.23586700144564432,0.07596475235491784,184510,183064.4,173601.05,1.0628391936569508
2026-08-10 13:30:00,NSE:ACSTECH-EQ,50.6,0.0,0.0,697405,696243.8,574651.15,1.2136145555438287
2026-08-10 13:30:00,NSE:MON50EQUAL-EQ,34.28,0.0,0.0,8414,8412.0,8387.15,1.00320132583774
2026-08-10 13:30:00,NSE:TARSONS-EQ,319.9,0.0,0.0,185024,184870.8,182801.95,1.012155504905719
2026-08-10 13:30:00,NSE:ONWARDTEC-EQ,287.25,0.0,0.0,13473,13473.0,13223.35,1.018879482128205
2026-08-10 13:30:00,NSE:ABSLMSCIN-EQ,30.23,0.0,0.0,643,643.0,527.15,1.2197666698283223
2026-08-10 13:30:00,NSE:OAL-EQ,379.2,0.0,0.0,7749,7749.0,7521.5,1.0302466263378316
2026-08-10 13:30:00,NSE:TOLINS-EQ,102.06,0.05882352941177782,0.05882352941177782,16455,16454.2,15657.2,1.0509541935978335
2026-08-10 13:30:00,NSE:HUBTOWN-EQ,178.23,-0.005610412926404518,-0.2462640622376444,178900,178713.8,176281.55,1.0148537949660643
2026-08-10 13:30:00,NSE:INDOTHAI-EQ,94.62,0.0,0.0,215632,214185.6,204626.9,1.0537812965939473
2026-08-10 13:30:00,NSE:INDORAMA-EQ,58.33,0.0,0.017146776406029574,77488,76918.6,75058.65,1.0323660231032668
2026-08-10 13:30:00,NSE:AIROLAM-EQ,89.0,0.0,0.0,563,563.0,386.25,1.4576051779935275
2026-08-10 13:30:00,NSE:PIGL-EQ,108.82,0.0,0.29493087557603825,41413,41373.0,39767.4,1.0413806283538778
2026-08-10 13:30:00,NSE:INDIACEM-EQ,395.15,0.0,0.03797468354429512,75099,74374.6,71635.9,1.0483430793777981
2026-08-10 13:30:00,NSE:IVZINGOLD-EQ,131.0,0.0,-0.1524390243902385,10047,10029.0,9736.95,1.0318426201223174
2026-08-10 13:30:00,NSE:IGPL-EQ,489.4,0.0,-0.020429009193057013,66670,66649.2,64725.05,1.0300494167250547
2026-08-10 13:30:00,NSE:HPL-EQ,343.0,-0.29069767441860517,-0.3051881993896277,72094,68659.8,63782.45,1.1303109240864846
2026-08-10 13:30:00,NSE:INDIANHUME-EQ,391.7,0.0,0.0,13290,13290.0,12517.75,1.0616923967965488
2026-08-10 13:30:00,NSE:HPAL-EQ,34.11,0.0,0.0,53234,52977.0,50490.15,1.0543442631879683
2026-08-10 13:30:00,NSE:PLASTIBLEN-EQ,199.91,-0.040002000100014534,-0.040002000100014534,42843,42793.6,39598.1,1.0819458509372926
2026-08-10 13:30:00,NSE:KRITINUT-EQ,86.99,0.0,-1.1252557399409113,12869,12869.0,12443.45,1.0341987149865992
2026-08-10 13:30:00,NSE:HINDWAREAP-EQ,219.29,0.0,0.17816354499771148,52823,52757.4,50620.05,1.0435193169504968
2026-08-10 13:31:00,NSE:TREJHARA-EQ,170.9,0.0,-0.5817335660267542,30801,30650.4,28910.2,1.0654025222931698
2026-08-10 13:31:00,NSE:BRIGHOTEL-EQ,59.87,0.0,0.0,85635,85635.0,85094.8,1.0063482139919242
2026-08-10 13:31:00,NSE:IGIL-EQ,354.45,0.08470986869970609,0.09884213499009586,347598,347437.4,342555.45,1.0147203905236364
2026-08-10 13:31:00,NSE:HIKAL-EQ,222.54,0.03596152117233409,-0.08979078746521596,107893,107508.6,104693.05,1.0305650661624626
2026-08-10 13:31:00,NSE:TRANSRAILL-EQ,479.85,-0.12488292226037201,-0.031249999999993783,292562,292253.2,282070.7,1.0371938666440719
2026-08-10 13:31:00,NSE:BPCL-EQ,319.8,0.015637216575448143,0.09389671361501595,2210504,2204865.0,2172081.95,1.0176890425335932
2026-08-10 13:31:00,NSE:TPLPLASTEH-EQ,75.84,0.0,0.34400635088649434,99882,99881.8,92900.35,1.0751520311817986
2026-08-10 13:31:00,NSE:AWFIS-EQ,269.95,0.0,0.0,98253,98239.4,97062.0,1.0122705075106633
2026-08-10 13:31:00,NSE:IGCL-EQ,74.01,0.0,0.0,34129,34013.8,30006.75,1.1373774234130654
2026-08-10 13:31:00,NSE:SIRCA-EQ,455.45,0.010979358805451866,0.1209056935590258,330994,330900.0,317177.55,1.0435606177045003
2026-08-10 13:31:00,NSE:ARVEE-EQ,157.38,0.0,1.3981057921525597,5180,5179.8,5103.75,1.014939995101641
2026-08-10 13:31:00,NSE:HDFCGOLD-EQ,128.92,0.0077573500891992,-0.007756146746307202,2208872,2200347.2,2162508.55,1.0214396608975258
2026-08-10 13:31:00,NSE:WPIL-EQ,434.15,0.03456221198157028,0.03456221198157028,15286,15285.2,12791.45,1.1950169840010318
2026-08-10 13:31:00,NSE:SWANCORP-EQ,308.25,-0.1457725947521804,0.04868549172345471,354063,352627.8,339824.4,1.0418998753473852
2026-08-10 13:31:00,NSE:BSOFT-EQ,318.95,0.0,0.1255689844608332,721518,720801.6,700474.15,1.0300422934950562
2026-08-10 13:31:00,NSE:NIF100BEES-EQ,273.74,0.0,0.02557825117841528,42255,42162.6,35597.25,1.1870298969723785
2026-08-10 13:31:00,NSE:TRUALT-EQ,475.45,0.0,-0.3980307950141482,243138,242513.2,235667.05,1.0317012921407553
2026-08-10 13:31:00,NSE:SBIETFQLTY-EQ,230.76,0.0,0.15624999999999112,2961,2959.8,2764.9,1.0709248074071394
2026-08-10 13:31:00,NSE:BSLSENETFG-EQ,79.28,0.0,0.025233409033553755,10636,10635.6,10506.3,1.0123449739680002
2026-08-10 13:31:00,NSE:TRIVENI-EQ,244.5,0.0,-0.07764927050554205,1398432,1395179.0,1351294.3,1.0348833707061444
2026-08-10 13:31:00,NSE:OLAELEC-EQ,39.78,-0.025131942699163634,-0.05025125628139726,48369984,48322325.6,47028030.3,1.0285351883002423
2026-08-10 13:31:00,NSE:AVTNPL-EQ,71.7,0.0,0.0,33420,33339.0,32904.25,1.015674267001983
2026-08-10 13:31:00,NSE:BSLGOLDETF-EQ,132.7,0.0,-0.030134096730460858,127264,126312.2,122713.1,1.037085690117844
2026-08-10 13:31:00,NSE:IGL-EQ,152.3,0.0,0.06570302233903647,797640,796801.2,790763.4,1.0086961536156074
2026-08-10 13:31:00,NSE:ABSLNN50ET-EQ,78.69,0.0,0.012709710218605785,16562,16560.0,15544.7,1.0654435273758902
2026-08-10 13:31:00,NSE:AASTHA-EQ,73.73,0.0,0.04070556309363482,1841341,1840043.2,1812602.85,1.0158546313661594
2026-08-10 13:31:00,NSE:BSE500IETF-EQ,40.11,0.0,-0.27349577324713437,87358,86168.6,77384.2,1.1288867753365674
2026-08-10 13:31:00,NSE:TRF-EQ,236.69,0.0,-0.08442737135379019,18885,18873.0,17155.8,1.1007939006050433
2026-08-10 13:31:00,NSE:HITECH-EQ,85.0,0.0,0.0,243446,243221.6,235044.05,1.03574627819764
2026-08-10 13:31:00,NSE:OIL-EQ,456.35,-0.021908204622622662,0.16461808604038008,5731177,5716842.6,5631891.3,1.0176291932338963
2026-08-10 13:31:00,NSE:NIACL-EQ,176.75,-0.011314137014206693,-0.09608862762829906,506292,505907.0,496488.3,1.0197460846509374
2026-08-10 13:31:00,NSE:TOUCHWOOD-EQ,67.14,0.0,-3.1448355452971644,2724,2704.4,2551.5,1.0676072898295121
2026-08-10 13:31:00,NSE:TNPL-EQ,154.16,-0.05834683954619724,-0.16837197254241376,72218,72146.0,66823.45,1.0807283969923733
2026-08-10 13:31:00,NSE:BOROLTD-EQ,242.26,0.31469979296065986,0.31469979296065986,29971,29967.8,29637.55,1.0112509299857781
2026-08-10 13:31:00,NSE:TIRUMALCHM-EQ,167.19,0.0,0.05984798611526898,137586,137072.8,132241.25,1.040416662728158
2026-08-10 13:31:00,NSE:AWL-EQ,196.29,0.0,-0.030557677616505075,592817,591091.0,577049.25,1.027324790734933
2026-08-10 13:31:00,NSE:IFCI-EQ,76.15,-0.013130252100823636,0.013133701076961657,13964556,13946162.6,13599567.2,1.0268382658530486
2026-08-10 13:31:00,NSE:ARVINDFASN-EQ,461.15,0.0,0.11940946591402213,122010,121830.4,117228.6,1.0407869751920606
2026-08-10 13:31:00,NSE:TIMETECHNO-EQ,207.01,-0.014489953632146335,-0.014489953632146335,2549895,2544777.0,2509562.45,1.0160715466554737
2026-08-10 13:31:00,NSE:HDFCNEXT50-EQ,76.4,0.0,0.1573151546932383,257395,256375.2,247474.2,1.0400882192972034
2026-08-10 13:31:00,NSE:WAAREEINDO-EQ,314.55,0.0,-0.0952834683182524,126606,126565.4,125609.6,1.0079325147122513
2026-08-10 13:31:00,NSE:NUVOCO-EQ,339.85,0.0,0.08835223089382893,236249,236229.2,223229.4,1.0583238587748747
2026-08-10 13:31:00,NSE:SPORTKING-EQ,212.95,0.0,-0.03286076424749984,362818,361281.4,346754.7,1.0463246785119278
2026-08-10 13:31:00,NSE:TIL-EQ,230.5,0.0,-0.324324324324321,394294,390920.6,367972.25,1.0715318886138832
2026-08-10 13:31:00,NSE:SKMEGGPROD-EQ,238.97,0.06699886939407484,0.31483502644613637,200531,198853.4,166180.9,1.2067030567291428
2026-08-10 13:31:00,NSE:WAKEFIT-EQ,126.08,0.0,-0.2610552962582058,496046,495150.8,490110.15,1.0121112570306898
2026-08-10 13:31:00,NSE:IEX-EQ,126.59,-0.047374654559817486,0.02370417193426899,1459054,1455434.6,1407772.65,1.0364272952738498
2026-08-10 13:31:00,NSE:TI-EQ,501.65,-0.009966115208293047,0.11974852809100156,1154723,1154379.4,1141016.85,1.0120122240087865
2026-08-10 13:31:00,NSE:WALCHANNAG-EQ,235.9,0.016959213092504477,0.029682398337782523,291011,290127.4,283622.2,1.0260515573181506
2026-08-10 13:31:00,NSE:HDFCNIFBAN-EQ,59.38,0.0,-0.016837851490147937,29940,29938.8,28724.35,1.0423212361637426
2026-08-10 13:31:00,NSE:THOMASCOTT-EQ,350.0,0.02857959416977529,0.2004008016031955,1155288,1154851.4,1138949.3,1.0143454146729798
2026-08-10 13:31:00,NSE:SJVN-EQ,67.88,0.0,0.029472443265543546,806306,803759.4,780931.2,1.032493003224868
2026-08-10 13:31:00,NSE:SEIL-EQ,203.36,0.0,-0.03440987071720025,88295,88268.6,87720.15,1.006553226368172
2026-08-10 13:31:00,NSE:VSTIND-EQ,219.78,0.0,-0.05457025920873049,80617,80570.2,75083.8,1.0736936596176538
2026-08-10 13:31:00,NSE:NV20BEES-EQ,142.46,0.0,0.0,11304,11304.0,10791.1,1.0475299089064136
2026-08-10 13:31:00,NSE:SUZLON-EQ,47.3,-0.06338474540460437,-0.04226542688081647,33791646,33694346.6,31066808.55,1.087708959406453
2026-08-10 13:31:00,NSE:ABCAPITAL-EQ,410.95,0.012168410805557528,0.036514118792596584,1350836,1346421.2,1305755.55,1.034524417682927
2026-08-10 13:31:00,NSE:TSFINV-EQ,435.2,0.0,0.1956947162426559,30944,30921.4,29821.4,1.0376441079224985
2026-08-10 13:31:00,NSE:HDFCMOMENT-EQ,31.6,0.0,0.12674271229404788,89716,89394.6,83690.1,1.0720025427141322
2026-08-10 13:31:00,NSE:NYKAA-EQ,328.0,0.0,0.015246226558929266,4911899,4575821.6,3393658.05,1.447375937006971
2026-08-10 13:31:00,NSE:AWHCL-EQ,415.25,0.02408767915211829,-0.14428279427678437,122188,121956.4,119403.85,1.0233170873468485
2026-08-10 13:31:00,NSE:ZENSARTECH-EQ,500.8,-0.029943108094621085,-0.009983028850957254,436905,434284.4,427011.45,1.023169285039078
2026-08-10 13:31:00,NSE:VOGL-EQ,39.1,0.05117707267145999,-0.12771392081736277,153172845,153023850.6,150851089.15,1.0153910446592225
2026-08-10 13:31:00,NSE:HDFCGROWTH-EQ,124.59,0.0,0.02408477842004153,40772,37790.8,34916.2,1.167710117366724
2026-08-10 13:31:00,NSE:IGARASHI-EQ,470.0,0.0,0.06387055567382838,127946,127615.8,123658.65,1.0346708459133267
2026-08-10 13:31:00,NSE:TNPETRO-EQ,99.42,0.0,0.0,170487,170487.0,160584.65,1.0616643620669846
2026-08-10 13:31:00,NSE:SIS-EQ,426.3,0.0,-0.04689331770222349,77521,77256.4,75456.15,1.0273649000114637
2026-08-10 13:31:00,NSE:VRAJ-EQ,125.5,0.0,-0.151165566075262,20330,20270.6,20128.25,1.0100232260628719
2026-08-10 13:31:00,NSE:ALPINETEX-EQ,63.67,0.0,0.1888276947285661,213807,213605.0,208198.25,1.02693946755076
2026-08-10 13:31:00,NSE:TMPV-EQ,347.35,-0.014392630972925868,0.014396775122382799,3445024,3433145.6,3248314.7,1.060557340703473
2026-08-10 13:31:00,NSE:TMCV-EQ,454.55,-0.01099868015838057,-0.03298878381350345,3502528,3495887.2,3448559.25,1.0156496513725262
2026-08-10 13:31:00,NSE:VSSL-EQ,343.55,0.14575134819996283,0.14575134819996283,174355,173478.8,168606.75,1.0340926445708727
2026-08-10 13:31:00,NSE:IFGLEXPOR-EQ,226.0,0.0,0.0,149392,149392.0,148049.25,1.0090696170362228
2026-08-10 13:31:00,NSE:NHPC-EQ,77.16,0.051867219917012264,0.12976901116013018,3183873,3178981.8,3077927.3,1.0344211183935372
2026-08-10 13:31:00,NSE:HBSL-EQ,59.78,0.0,0.13400335008375563,5108,5031.0,4633.9,1.1023112281231793
2026-08-10 13:31:00,NSE:HERITGFOOD-EQ,363.0,0.0,-0.3705228489090273,276302,275487.4,258306.65,1.0696666152420002
2026-08-10 13:31:00,NSE:ARTEMISMED-EQ,319.85,0.0,-0.03125488357554884,371226,370045.6,366223.15,1.013660660173995
2026-08-10 13:31:00,NSE:SAURASHCEM-EQ,62.68,0.0,0.20783373301358488,61608,61508.4,59942.5,1.0277849605872293
2026-08-10 13:31:00,NSE:CONSUMIETF-EQ,126.99,0.0,0.01575175238244242,7373,7325.6,7301.0,1.0098616627859198
2026-08-10 13:31:00,NSE:HINDPETRO-EQ,393.3,0.0,0.025432349949139343,4264893,4249077.2,4011605.5,1.0631386859949215
2026-08-10 13:31:00,NSE:AURUM-EQ,228.52,0.0,0.3469020331093864,192479,192313.0,187362.75,1.027306655138228
2026-08-10 13:31:00,NSE:MONQ50-EQ,144.74,0.0,0.0,9228,9228.0,9039.2,1.0208868041419594
2026-08-10 13:31:00,NSE:NIFTYADD-EQ,259.16,0.0,0.0,2317,2317.0,2310.0,1.003030303030303
2026-08-10 13:31:00,NSE:AMBALALSA-EQ,49.4,0.020247013565488636,0.020247013565488636,580642,580512.0,557939.7,1.0406895225415937
2026-08-10 13:31:00,NSE:ONGC-EQ,239.2,-0.029255652610027383,0.0669344042838027,6297097,6275697.6,6072356.4,1.0370104429311824
2026-08-10 13:31:00,NSE:SILVERAXIS-EQ,229.66,-0.03047055238758478,-0.004354073235512956,332375,332100.2,327571.2,1.0146649033858899
2026-08-10 13:31:00,NSE:CONSUMBEES-EQ,136.42,0.0,0.0,52059,52018.2,51550.35,1.0098670523090532
2026-08-10 13:31:00,NSE:HINDCOMPOS-EQ,418.95,0.0,0.15539086779823297,2773,2769.6,2626.95,1.0555967947619864
2026-08-10 13:31:00,NSE:ACMESOLAR-EQ,364.3,-0.027442371020847123,-0.2191180498493539,342863,339994.4,308265.8,1.1122317169144291
2026-08-10 13:31:00,NSE:IMAGICAA-EQ,49.7,0.18141503729087738,0.020124773596297274,1390745,1389914.6,1385764.25,1.0035942260741681
2026-08-10 13:31:00,NSE:CONSUMAXIS-EQ,126.05,0.0,0.055564375297656454,388,386.0,379.55,1.0222632064286654
2026-08-10 13:31:00,NSE:VEDL-EQ,285.0,-0.05260389268805232,0.0,21164445,21149443.0,20771201.35,1.0189321572389456
2026-08-10 13:31:00,NSE:MOPSE-EQ,100.27,0.0,0.0,1364,1364.0,1352.65,1.008390936310206
2026-08-10 13:31:00,NSE:MONTECARLO-EQ,510.35,0.0,-0.17603911980439424,36085,36037.0,35309.8,1.0219542449971395
2026-08-10 13:31:00,NSE:CPSEETF-EQ,94.05,0.0,0.010633772862611579,778680,775597.0,762295.15,1.0214941023827844
2026-08-10 13:31:00,NSE:NIFTYAXIS-EQ,272.53,0.0,0.011009174311915615,8626,8625.4,8118.75,1.0624788298691301
2026-08-10 13:31:00,NSE:MONEXT50-EQ,74.77,0.0,0.0,8924,8924.0,8197.8,1.0885847422479202
2026-08-10 13:31:00,NSE:SBIMIDMOM-EQ,64.46,0.0,0.0,331750,331750.0,331168.85,1.001754844998254
2026-08-10 13:31:00,NSE:VERANDA-EQ,251.15,0.09964129135113797,0.09964129135113797,90916,90766.4,88066.75,1.0323533001955902
2026-08-10 13:31:00,NSE:SILVERADD-EQ,222.86,0.0,-0.013459554040096133,128533,126000.8,117221.15,1.0965000769912256
2026-08-10 13:31:00,NSE:DIVOPPBEES-EQ,79.82,0.0,0.05013787916769985,47740,44699.0,38174.7,1.2505664746546798
2026-08-10 13:31:00,NSE:MON100-EQ,328.08,0.0,0.0,89548,88285.4,85282.8,1.0500124292354378
2026-08-10 13:31:00,NSE:DIVIDEND-EQ,36.39,0.0,0.0,3053,3053.0,3046.75,1.0020513662098958
2026-08-10 13:31:00,NSE:INA-EQ,109.14,-0.2832343535861148,-0.17378578615201423,386484,381466.6,376806.95,1.0256817184502567
2026-08-10 13:31:00,NSE:VEDPOWER-EQ,36.5,-0.027389756231166462,0.0,46601531,46549468.0,45866674.55,1.01602157682478
2026-08-10 13:31:00,NSE:NIFTYBETA-EQ,273.19,0.0,0.02929222657537256,22896,22893.6,20331.6,1.126128784748864
2026-08-10 13:31:00,NSE:DIGJAMLMTD-EQ,49.6,0.0,1.2244897959183598,19323,19242.6,18086.95,1.0683393275261999
2026-08-10 13:31:00,NSE:DIGITIDE-EQ,104.42,0.0,0.11505273250240755,354174,353914.0,346074.65,1.0234034766776474
2026-08-10 13:31:00,NSE:MONARCH-EQ,391.7,0.012766500702166006,-0.0765306122448961,81742,81411.6,79789.4,1.0244719223355485
2026-08-10 13:31:00,NSE:SENSEXADD-EQ,81.06,0.0,0.0,397,397.0,391.2,1.0148261758691206
2026-08-10 13:31:00,NSE:SILVERAG-EQ,225.02,0.017779358165181947,-0.008887308922844728,109751,109750.2,106684.75,1.028741221214841
2026-08-10 13:31:00,NSE:ATALREAL-EQ,35.08,0.0,0.400686891814539,10901927,10889704.6,9375003.45,1.1628717853965165
2026-08-10 13:31:00,NSE:ATLANTAA-EQ,41.5,1.0716025328787016,1.0716025328787016,154468,153220.4,149594.65,1.0325770340048925
2026-08-10 13:31:00,NSE:DEFENCE-EQ,81.28,-0.02460024600245969,-0.012301636117606485,72685,72580.0,71004.0,1.0236747225508422
2026-08-10 13:31:00,NSE:IKIO-EQ,196.24,0.0,0.22471910112360494,290760,290758.0,288462.7,1.0079639412651964
2026-08-10 13:31:00,NSE:MOQUALITY-EQ,207.71,0.0,0.0,6813,6813.0,6812.9,1.000014678037253
2026-08-10 13:31:00,NSE:SSDL-EQ,54.23,0.4259259259259185,0.4259259259259185,8947,8861.8,8269.75,1.081894857764745
2026-08-10 13:31:00,NSE:SILVERBEES-EQ,221.04,0.004524272723149814,-0.004523863379335413,17894616,17868012.2,17362577.8,1.0306428115760553
2026-08-10 13:31:00,NSE:HARIOMPIPE-EQ,400.55,-0.09976306272602153,-0.08730356697429498,86206,86039.2,84921.8,1.0151221476699739
2026-08-10 13:31:00,NSE:NIFTYBETF-EQ,253.74,0.0,0.04337026377005948,1091,1089.0,1069.65,1.019959799934558
2026-08-10 13:31:00,NSE:TVSSCS-EQ,130.15,0.0,-0.015364523315652967,392908,392407.6,365583.05,1.0747434816794708
2026-08-10 13:31:00,NSE:NIFTY1-EQ,273.08,-0.06952830533903942,0.018313005896786194,54199,54070.0,53001.55,1.0225927354954714
2026-08-10 13:31:00,NSE:SBC-EQ,41.2,0.04856726566295766,0.024277737314903902,2348189,2347404.0,2342070.05,1.0026126246736302
2026-08-10 13:31:00,NSE:OMAXE-EQ,85.62,-0.17488632388946712,-0.11665888940736169,179176,178680.2,175035.25,1.0236566634435065
2026-08-10 13:31:00,NSE:CANBK-EQ,129.41,-0.030899961375041585,0.06185726436247485,15797773,15761268.4,15367775.15,1.0279804881189976
2026-08-10 13:31:00,NSE:HARSHA-EQ,428.65,0.0,-0.08158508158508937,254020,253979.2,252386.85,1.0064708204884685
2026-08-10 13:31:00,NSE:HILINFRA-EQ,45.47,0.13212948689715898,0.02199736031676114,55276,54719.6,47051.95,1.174786592266633
2026-08-10 13:31:00,NSE:CAMPUS-EQ,222.83,-0.02691910808020337,0.058374494836122004,292814,290894.8,282403.95,1.036862267684287
2026-08-10 13:31:00,NSE:TURTLEMINT-EQ,115.09,0.0,0.0782608695652165,243171,241897.2,209792.7,1.1591013414670768
2026-08-10 13:31:00,NSE:IIFLCAPS-EQ,333.85,0.0,0.02996254681648658,104557,104457.4,102120.5,1.0238590684534448
2026-08-10 13:31:00,NSE:SIMPLEXINF-EQ,257.29,0.0,0.194711632072897,501338,501282.4,494574.7,1.013674981757053
2026-08-10 13:31:00,NSE:TTML-EQ,39.11,-0.07664793050587981,-0.10217113665389466,561839,561233.0,547453.2,1.0262776799916413
2026-08-10 13:31:00,NSE:NFL-EQ,72.59,-0.0688325991189398,-0.013774104683184074,420005,419305.0,414073.05,1.0143258538559803
2026-08-10 13:31:00,NSE:AVANTEL-EQ,162.5,-0.030759766225785246,-0.06150061500614923,345165,344249.4,326066.05,1.0585738686993018
2026-08-10 13:31:00,NSE:OMAXAUTO-EQ,200.5,0.0,-0.4518147063204414,300879,300872.0,297343.1,1.0118916497473796
2026-08-10 13:31:00,NSE:UDS-EQ,210.55,-0.1422812425895148,-0.34551306323361564,121370,121227.4,117981.35,1.028721912403952
2026-08-10 13:31:00,NSE:CAMLINFINE-EQ,124.31,-0.17666425760860527,-0.12052064920455852,446066,444339.4,392577.6,1.1362492409144078
2026-08-10 13:31:00,NSE:AUTOIETF-EQ,30.86,0.0,0.0,563860,562991.4,553370.8,1.0189551020762209
2026-08-10 13:31:00,NSE:CAPACITE-EQ,209.3,-0.057301117371777455,-0.062073246430782714,224532,224486.0,220540.9,1.01809687001368
2026-08-10 13:31:00,NSE:ARKADE-EQ,135.5,-0.007379529186035683,-0.007379529186035683,244924,244172.6,236925.55,1.033759339167937
2026-08-10 13:31:00,NSE:COMMOIETF-EQ,102.06,0.0,0.1668465992737289,24127,24099.2,23430.75,1.0297152246513663
2026-08-10 13:31:00,NSE:NIFTY100EW-EQ,36.08,0.0,0.0,22790,22790.0,22617.9,1.0076090176364736
2026-08-10 13:31:00,NSE:MOREALTY-EQ,90.41,0.022126341409434147,0.21059632010640428,526829,523430.4,509209.9,1.0346008590956302
2026-08-10 13:31:00,NSE:CHOICEGOLD-EQ,149.91,0.0,0.2206177296429912,10497,10458.6,9580.2,1.0956973758376651
2026-08-10 13:31:00,NSE:AUTOBEES-EQ,308.67,0.0,0.02592436566319911,286863,286464.8,279087.85,1.0278591490098907
2026-08-10 13:31:00,NSE:UGROCAP-EQ,95.7,0.0,-0.1252348152786409,173367,173341.0,165450.55,1.0478478312704311
2026-08-10 13:31:00,NSE:UGARSUGAR-EQ,46.78,0.0,-0.04273504273503148,783815,783282.8,775393.8,1.0108605459574218
2026-08-10 13:31:00,NSE:CHEMICAL-EQ,30.84,-0.032414910859002166,0.0,273444,272601.0,252119.2,1.0845822134926653
2026-08-10 13:31:00,NSE:OMPOWER-EQ,169.97,0.10011778563014939,0.41354049743014265,26692,26530.4,25105.8,1.0631806196177775
2026-08-10 13:31:00,NSE:SILVERBETA-EQ,223.17,0.0,-0.0313563877441414,389589,389587.2,386527.15,1.0079214357904742
2026-08-10 13:31:00,NSE:UFLEX-EQ,492.6,0.0,0.0,36940,36940.0,34360.9,1.0750591515356116
2026-08-10 13:31:00,NSE:CASTROLIND-EQ,192.55,0.010387991481852765,-0.20730759264057097,3019216,2964500.2,2802363.95,1.0773818297227238
2026-08-10 13:31:00,NSE:OMINFRAL-EQ,87.85,0.0,-0.17045454545455696,35781,34265.4,32916.95,1.0870083649912887
2026-08-10 13:31:00,NSE:SENCO-EQ,400.15,-0.04995628824779885,0.08754377188593399,1299699,1296748.6,1281723.7,1.0140243174094385
2026-08-10 13:31:00,NSE:AJMERA-EQ,123.65,0.0,-0.20177562550444117,115531,115269.6,113484.95,1.0180292629110732
2026-08-10 13:31:00,NSE:UEL-EQ,270.67,0.0,0.0,36531,36525.6,36433.8,1.002667852378835
2026-08-10 13:31:00,NSE:IITL-EQ,147.4,0.0,0.1290673187962721,92307,91645.6,86976.55,1.0612860592883944
2026-08-10 13:31:00,NSE:WANBURY-EQ,252.7,-0.11857707509881354,-0.03955696202532222,280519,276457.0,267851.15,1.047294364799255
2026-08-10 13:31:00,NSE:NIFTYETF-EQ,267.75,0.0,-0.07091139807419156,62383,62374.2,59849.1,1.04233814710664
2026-08-10 13:31:00,NSE:NURECA-EQ,329.15,-0.19708914493633545,-0.1516760200212297,19438,19428.4,18583.95,1.04595632252562
2026-08-10 13:31:00,NSE:NMDC-EQ,85.7,0.03501809268122713,-0.05830903790087216,17130430,17106067.0,16255476.05,1.0538251815762725
2026-08-10 13:31:00,NSE:ASIANHOTNR-EQ,317.0,0.03155569580310935,0.03155569580310935,14572,14568.0,14557.25,1.0010132408250185
2026-08-10 13:31:00,NSE:SOUTHBANK-EQ,46.1,0.0,0.23918243096325842,8322618,8290161.4,7895272.35,1.0541267775265537
2026-08-10 13:31:00,NSE:BBNPNBETF-EQ,58.0,0.0,0.0,1779,1779.0,1779.0,1.0
2026-08-10 13:31:00,NSE:NATIONALUM-EQ,385.3,0.0,-0.05188067444876765,4241797,4235192.6,4173636.1,1.0163312992237152
2026-08-10 13:31:00,NSE:HEALTHAXIS-EQ,169.6,0.0,0.0,8387,8387.0,7952.35,1.0546567995623934
2026-08-10 13:31:00,NSE:BATLIBOI-EQ,88.27,-0.022652622041008375,-0.12446254808780033,74233,73769.6,72658.6,1.021668460443774
2026-08-10 13:31:00,NSE:NAVKARCORP-EQ,101.72,0.0,0.2760252365930693,203634,202780.2,200134.35,1.0174865034413132
2026-08-10 13:31:00,NSE:BANSALWIRE-EQ,324.0,0.0,0.0926784059314123,125637,125472.8,121722.55,1.0321587906267162
2026-08-10 13:31:00,NSE:SBIETFIT-EQ,351.6,0.0,0.0,7111,7111.0,7010.4,1.0143501084103619
2026-08-10 13:31:00,NSE:NAVNETEDUL-EQ,133.45,0.0,0.3534366070085726,147097,146457.4,144664.45,1.016815119402175
2026-08-10 13:31:00,NSE:SPLIL-EQ,32.26,0.0,-2.1237864077670032,5057,4928.4,4756.25,1.06323258869908
2026-08-10 13:31:00,NSE:NLCINDIA-EQ,286.8,-0.017430712916166602,0.0,6424973,6403993.2,6181629.15,1.039365650073007
2026-08-10 13:31:00,NSE:SOUTHWEST-EQ,235.57,0.0,0.0,51122,51122.0,47678.65,1.0722199558922074
2026-08-10 13:31:00,NSE:VAML-EQ,477.45,-0.020940215684228658,0.0,5398821,5392534.2,5267238.65,1.0249812774289238
2026-08-10 13:31:00,NSE:HEALTHIETF-EQ,171.21,0.0,0.08183784415736195,88715,88510.8,87007.65,1.0196229871741163
2026-08-10 13:31:00,NSE:ASHOKLEY-EQ,176.06,0.0,-0.18142646558566566,10548916,10433227.6,10196028.7,1.0346102693885122
2026-08-10 13:31:00,NSE:SCI-EQ,298.15,-0.050284948038903376,0.050335570469783875,1889320,1887614.4,1867524.2,1.0116709598729698
2026-08-10 13:31:00,NSE:BANKPSU-EQ,87.52,0.0,0.08004574042308477,23116,23078.6,22774.2,1.0150082110458325
2026-08-10 13:31:00,NSE:BCLIND-EQ,37.59,-0.21237058667373798,-0.21237058667373798,693691,689626.2,633317.1,1.0953296539758677
2026-08-10 13:31:00,NSE:ABLBL-EQ,91.29,-0.13127666557268824,-0.1749589939857854,746819,745420.0,720657.05,1.0363029127377579
2026-08-10 13:31:00,NSE:MUNJALSHOW-EQ,135.9,0.0,-0.08822232024702226,59993,59991.8,58461.8,1.0261914617750394
2026-08-10 13:31:00,NSE:WELSPUNLIV-EQ,165.19,0.05451241671714513,0.18801552644347463,1071558,1067695.8,1040116.8,1.0302285281806811
2026-08-10 13:31:00,NSE:BELRISE-EQ,252.66,-0.05142608489259182,0.019793357349273677,5427734,5423925.4,5357772.15,1.013058011434846
2026-08-10 13:31:00,NSE:SBIETFCON-EQ,126.62,0.0,0.0632211158526852,2621,2619.2,2604.05,1.0065090916073038
2026-08-10 13:31:00,NSE:HDFCSML250-EQ,185.62,0.037725680409583795,0.010775862068967967,696135,689745.8,638443.6,1.090362562957793
2026-08-10 13:31:00,NSE:MUTHOOTMF-EQ,216.79,-0.1105837902594109,-0.08296077798773949,450083,449842.4,444339.55,1.0129258131534769
2026-08-10 13:31:00,NSE:ASHOKA-EQ,117.94,0.0,0.016960651288999706,343204,343140.8,324255.9,1.0584356367918053
2026-08-10 13:31:00,NSE:HUDCO-EQ,199.8,0.0,0.0,1167148,1166186.4,1119111.4,1.0429238769259255
2026-08-10 13:31:00,NSE:BEL-EQ,403.0,-0.086773273831664,-0.09915716410510145,5095861,5064639.8,4598012.35,1.1082747526765562
2026-08-10 13:31:00,NSE:MWL-EQ,41.29,0.0,0.0,269137,269061.2,264862.95,1.0161368360504932
2026-08-10 13:31:00,NSE:SONATSOFTW-EQ,320.2,0.0,0.031240237425800288,834566,832891.4,818182.8,1.0200238870824465
2026-08-10 13:31:00,NSE:TBZ-EQ,282.2,0.0,-0.03542330853703035,942749,942176.6,922602.0,1.0218371518813096
2026-08-10 13:31:00,NSE:SBIETFPB-EQ,281.44,0.0,-0.01065832948450307,3150,3141.0,3115.35,1.0111223458038423
2026-08-10 13:31:00,NSE:NACLIND-EQ,178.95,0.0,-0.11721366376423736,666763,666236.0,658952.65,1.0118526725706316
2026-08-10 13:31:00,NSE:BECTORFOOD-EQ,234.12,-0.31932558436581493,-0.467647308902297,7902109,7875095.4,7398644.4,1.0680482224554542
2026-08-10 13:31:00,NSE:HDFCVALUE-EQ,128.63,0.0,0.007774840615759615,1212,1191.0,1133.8,1.068971599929441
2026-08-10 13:31:00,NSE:ALPHA-EQ,53.98,0.0,-0.01852194850898714,541972,517913.0,470360.1,1.1522490959586071
2026-08-10 13:31:00,NSE:BAJAJINDEF-EQ,233.49,0.0,0.0,12094,12094.0,11614.05,1.0413249469392676
2026-08-10 13:31:00,NSE:BEPL-EQ,125.86,-0.007944704854223605,0.03974246880216192,2192166,2188716.8,2166774.75,1.0117184538909731
2026-08-10 13:31:00,NSE:NAZARA-EQ,354.1,-0.028232636928282595,-0.04234297812278909,2661535,2658436.8,2625395.85,1.0137652194430031
2026-08-10 13:31:00,NSE:BANKNIFTY1-EQ,59.91,0.0,0.0,100839,100805.6,98293.8,1.0258938000158708
2026-08-10 13:31:00,NSE:NEXT30ADD-EQ,44.2,0.0,0.0,3280,3280.0,3275.95,1.0012362826050458
2026-08-10 13:31:00,NSE:BALAJITELE-EQ,91.44,0.0,-0.17467248908296096,672333,670612.4,664886.1,1.0112002642257072
2026-08-10 13:31:00,NSE:BANKADD-EQ,59.07,0.0,-0.08457374830852515,36760,36758.8,36682.15,1.0021222856348386
2026-08-10 13:31:00,NSE:NITCO-EQ,97.98,-0.010205122971718161,-0.010205122971718161,623294,623046.8,614642.7,1.0140753318960756
2026-08-10 13:31:00,NSE:WONDERLA-EQ,488.3,0.0,0.0,49901,49775.6,48709.15,1.0244687086512492
2026-08-10 13:31:00,NSE:HERANBA-EQ,178.16,0.0,-0.36908623196509893,16012,14812.0,13987.65,1.1447240958988822
2026-08-10 13:31:00,NSE:SPECIALITY-EQ,150.76,-0.019895218515819657,-0.019895218515819657,150543,150248.2,147190.95,1.0227734789401113
2026-08-10 13:31:00,NSE:ABFRL-EQ,61.06,-0.0654664484451728,0.0,26520978,26488597.8,26266121.15,1.009702873467482
2026-08-10 13:31:00,NSE:BANDHANBNK-EQ,173.8,0.01726419980434546,-0.023009664058903923,3746474,3739335.0,3311256.25,1.1314358410044527
2026-08-10 13:31:00,NSE:HSBCGOLD-EQ,131.77,0.0,0.0,23908,23908.0,20865.25,1.145828590599202
2026-08-10 13:31:00,NSE:NEXT50ADD-EQ,75.05,0.0,0.0,3237,3237.0,3237.0,1.0
2026-08-10 13:31:00,NSE:ASIANENE-EQ,406.2,0.0,0.17262638717632228,163027,162885.2,156645.95,1.0407354930018937
2026-08-10 13:31:00,NSE:NIFTYBEES-EQ,280.52,0.03566079452248516,0.03566079452248516,5671815,5668109.2,5590413.2,1.0145609630429464
2026-08-10 13:31:00,NSE:NEXT50BETA-EQ,80.77,0.0,0.161210317460303,215313,215257.8,211508.25,1.0179886600168078
2026-08-10 13:31:00,NSE:TEXRAIL-EQ,108.05,0.0,-0.11093648886013607,604406,603337.4,583272.15,1.0362332574939503
2026-08-10 13:31:00,NSE:BALUFORGE-EQ,465.25,0.0,-0.021489201676161418,712376,712258.2,705555.4,1.00966699425729
2026-08-10 13:31:00,NSE:NEXT50ETF-EQ,75.39,0.0,0.3327122704285257,2489,2482.6,2270.35,1.0963067368467416
2026-08-10 13:31:00,NSE:BANKBARODA-EQ,247.74,-0.02017837685135415,0.020186523476928286,4414038,4399492.4,4219425.25,1.0461230472088585
2026-08-10 13:31:00,NSE:TEMBO-EQ,63.0,0.0,0.6389776357827559,1892161,1890693.2,1862186.1,1.016096618914726
2026-08-10 13:31:00,NSE:HEMIPROP-EQ,137.7,-0.036297640653371044,-0.036297640653371044,134717,133421.0,130688.8,1.0308228402127804
2026-08-10 13:31:00,NSE:BANKBETA-EQ,59.66,0.08387854386846527,0.08387854386846527,705927,705918.0,705538.45,1.0005507141389673
2026-08-10 13:31:00,NSE:BAJEL-EQ,194.67,0.19042717447246282,0.1491923037349574,950185,947659.8,906148.75,1.0485971536130243
2026-08-10 13:31:00,NSE:NBCC-EQ,94.9,0.0,0.10548523206752591,3011975,2999334.8,2891354.75,1.041717554720672
2026-08-10 13:31:00,NSE:VASCONEQ-EQ,34.58,0.0,0.29002320185615993,1082611,1081474.0,1072719.1,1.009221332965918
2026-08-10 13:31:00,NSE:NCC-EQ,147.28,0.006790249202137666,-0.3181049069373887,1740574,1724965.6,1540971.55,1.1295302629045942
2026-08-10 13:31:00,NSE:SPANDANA-EQ,255.4,0.0,0.23547880690737433,156966,156952.6,153157.25,1.024868231833622
2026-08-10 13:31:00,NSE:BANKINDIA-EQ,141.58,0.0,0.1556310130164107,5024829,5014161.4,4752897.4,1.0572138586454654
2026-08-10 13:31:00,NSE:HONASA-EQ,477.9,-0.12539184952978788,-0.10451505016721985,607332,606587.4,599588.85,1.0129140993866048
2026-08-10 13:31:00,NSE:NCLIND-EQ,174.2,0.0,0.0,75743,75734.6,75563.3,1.0023781385937354
2026-08-10 13:31:00,NSE:BANKIETF-EQ,59.23,0.0,-0.016880486158010743,207833,207814.8,203043.75,1.0235872810662727
2026-08-10 13:31:00,NSE:SBISILVER-EQ,226.48,0.0,-0.01765848490200561,741414,739773.2,726261.3,1.0208639782954152
2026-08-10 13:31:00,NSE:NIVABUPA-EQ,86.85,-0.011512779184896793,-0.034530386740327934,443613,442067.2,423323.75,1.0479284471991
2026-08-10 13:31:00,NSE:VASWANI-EQ,53.67,0.0,2.9541530788413484,9575,9572.0,7045.6,1.359004201203588
2026-08-10 13:31:00,NSE:BANKBETF-EQ,58.75,0.0,0.0,31406,31406.0,31316.5,1.0028579183497517
2026-08-10 13:31:00,NSE:SPIC-EQ,67.54,0.0,-0.14784151389709566,315497,315306.2,252397.45,1.250000742875968
2026-08-10 13:31:00,NSE:SCHAND-EQ,143.0,0.0,0.0,23964,23958.4,23601.75,1.0153484381454765
2026-08-10 13:31:00,NSE:VBL-EQ,445.0,0.033719231201523314,-0.02246686137946652,1195273,1191384.6,1144767.15,1.044118884788055
2026-08-10 13:31:00,NSE:SPARC-EQ,218.39,0.7659299589350743,2.757257798898971,846387,721445.8,570307.05,1.4840900178246086
2026-08-10 13:31:00,NSE:NETF-EQ,267.8,0.0,0.31465388073119716,1989,1964.6,1829.6,1.0871228683865326
2026-08-10 13:31:00,NSE:BAJAJHFL-EQ,85.13,0.011748120300736353,-0.02348796241927742,2280789,2275103.2,2179020.4,1.0467038307672567
2026-08-10 13:31:00,NSE:HUHTAMAKI-EQ,284.65,-0.08775008775008253,-0.14032625855114889,169546,169033.4,166909.55,1.0157956809541455
2026-08-10 13:31:00,NSE:BFINVEST-EQ,481.9,-0.020746887966804906,0.1766968090634924,23024,22967.6,20619.7,1.116602084414419
2026-08-10 13:31:00,NSE:NTPC-EQ,339.3,0.0,0.08849557522123686,5558033,5534587.4,5243376.15,1.0600103522994435
2026-08-10 13:31:00,NSE:SMSPHARMA-EQ,375.55,0.0,0.0,68317,68317.0,67129.1,1.0176957534064957
2026-08-10 13:31:00,NSE:SDBL-EQ,73.9,0.04061188574522312,1.2190110943706367,436106,405847.8,342507.7,1.273273564360743
2026-08-10 13:31:00,NSE:TATACAP-EQ,368.2,0.0,0.02716653083401077,971725,971424.8,960461.7,1.0117269642298075
2026-08-10 13:31:00,NSE:BAJAJELEC-EQ,365.45,0.0,0.15072622636338462,332245,330531.0,323033.45,1.028515777545638
2026-08-10 13:31:00,NSE:BMWVENTLTD-EQ,59.1,0.0,-0.08453085376162184,61429,61393.0,60683.5,1.0122850527738183
2026-08-10 13:31:00,NSE:MOSCHIP-EQ,205.23,-0.12166634222309236,-0.043834015195798326,763961,761672.8,747885.5,1.021494600443517
2026-08-10 13:31:00,NSE:ALEMBICLTD-EQ,85.6,0.0,0.07014262333409071,134528,134508.8,132554.95,1.014884770429169
2026-08-10 13:31:00,NSE:MOSERVICE-EQ,31.55,0.0,0.0,8457,8457.0,8367.0,1.0107565435640014
2026-08-10 13:31:00,NSE:BLSE-EQ,315.95,0.0,0.1902647851593331,297314,297205.8,294851.35,1.0083521747483946
2026-08-10 13:31:00,NSE:HDFCNIMEG-EQ,132.15,0.0,0.0,9675,9675.0,9319.9,1.0381012671809784
2026-08-10 13:31:00,NSE:MOSILVER-EQ,228.51,-0.00437598459653854,-0.017501640778827543,45066,45058.4,44550.9,1.0115620559854008
2026-08-10 13:31:00,NSE:BLS-EQ,260.08,-0.08067924238350788,-0.2531257191071612,6186976,6180748.2,6120957.05,1.0107857234515312
2026-08-10 13:31:00,NSE:IDFCFIRSTB-EQ,84.67,-0.047219926809105583,0.0,8364952,8354983.0,8186700.1,1.021773351634073
2026-08-10 13:31:00,NSE:AARTIDRUGS-EQ,421.25,0.0,0.03562099263831886,137452,136911.6,132532.5,1.0371191971780507
2026-08-10 13:31:00,NSE:BLKASHYAP-EQ,54.8,0.0,-0.16396429222080844,205694,205694.0,199544.25,1.0308189787478217
2026-08-10 13:31:00,NSE:MOTHERSON-EQ,169.03,0.04142992424243097,0.017751479289951355,22603821,22581139.8,22238150.0,1.0164434091864656
2026-08-10 13:31:00,NSE:BOMDYEING-EQ,120.16,0.0,-0.09146087968736616,312149,312130.2,308011.75,1.0134321174435716
2026-08-10 13:31:00,NSE:HDFCPSUBK-EQ,87.62,0.0,-0.011411617026124699,224150,224148.2,220075.45,1.0185143322437826
2026-08-10 13:31:00,NSE:MOREPENLAB-EQ,79.63,0.025122472051242184,0.03768844221105905,11117789,11095797.4,10750936.45,1.0341228461079779
2026-08-10 13:31:00,NSE:SBFC-EQ,94.02,0.0,0.021276595744668114,820267,818633.6,773799.3,1.060051359570886
2026-08-10 13:31:00,NSE:THOMASCOOK-EQ,106.12,0.0,-0.08473778363617956,488654,488637.0,471236.0,1.036962371295911
2026-08-10 13:31:00,NSE:WCIL-EQ,88.25,0.0,0.0,39824,39824.0,39570.85,1.00639738595456
2026-08-10 13:31:00,NSE:NEXT50IETF-EQ,78.91,-0.03800354699772246,0.07609384908053851,520136,501071.2,484372.3,1.0738351470552714
2026-08-10 13:31:00,NSE:IDFNIFTYET-EQ,272.0,0.0,0.0,837,837.0,831.0,1.0072202166064983
2026-08-10 13:31:00,NSE:THEMISMED-EQ,111.19,0.0,0.6426502534395251,69497,68907.4,65192.55,1.0660267162428836
2026-08-10 13:31:00,NSE:WEBELSOLAR-EQ,94.53,0.0,0.0,1281971,1280447.0,1244623.35,1.030007190528765
2026-08-10 13:31:00,NSE:HDFCNIFIT-EQ,33.86,0.0,-0.176886792452835,149678,149678.0,146804.65,1.0195726089057806
2026-08-10 13:31:00,NSE:NTPCGREEN-EQ,91.97,0.06528125340006241,0.10884946119515959,1675483,1672284.4,1637333.8,1.0232995861931147
2026-08-10 13:31:00,NSE:AYE-EQ,176.52,0.0,-0.15837104072398134,581028,580752.4,570751.85,1.0180045846544343
2026-08-10 13:31:00,NSE:WEL-EQ,137.1,0.0,0.11683949174821073,10335194,10229873.0,9116944.8,1.133624720421692
2026-08-10 13:31:00,NSE:TFCILTD-EQ,115.75,0.0,0.04321521175454368,13977703,13973289.0,13926693.15,1.0036627395642734
2026-08-10 13:31:00,NSE:HLEGLAS-EQ,468.0,0.16051364365972098,-0.3301032903844092,312042,311293.0,305164.85,1.0225358523434138
2026-08-10 13:31:00,NSE:AYMSYNTEX-EQ,259.0,0.0,1.5487159380513482,20678,19547.4,18619.0,1.1105859605779043
2026-08-10 13:31:00,NSE:WELSPLSOL-EQ,48.61,0.0,-0.2667213787443612,398636,397545.2,390258.4,1.0214668025082867
2026-08-10 13:31:00,NSE:BORANA-EQ,344.95,0.0,0.9806791569086482,24581,24571.0,22890.25,1.0738633260886186
2026-08-10 13:31:00,NSE:ABSLBANETF-EQ,59.09,-0.01692047377326311,-0.01692047377326311,8351,8341.4,8205.15,1.0177754215340367
2026-08-10 13:31:00,NSE:HDFCNIFTY-EQ,277.69,0.0,0.0072027946843356006,41826,41822.6,40724.35,1.0270513832633301
2026-08-10 13:31:00,NSE:HGS-EQ,413.85,0.16942998910809415,0.0,39680,39525.8,38245.85,1.0374981860777053
2026-08-10 13:31:00,NSE:BLIL-EQ,70.96,0.0,-0.014090460758076073,14389,14385.0,13507.45,1.065263983949598
2026-08-10 13:31:00,NSE:MOTOUR-EQ,80.84,0.0,0.0,22873,22873.0,22522.0,1.0155847615664684
2026-08-10 13:31:00,NSE:IDBI-EQ,83.7,0.04781257470716227,0.04781257470716227,1533650,1531932.2,1504190.25,1.0195851222942045
2026-08-10 13:31:00,NSE:HDFCSENSEX-EQ,89.17,0.0,0.1572503650454804,21171,21169.2,20357.45,1.0399632566947234
2026-08-10 13:31:00,NSE:SOMANYCERA-EQ,502.2,0.0,0.23952095808383866,46844,46841.2,45876.55,1.0210881158238794
2026-08-10 13:31:00,NSE:ZUARI-EQ,227.57,-0.048313422347157076,-0.22798018326100067,70338,70230.4,68010.95,1.0342158137770463
2026-08-10 13:31:00,NSE:BHARATWIRE-EQ,194.1,0.0,0.3204465577837601,159191,157712.2,153612.45,1.0363157413347681
2026-08-10 13:31:00,NSE:MSUMI-EQ,41.41,0.0,0.024154589371971902,3797569,3794048.8,3730787.55,1.0179000945792263
2026-08-10 13:31:00,NSE:NPBET-EQ,284.24,0.0,0.0,524,524.0,524.0,1.0
2026-08-10 13:31:00,NSE:BHARATSE-EQ,236.27,0.0,-0.008464175377709271,238420,238409.0,232049.7,1.0274523087080052
2026-08-10 13:31:00,NSE:ICICIB22-EQ,116.71,0.0,0.03428473472186777,233811,233565.2,225696.8,1.035951772466424
2026-08-10 13:31:00,NSE:HDFCSILVER-EQ,221.05,0.0,0.0,2031964,2030608.8,1995566.45,1.018239207218582
2026-08-10 13:31:00,NSE:BHARATCOAL-EQ,34.09,-0.02932551319647647,0.0,4100484,4097719.4,4019186.15,1.0202274408215704
2026-08-10 13:31:00,NSE:MUFIN-EQ,137.15,0.07296607077709183,-0.13834279889325396,350456,346675.0,341070.9,1.0275165662036836
2026-08-10 13:31:00,NSE:HFCL-EQ,215.7,-0.06949270326616075,0.027824151363375904,14317479,14261475.4,13804814.9,1.037136615283411
2026-08-10 13:31:00,NSE:TATASTEEL-EQ,190.82,0.031453134829106943,-0.031433361274102456,22542781,22502039.4,21808994.25,1.0336460609594593
2026-08-10 13:31:00,NSE:MUFTI-EQ,87.69,0.0,0.15990862364363423,178709,178687.0,176025.95,1.0152423548914236
2026-08-10 13:31:00,NSE:MUKANDLTD-EQ,141.48,0.0,0.13447519286573506,89294,89292.0,86599.95,1.031109140363245
2026-08-10 13:31:00,NSE:MUNJALAU-EQ,102.82,0.0,-0.09716284492811145,162822,162815.4,161541.45,1.007927067634963
2026-08-10 13:31:00,NSE:SOMICONVEY-EQ,93.03,0.0,-0.21452322213879604,10372,10336.6,8831.85,1.1743858874414759
2026-08-10 13:31:00,NSE:NIFTYIETF-EQ,279.21,0.05375188131584441,-0.01074344649765191,289329,286354.4,257514.65,1.1235438449812467
2026-08-10 13:31:00,NSE:ICIL-EQ,426.5,0.0,0.24679750852039106,233992,233946.0,224651.45,1.0415779644422505
2026-08-10 13:31:00,NSE:BHEL-EQ,408.25,-0.0244887963756657,0.0,3270270,3261212.2,3164494.45,1.033425734085266
2026-08-10 13:31:00,NSE:SBIBPB-EQ,50.17,0.0,0.01993620414673103,37167,37161.2,36273.15,1.0246421940195434
2026-08-10 13:31:00,NSE:MOMOMENTUM-EQ,63.45,0.0,0.031530821377900864,69896,69851.0,63782.75,1.0958448796892577
2026-08-10 13:31:00,NSE:NSLNISP-EQ,44.47,-0.0674157303370837,-0.0674157303370837,3075031,3072490.0,3002992.95,1.023988750955942
2026-08-10 13:31:00,NSE:TATAPOWER-EQ,380.0,0.01315962626662337,0.02632271650435669,3721031,3704671.0,3579962.2,1.0394051088025453
2026-08-10 13:31:00,NSE:BIRLAPREC-EQ,35.37,0.0,0.8266818700114031,6387,6281.0,5831.6,1.0952397283764317
2026-08-10 13:31:00,NSE:MOVALUE-EQ,115.07,-0.17350568231110364,-0.04343293954135463,38669,38438.0,35724.95,1.0824087927344896
2026-08-10 13:31:00,NSE:HDFCQUAL-EQ,60.33,0.0,0.0,18158,18158.0,17001.7,1.0680108459742261
2026-08-10 13:31:00,NSE:HNGSNGBEES-EQ,487.5,0.0,0.0,54335,52506.2,51246.35,1.0602706339085612
2026-08-10 13:31:00,NSE:MRPL-EQ,163.4,0.03060912151822137,-0.006119576525298598,1680859,1679150.0,1644763.2,1.0219458947038698
2026-08-10 13:31:00,NSE:SBINEQWETF-EQ,34.26,0.0,0.0,21473,21473.0,21437.75,1.0016442956933447
2026-08-10 13:31:00,NSE:ASHIKAG-EQ,437.75,0.0,-0.28473804100227484,239718,239557.0,228807.6,1.0476837307851663
2026-08-10 13:31:00,NSE:SOLARWORLD-EQ,166.85,0.04197145940760816,-0.03594751662572282,132747,132684.6,131627.75,1.0085031461830807
2026-08-10 13:31:00,NSE:BAJAJHCARE-EQ,329.95,0.0,-0.060578524912913156,62465,62325.8,52586.2,1.187859172178252
2026-08-10 13:31:00,NSE:BIOFILCHEM-EQ,32.99,0.0,-0.030303030303024947,9128,9100.2,6684.45,1.3655573757003194
2026-08-10 13:31:00,NSE:ABSL10BANK-EQ,170.1,0.0,0.0,888,888.0,864.25,1.0274804743997685
2026-08-10 13:31:00,NSE:BIOCON-EQ,424.6,0.0,-0.08236263089774765,1764718,1760015.8,1704026.1,1.0356167666680691
2026-08-10 13:31:00,NSE:SCODATUBES-EQ,142.77,0.0,0.8120321988419832,209995,208543.0,194271.25,1.0809370918239318
2026-08-10 13:31:00,NSE:NRBBEARING-EQ,474.0,-0.03163555836760423,0.08445945945945166,1624222,1612704.6,1531591.2,1.0604801072244343
2026-08-10 13:31:00,NSE:BIGBLOC-EQ,46.85,-0.14919011082693556,-0.19173412867489192,100780,100744.0,99507.0,1.012793069834283
2026-08-10 13:31:00,NSE:MSCIADD-EQ,30.15,0.0,0.0,205,205.0,205.0,1.0
2026-08-10 13:31:00,NSE:GOKUL-EQ,40.18,0.0,1.0817610062893168,136985,136985.0,124977.9,1.0960737858453375
2026-08-10 13:31:00,NSE:DWARKESH-EQ,42.1,0.02375861249701572,0.11890606420927874,1055480,1054198.8,1031770.2,1.0229797294009848
2026-08-10 13:31:00,NSE:TARMAT-EQ,53.95,0.0,0.0,15559,15559.0,14377.45,1.0821807761459785
2026-08-10 13:31:00,NSE:PARAGMILK-EQ,220.97,0.0,-0.32927379341451957,346197,346152.4,337016.55,1.0272403536265504
2026-08-10 13:31:00,NSE:GAEL-EQ,169.69,0.005893446487492682,-0.03534609720177162,485330,483496.0,448117.4,1.0830420778126446
2026-08-10 13:31:00,NSE:SURYAROSNI-EQ,247.1,-0.004046780785893489,-0.0485397621551642,364814,364063.0,355914.5,1.0250046008240743
2026-08-10 13:31:00,NSE:SHALBY-EQ,163.56,0.0,-0.1708984375,45480,45435.6,42910.85,1.0598718039843071
2026-08-10 13:31:00,NSE:LXCHEM-EQ,179.18,0.0,0.21252796420581088,622243,621073.2,608778.75,1.0221168199448487
2026-08-10 13:31:00,NSE:AFCONS-EQ,261.15,-0.03827751196172624,-0.4384292794510247,1340738,1315827.8,1148647.8,1.167231591789929
2026-08-10 13:31:00,NSE:APEX-EQ,377.9,0.0,0.09270295325121136,64489,64435.6,62764.7,1.027472448685328
2026-08-10 13:31:00,NSE:M&MFIN-EQ,411.45,-0.012150668286758926,-0.2303588748787555,2935155,2929867.8,2899398.7,1.0123323156625543
2026-08-10 13:31:00,NSE:FUSION-EQ,207.5,-0.15397940525454512,-0.24038461538461453,433883,433247.8,428990.15,1.0114055066299308
2026-08-10 13:31:00,NSE:GPPL-EQ,150.28,-0.03326016097918716,-0.059852364168389016,455892,447607.0,432137.1,1.0549707488665057
2026-08-10 13:31:00,NSE:FSL-EQ,275.45,0.0,-0.09067827348567814,1731950,1731237.2,1710926.65,1.0122876980144064
2026-08-10 13:31:00,NSE:PARADEEP-EQ,150.83,-0.02651289189368189,0.07962311724505344,3158338,3156459.8,3084693.85,1.0238740547947731
2026-08-10 13:31:00,NSE:GPTHEALTH-EQ,159.27,-0.03138337936228197,0.018839487565935897,56862,56815.0,56102.5,1.0135377211354217
2026-08-10 13:31:00,NSE:PNBGILTS-EQ,81.42,0.0,0.0,142105,142043.6,140766.9,1.0095057858061802
2026-08-10 13:31:00,NSE:XCHANGING-EQ,68.24,0.17615971814444187,0.2792064658339477,81056,80742.2,78996.0,1.0260772697351765
2026-08-10 13:31:00,NSE:YATRA-EQ,104.19,0.038406144983182955,0.1730602826651273,897318,897062.8,885524.55,1.0133180384439935
2026-08-10 13:31:00,NSE:MAFANG-EQ,206.32,0.0,0.0,63000,62963.2,61112.95,1.0308780708507772
2026-08-10 13:31:00,NSE:FMGOETZE-EQ,492.7,0.0,0.0,33484,33481.2,33046.2,1.0132481192996472
2026-08-10 13:31:00,NSE:AEGISVOPAK-EQ,279.5,0.03579098067287845,0.10744985673352137,474200,473461.0,449717.7,1.0544392626752292
2026-08-10 13:31:00,NSE:GAIL-EQ,170.5,0.0,0.1468428781204123,5408156,5359532.0,4952425.65,1.0920216439796526
2026-08-10 13:31:00,NSE:FMCGIETF-EQ,53.02,0.0,0.09439305267133768,712064,710979.0,700456.15,1.016571843933414
2026-08-10 13:31:00,NSE:ULTRAMAR-EQ,397.0,0.0,0.0,92077,92056.0,91360.5,1.0078425577793466
2026-08-10 13:31:00,NSE:UNICHEMLAB-EQ,503.8,-0.23762376237623783,-0.09914733293674427,46573,46443.4,41154.25,1.1316692686660552
2026-08-10 13:31:00,NSE:GENESYS-EQ,223.9,-0.022326412145556862,0.022336385972754336,116256,115984.4,103826.75,1.1197114423787704
2026-08-10 13:31:00,NSE:LTF-EQ,313.85,-0.015928639694151592,0.0478163850812896,1827705,1825695.2,1788281.95,1.022045209369809
2026-08-10 13:31:00,NSE:ITBETA-EQ,333.95,0.0,0.0,2229,2229.0,2222.25,1.0030374620317246
2026-08-10 13:31:00,NSE:GENCON-EQ,39.49,0.0,0.0,227812,227812.0,227037.95,1.0034093419183885
2026-08-10 13:31:00,NSE:GEMAROMA-EQ,180.0,0.0,-0.5524861878453025,54405,54405.0,48111.5,1.1308107209295075
2026-08-10 13:31:00,NSE:LTFOODS-EQ,427.5,0.0,-0.011694538650453001,142964,142610.0,138383.0,1.0331037771980662
2026-08-10 13:31:00,NSE:PNB-EQ,113.63,-0.008799718409013835,0.07045354469397136,6211007,6197363.6,6028588.75,1.030258864481343
2026-08-10 13:31:00,NSE:SIGIND-EQ,69.32,0.0,0.3183791606367503,153326,153266.8,148023.8,1.0358199154460297
2026-08-10 13:31:00,NSE:SUVEN-EQ,336.65,0.0,0.029713266973696584,864070,863079.8,859030.0,1.0058670826397216
2026-08-10 13:31:00,NSE:AEQUS-EQ,249.29,0.03611556982343611,-0.08416833667335144,2976595,2974931.2,2881781.55,1.0329009844621984
2026-08-10 13:31:00,NSE:GATEWAY-EQ,57.84,0.0,0.03459010722934863,1387703,1384602.2,1323593.6,1.04843586430155
2026-08-10 13:31:00,NSE:GOPAL-EQ,274.0,-0.07293946024798936,-0.12757426644797176,299206,299121.4,293121.25,1.0207584745220621
2026-08-10 13:31:00,NSE:UNIECOM-EQ,84.41,0.0,-0.011845534233601018,126811,125818.2,120110.4,1.0557870092847914
2026-08-10 13:31:00,NSE:GARUDA-EQ,194.97,0.08213130742775743,0.010259040779692086,10196397,10189788.8,10019228.7,1.0176828282201005
2026-08-10 13:31:00,NSE:PARKHOSPS-EQ,290.3,0.017226528854430434,0.017226528854430434,204147,203459.0,197553.8,1.0333741998382213
2026-08-10 13:31:00,NSE:GANESHCP-EQ,162.05,0.0,-0.03701190549626476,113048,112748.2,107026.55,1.0562612734877468
2026-08-10 13:31:00,NSE:ITBEES-EQ,35.19,0.02842524161454918,0.0,8877797,8775098.4,8445832.3,1.051145308674907
2026-08-10 13:31:00,NSE:GANDHAR-EQ,238.8,-0.033489618218340844,-0.033489618218340844,962022,960915.4,948187.9,1.0145900406448976
2026-08-10 13:31:00,NSE:SURYODAY-EQ,161.7,0.006184674376896737,0.0,172129,171817.4,169905.0,1.0130896677555103
2026-08-10 13:31:00,NSE:GPIL-EQ,240.18,0.012492192379753853,-0.029136316337141643,1369631,1368480.8,1345476.75,1.0179521868363761
2026-08-10 13:31:00,NSE:GPTINFRA-EQ,114.57,0.0,0.0,40107,40095.2,37973.7,1.056178355019395
2026-08-10 13:31:00,NSE:SURYALAXMI-EQ,60.64,0.0,0.46388336646785433,13305,13305.0,13304.25,1.0000563729635268
2026-08-10 13:31:00,NSE:MAFATIND-EQ,129.08,0.023246803564513918,0.31864459469963524,67811,67333.4,66627.15,1.017768282149244
2026-08-10 13:31:00,NSE:PNCINFRA-EQ,226.22,-0.06626319742015774,-0.07067762169802316,1169954,1168938.4,1160920.0,1.0077817592943528
2026-08-10 13:31:00,NSE:FINIETF-EQ,33.45,0.0,0.0,276843,276446.2,265764.7,1.041684618009841
2026-08-10 13:31:00,NSE:SUPREMEINF-EQ,90.2,0.0,0.0,43151,43022.2,41176.1,1.0479622888034563
2026-08-10 13:31:00,NSE:MANAKALUCO-EQ,45.85,0.043639537420903096,-0.1524390243902496,1758467,1758048.8,1721801.55,1.0212948176286634
2026-08-10 13:31:00,NSE:FILATEX-EQ,82.73,0.0,-0.20506634499397602,2678137,2676012.0,2579970.8,1.038049345364684
2026-08-10 13:31:00,NSE:MANAKCOAT-EQ,115.84,0.0,-0.34411562284927255,283505,283383.6,281323.25,1.0077553135050161
2026-08-10 13:31:00,NSE:ADVENZYMES-EQ,296.65,0.0,-0.3527040644944579,886750,879536.2,854576.3,1.0376487155096625
2026-08-10 13:31:00,NSE:FEDFINA-EQ,149.22,0.006701963675359579,-0.10710938545990256,533940,533729.8,529040.9,1.0092603426313542
2026-08-10 13:31:00,NSE:SHADOWFAX-EQ,246.5,0.016229814168622347,0.14218972171440303,2593837,2578728.8,2481095.15,1.045440357255142
2026-08-10 13:31:00,NSE:SUNTV-EQ,486.5,-0.041093075816722724,-0.06162695152013287,82049,81936.8,80917.45,1.0139840046862574
2026-08-10 13:31:00,NSE:UTTAMSUGAR-EQ,258.5,0.0,-0.057993427411551224,204589,204542.2,201817.3,1.0137337086562945
2026-08-10 13:31:00,NSE:MANAKSIA-EQ,58.99,0.0,0.8376068376068302,37982,37961.6,36393.6,1.0436450364899323
2026-08-10 13:31:00,NSE:FEDERALBNK-EQ,355.1,0.0,0.08455467869221689,1521907,1511612.8,1396924.65,1.089469643190848
2026-08-10 13:31:00,NSE:GREENPANEL-EQ,191.05,0.0,-0.1619983277591941,139351,139333.0,137448.0,1.01384523601653
2026-08-10 13:31:00,NSE:MANAPPURAM-EQ,367.65,0.013601741022828406,-0.17648655986968187,1913382,1908149.6,1865120.6,1.025875753021011
2026-08-10 13:31:00,NSE:PAISALO-EQ,70.2,0.05701254275942702,0.07127583749109156,9457596,9454848.4,9424370.4,1.0035254981064836
2026-08-10 13:31:00,NSE:V2RETAIL-EQ,218.63,0.20625171876431647,0.06865616990112677,638056,636539.2,543066.25,1.174913742107892
2026-08-10 13:31:00,NSE:VISAKAIND-EQ,102.5,0.0,-0.07798791187365595,3650430,3649503.8,3536552.15,1.0322002462200366
2026-08-10 13:31:00,NSE:SUNTECK-EQ,299.6,0.0,0.05009183503090764,68245,68067.4,66969.5,1.0190459836194088
2026-08-10 13:31:00,NSE:AMDIND-EQ,46.65,0.0,0.0,5080,5080.0,3107.8,1.634596820902246
2026-08-10 13:31:00,NSE:FINKURVE-EQ,59.95,0.0,0.0,11055,11055.0,10925.0,1.0118993135011443
2026-08-10 13:31:00,NSE:PANACEABIO-EQ,411.3,0.0,0.19488428745433328,73519,73494.2,69985.4,1.0504905308821555
2026-08-10 13:31:00,NSE:MAMATA-EQ,421.65,0.0,-0.08293838862559744,40994,40988.0,40562.6,1.010635412917318
2026-08-10 13:31:00,NSE:UNIONBANK-EQ,182.29,-0.005485463521681666,0.02743634767339298,5452165,5443822.4,5273685.05,1.0338434981057505
2026-08-10 13:31:00,NSE:FMCGADD-EQ,49.47,0.0,0.0,2695,2695.0,2693.65,1.000501178698049
2026-08-10 13:31:00,NSE:PARACABLES-EQ,69.52,-0.04313443565779895,0.14405070584844193,2869984,2859344.4,2824163.15,1.016224576119124
2026-08-10 13:31:00,NSE:FLAIR-EQ,253.95,0.0,0.03939334252511806,56567,56562.0,52339.6,1.0807686722863759
2026-08-10 13:31:00,NSE:MAHABANK-EQ,78.49,0.0,0.012742099898055415,5589794,5560623.8,5389480.1,1.0371675739186792
2026-08-10 13:31:00,NSE:GRAUWEIL-EQ,68.35,0.0,0.146520146520146,138272,137907.8,136047.6,1.0163501597970122
2026-08-10 13:31:00,NSE:SURAKSHA-EQ,270.65,0.0,-0.4963235294117685,576370,575988.4,557985.6,1.0329478036709192
2026-08-10 13:31:00,NSE:MAHAPEXLTD-EQ,48.84,0.0,0.909090909090926,74176,74152.0,73452.95,1.009843716283689
2026-08-10 13:31:00,NSE:URBANCO-EQ,139.4,-0.15757054863200226,-1.4144271570014189,2020714,1932353.8,1660313.75,1.2170675572613912
2026-08-10 13:31:00,NSE:GOLDIETF-EQ,129.49,0.04635710422622452,-0.015442822948019685,6216806,6208691.4,6079015.4,1.0226665982783987
2026-08-10 13:31:00,NSE:FIRSTCRY-EQ,213.42,0.0,-0.042152592384436804,149222,149068.8,145135.85,1.0281539674725437
2026-08-10 13:31:00,NSE:GREAVESCOT-EQ,196.1,-0.050968399592254965,0.056125312515931114,648172,643310.6,600072.95,1.0801553377801816
2026-08-10 13:31:00,NSE:FINPIPE-EQ,161.3,0.0,0.0062000124000372026,450282,449720.2,441766.25,1.0192765970691513
2026-08-10 13:31:00,NSE:MAHLOG-EQ,412.0,0.0,-0.13331717367591756,211113,210376.2,206667.3,1.0215113856909148
2026-08-10 13:31:00,NSE:UTLSOLAR-EQ,423.0,-0.22408302865903895,1.1961722488038173,446328,419760.6,349029.45,1.2787688832561264
2026-08-10 13:31:00,NSE:MAKEINDIA-EQ,169.98,0.0,-0.011764705882355564,59557,59553.4,53586.1,1.1114262840550069
2026-08-10 13:31:00,NSE:APOLLO-EQ,387.95,-0.03864983251740117,-0.02576987501611283,5128746,5123098.4,5058769.8,1.0138326515667901
2026-08-10 13:31:00,NSE:SURAJEST-EQ,208.0,0.0,-0.4784688995215336,84166,83326.8,81439.35,1.0334807436454243
2026-08-10 13:31:00,NSE:GREENLAM-EQ,238.55,-0.3966597077244227,-1.1806130903065482,979541,953165.8,875827.0,1.1184183634439222
2026-08-10 13:31:00,NSE:FINOPB-EQ,157.08,0.0,0.006366588145434449,212415,211685.6,206922.95,1.0265415218563239
2026-08-10 13:31:00,NSE:PAR-EQ,103.94,0.0,-0.04808154630252526,48824,48757.4,48257.35,1.0117422527345576
2026-08-10 13:31:00,NSE:SICAGEN-EQ,66.82,0.16489281966720615,0.014967819188727027,609702,609032.0,601069.7,1.014361562394511
2026-08-10 13:31:00,NSE:LOWVOL-EQ,213.52,0.0,0.0,112,112.0,112.0,1.0
2026-08-10 13:31:00,NSE:GENUSPOWER-EQ,305.75,0.0,0.06545573555882811,738750,732716.6,700757.05,1.054217007163895
2026-08-10 13:31:00,NSE:KRBL-EQ,375.75,0.0,0.18664178109584206,216205,215838.2,209252.65,1.0332246688393194
2026-08-10 13:31:00,NSE:VIKRAN-EQ,72.65,-0.10999587515467812,-0.15118196811434448,762811,759448.4,676329.35,1.1278691365382858
2026-08-10 13:31:00,NSE:GOLDADD-EQ,146.74,0.0,-0.04087193460490246,171551,168741.4,155170.25,1.105566305396814
2026-08-10 13:31:00,NSE:SHK-EQ,170.68,0.1408120159587023,0.18195691729765429,298224,297447.2,294335.5,1.0132111145274696
2026-08-10 13:31:00,NSE:LATENTVIEW-EQ,299.4,0.0,0.13377926421402897,204995,204972.8,203677.0,1.006471030111402
2026-08-10 13:31:00,NSE:AEROFLEX-EQ,420.1,-0.08324414317991691,-0.2019242190283821,949468,947022.2,908071.45,1.0455873268562732
2026-08-10 13:31:00,NSE:VINCOFE-EQ,148.2,0.0,0.06752194463199857,1320628,1320203.4,1239835.0,1.065164316219497
2026-08-10 13:31:00,NSE:PENIND-EQ,161.11,-0.11779293242405453,-0.21059151440072643,201209,192486.4,187619.4,1.0724317421332763
2026-08-10 13:31:00,NSE:VIPIND-EQ,319.9,0.0,0.10952902519165697,202249,202150.4,199259.8,1.0150015206278438
2026-08-10 13:31:00,NSE:GOCLCORP-EQ,428.15,0.0,0.0,81819,81796.4,79356.85,1.031026307117785
2026-08-10 13:31:00,NSE:GOLDAXIS-EQ,126.07,-0.04756996749385456,-0.03964478274659511,429614,428155.2,419863.2,1.023223754784892
2026-08-10 13:31:00,NSE:XTGLOBAL-EQ,32.0,0.0,0.6922592825676421,33333,32507.8,28125.4,1.1851564777745383
2026-08-10 13:31:00,NSE:AEROPLANE-EQ,193.99,0.0,0.24804919642396062,94919,94588.6,90854.35,1.0447380890403155
2026-08-10 13:31:00,NSE:GOACARBON-EQ,381.65,0.0,0.0,3321,3321.0,3096.65,1.072449259683852
2026-08-10 13:31:00,NSE:LEMONTREE-EQ,108.24,0.02772387025229417,0.06471295183507753,4621617,4613497.8,4542314.3,1.0174586553819052
2026-08-10 13:31:00,NSE:SHOPERSTOP-EQ,426.0,0.0,-0.058651026392964045,30001,29955.6,29274.9,1.0248028174306316
2026-08-10 13:31:00,NSE:SHANTIGOLD-EQ,229.18,0.0,0.07860262008734242,503254,503038.8,496061.6,1.0144990057686385
2026-08-10 13:31:00,NSE:GNRL-EQ,102.87,-0.14560279557366274,-0.6182977490097552,543410,542218.0,517233.15,1.050609381861932
2026-08-10 13:31:00,NSE:LIBERTSHOE-EQ,262.35,0.0,-0.019054878048763157,7359,7265.2,6805.25,1.0813710003306272
2026-08-10 13:31:00,NSE:PETRONET-EQ,276.4,0.14492753623187582,0.03619254433584462,693631,673568.4,626372.65,1.1073775331665583
2026-08-10 13:31:00,NSE:VIKRAMSOLR-EQ,160.3,-0.07480364044382126,-0.16815096219716663,4085551,4078030.0,3861320.0,1.0580710741404493
2026-08-10 13:31:00,NSE:LASERPOWER-EQ,300.45,-0.016638935108159725,-0.182724252491695,1608312,1605090.0,1582069.65,1.016587354418941
2026-08-10 13:31:00,NSE:PINELABS-EQ,162.07,-0.08014796547471947,-0.09246702009616525,27845929,27753906.4,25626588.15,1.0866030560529378
2026-08-10 13:31:00,NSE:GODIGIT-EQ,268.0,0.0,0.0,94709,94552.2,92151.45,1.027753768388886
2026-08-10 13:31:00,NSE:SHARIABEES-EQ,478.43,0.0,0.002090213619831971,7437,7414.2,7334.6,1.013961224879339
2026-08-10 13:31:00,NSE:KRONOX-EQ,166.29,0.0,0.0,142453,142413.0,141014.25,1.0102028695681464
2026-08-10 13:31:00,NSE:GOKULAGRO-EQ,228.41,0.0,0.004378283712780373,163334,163323.6,160888.7,1.015198705689088
2026-08-10 13:31:00,NSE:GODAVARIB-EQ,241.25,0.0,-0.082832884655204,172268,171932.4,155938.7,1.104716148076135
2026-08-10 13:31:00,NSE:KROSS-EQ,206.5,0.1017984390905946,0.467062372287641,195636,195064.4,184726.65,1.0590567197532137
2026-08-10 13:31:00,NSE:PFOCUS-EQ,284.15,0.052816901408436756,0.1056896248018191,209456,209229.4,205759.75,1.0179639117951884
2026-08-10 13:31:00,NSE:KRISHIVAL-EQ,398.1,0.0,0.7848101265822915,8345,7900.8,5305.2,1.5729849958531252
2026-08-10 13:31:00,NSE:GOCOLORS-EQ,328.4,0.0,0.3820877273422063,78508,78009.2,74247.8,1.0573781310692034
2026-08-10 13:31:00,NSE:KPIGREEN-EQ,374.2,0.0,-0.08010680907877266,575655,564471.6,532287.1,1.081474640283411
2026-08-10 13:31:00,NSE:GOLD1-EQ,126.05,0.0,-0.007932730445825431,5257621,5257056.4,5239798.5,1.0034013712550205
2026-08-10 13:31:00,NSE:KRISHANA-EQ,184.22,0.0,0.08149073721954725,357919,357560.4,337835.4,1.059447884975938
2026-08-10 13:31:00,NSE:VGUARD-EQ,321.9,0.0,0.0,1086689,1086261.4,1070968.4,1.0146788644744327
2026-08-10 13:31:00,NSE:SHAREINDIA-EQ,169.08,0.0,-0.10634526763557695,213755,213725.0,208172.85,1.0268149761123988
2026-08-10 13:31:00,NSE:KWIL-EQ,34.9,-0.08588605782995362,-0.14306151645209209,7634971,7630931.6,7546603.55,1.0117095656893227
2026-08-10 13:31:00,NSE:PFC-EQ,386.2,-0.09054456085888507,0.18158236057068677,20702352,20573994.8,19318052.75,1.0716583222913085
2026-08-10 13:31:00,NSE:AERONEU-EQ,84.75,0.0,0.5457349626290187,33241,33241.0,33205.7,1.0010630704969328
2026-08-10 13:31:00,NSE:ANDHRSUGAR-EQ,100.32,-0.3476706069335589,-0.42679900744417854,13943350,13911191.2,13409263.45,1.0398296708832282
2026-08-10 13:31:00,NSE:ANDHRAPAP-EQ,60.62,0.0,-0.18112958998847128,54927,54219.2,50419.7,1.0893956132226095
2026-08-10 13:31:00,NSE:VIDYAWIRES-EQ,97.02,0.0,0.010308215647869545,1141293,1141009.0,1123989.4,1.0153948071040528
2026-08-10 13:31:00,NSE:KTKBANK-EQ,305.35,0.032760032760048574,-0.03273858241936711,1210197,1209604.4,1197771.95,1.010373468839373
2026-08-10 13:31:00,NSE:MANBA-EQ,132.0,0.0,0.0,19791,19791.0,19582.95,1.0106240377471218
2026-08-10 13:31:00,NSE:GMRP&UI-EQ,96.98,0.0,0.03094378545642762,218090,217440.0,201594.35,1.0818259539515864
2026-08-10 13:31:00,NSE:GMRAIRPORT-EQ,106.45,0.0,0.0,2786243,2782819.8,2735368.7,1.018598699327078
2026-08-10 13:31:00,NSE:GICRE-EQ,354.7,-0.014094432699085502,0.014098406880025394,262880,262831.0,246109.7,1.0681415645137107
2026-08-10 13:31:00,NSE:PLATIND-EQ,229.0,0.0,-0.43478260869564966,141064,140139.0,137546.25,1.0255750338522498
2026-08-10 13:31:00,NSE:20MICRONS-EQ,188.77,-0.02648024573667085,-0.02648024573667085,50515,50461.2,47415.6,1.0653666725718962
2026-08-10 13:31:00,NSE:SHANTIGEAR-EQ,400.0,0.0,0.0,11309,11249.0,11087.9,1.0199406560304476
2026-08-10 13:31:00,NSE:SHRINGARMS-EQ,234.4,0.0,-0.2722940776038074,359508,356219.0,348810.5,1.0306685148526205
2026-08-10 13:31:00,NSE:LLOYDSENGG-EQ,95.52,-0.08368200836820217,0.14678129586915833,16585799,16563603.0,16265904.0,1.0196665983028057
2026-08-10 13:31:00,NSE:ITIETF-EQ,35.22,0.0,0.05681818181817455,507538,507186.4,502523.25,1.0099791402686344
2026-08-10 13:31:00,NSE:ANUHPHR-EQ,77.97,0.012827090815803466,-0.012823800974615107,86674,86626.2,84136.95,1.0301538147032903
2026-08-10 13:31:00,NSE:GHCLTEXTIL-EQ,121.36,0.0,0.04946413849959974,354512,354427.0,342053.45,1.0364228163756277
2026-08-10 13:31:00,NSE:LLOYDSENT-EQ,82.05,0.06097560975608651,0.15869140625,3791243,3782082.2,3714687.6,1.020608839354351
2026-08-10 13:31:00,NSE:GOLDIAM-EQ,373.2,-0.040176777822431564,-0.14715719063544963,1249833,1247377.0,1231473.65,1.014908439169608
2026-08-10 13:31:00,NSE:LORDSCHLO-EQ,145.29,0.0,0.0,13013,13013.0,10542.7,1.2343137905849544
2026-08-10 13:31:00,NSE:SHRIRAMPPS-EQ,85.49,-0.18680677174548466,-0.12850467289720058,215536,214738.8,213068.5,1.0115807827060312
2026-08-10 13:31:00,NSE:GHCL-EQ,434.55,0.0,0.0,76920,76918.2,76156.15,1.0100300501010095
2026-08-10 13:31:00,NSE:AMNPLST-EQ,199.32,0.0,-0.34000000000000696,9911,9852.0,9775.7,1.0138404410937323
2026-08-10 13:31:00,NSE:LOTUSDEV-EQ,184.99,0.0,0.31995661605206394,3864733,3835458.6,3662353.0,1.055259555810158
2026-08-10 13:31:00,NSE:PATANJALI-EQ,355.35,0.1267962806424494,0.04222972972973693,3430227,3363475.6,2638013.8,1.3003066928611215
2026-08-10 13:31:00,NSE:GEOJITFSL-EQ,78.54,0.0,0.03821169277800074,186336,185228.2,173799.55,1.0721316597194872
2026-08-10 13:31:00,NSE:ITETF-EQ,33.6,0.0,0.08936550491509543,309286,309224.2,308920.15,1.0011842866190501
2026-08-10 13:31:00,NSE:GILLANDERS-EQ,91.0,0.0,0.0,4871,4869.6,4817.8,1.0110423844908465
2026-08-10 13:31:00,NSE:LIQUIDCASE-EQ,115.39,0.0,-0.01732952083874917,14714849,14693523.4,14441101.7,1.0189561229944113
2026-08-10 13:31:00,NSE:GOLDETF-EQ,146.6,0.0,0.0,1262078,1261730.0,1228294.85,1.0275041045722857
2026-08-10 13:31:00,NSE:LINC-EQ,99.01,0.0,-0.67215088282504,16760,15903.6,13155.6,1.2739821824926267
2026-08-10 13:31:00,NSE:LICI-EQ,395.0,0.0,0.0,14855168,14835064.0,13882368.6,1.0700744540092388
2026-08-10 13:31:00,NSE:GOLDBEES-EQ,124.84,0.0,-0.008009611533832395,22722259,22670355.8,22183529.45,1.0242851143779559
2026-08-10 13:31:00,NSE:SHREDIGCEM-EQ,72.32,0.0,-0.11049723756907381,66102,65802.0,60102.7,1.0998174790816386
2026-08-10 13:31:00,NSE:LICMFGOLD-EQ,136.1,0.0,-0.07342143906020615,208675,208532.0,207510.4,1.0056122488318657
2026-08-10 13:31:00,NSE:GLOBECIVIL-EQ,43.12,-1.440000000000008,-1.5749828806208788,412017,409407.0,390792.4,1.0543117010463867
2026-08-10 13:31:00,NSE:LICNETFN50-EQ,276.22,0.0,0.0,247,247.0,233.5,1.0578158458244111
2026-08-10 13:31:00,NSE:KPEL-EQ,296.75,-0.05052206130009562,0.0,189144,188244.6,172176.3,1.0985484064880011
2026-08-10 13:31:00,NSE:SHREEPUSHK-EQ,412.85,0.0,-0.1692661105065829,10369,10337.4,9815.45,1.0563957841973624
2026-08-10 13:31:00,NSE:ANGELONE-EQ,294.05,0.01700680272109789,-0.16975046681377837,3046044,3032522.2,2804289.3,1.086208901485307
2026-08-10 13:31:00,NSE:PDSL-EQ,386.4,0.01294163323410924,0.1295672454003638,444222,443150.6,430948.6,1.0308004249230651
2026-08-10 13:31:00,NSE:LICNFNHGP-EQ,282.06,0.0,0.0,93,93.0,92.65,1.0037776578521316
2026-08-10 13:31:00,NSE:GOLDBETA-EQ,127.05,0.0,0.03937007874015297,594581,594374.8,591097.95,1.0058925090164836
2026-08-10 13:31:00,NSE:GLOBAL-EQ,101.67,0.0,0.0,31083,26988.6,26073.75,1.1921185099956852
2026-08-10 13:31:00,NSE:LICNMID100-EQ,64.02,0.0,0.031249999999993783,3497,3486.2,3458.1,1.0112489517365026
2026-08-10 13:31:00,NSE:GKENERGY-EQ,134.81,0.0,0.037102997922233705,646890,646459.0,635375.75,1.0181219538202395
2026-08-10 13:31:00,NSE:IVZINNIFTY-EQ,283.0,0.0,0.0,548,548.0,501.2,1.0933758978451715
2026-08-10 13:31:00,NSE:LIKHITHA-EQ,227.0,0.0,-0.830056793359546,42424,42372.2,41017.45,1.0342915027628485
2026-08-10 13:31:00,NSE:PCBL-EQ,324.6,0.046232085067043904,0.061652281134416675,456450,456127.2,447595.8,1.019781686959529
2026-08-10 13:31:00,NSE:SHREYANIND-EQ,142.5,0.0,0.35211267605634866,957,853.6,476.95,2.006499633085229
2026-08-10 13:31:00,NSE:GIPCL-EQ,164.21,0.0,0.0,512233,512174.4,502998.8,1.0183582942941414
2026-08-10 13:31:00,NSE:PDMJEPAPER-EQ,97.71,0.06144393241165336,0.02047292455726879,39756,39744.6,38939.35,1.0209723582956574
2026-08-10 13:31:00,NSE:VAIBHAVGBL-EQ,239.9,0.0,0.1461072844917588,291864,291413.6,287638.65,1.0146897852566057
2026-08-10 13:31:00,NSE:VISL-EQ,36.97,0.0,0.0,18165723,18156116.4,18078847.3,1.004805378272098
2026-08-10 13:31:00,NSE:MANCREDIT-EQ,235.69,0.0,0.0,238246,238246.0,233994.75,1.0181681426613205
2026-08-10 13:31:00,NSE:SERVOTECH-EQ,85.1,0.0,0.0,302533,302329.6,296280.35,1.0211038295317256
2026-08-10 13:31:00,NSE:ADFFOODS-EQ,262.05,0.0,-0.019076688286923105,87703,87656.2,85939.95,1.0205149060477694
2026-08-10 13:31:00,NSE:INDOUS-EQ,81.21,-0.3436004417719962,-0.3313696612665784,961,956.2,928.8,1.034668389319552
2026-08-10 13:31:00,NSE:MOCAPITAL-EQ,53.36,0.0,0.0,3063986,3062790.6,3007348.5,1.018833035147074
2026-08-10 13:31:00,NSE:ELECTCAST-EQ,74.86,0.06683598449404027,0.0,3133664,3128039.8,3101035.8,1.0105217101976056
2026-08-10 13:31:00,NSE:GTPL-EQ,59.21,0.0,0.01689189189189033,15218,15218.0,10994.45,1.3841529135154553
2026-08-10 13:31:00,NSE:AAATECH-EQ,96.37,0.0,0.7106280698087719,45693,45552.6,43017.15,1.0622042603938195
2026-08-10 13:31:00,NSE:ELECON-EQ,440.0,-0.2041279201632995,-0.283286118980175,260225,258083.4,249201.15,1.0442367541241282
2026-08-10 13:31:00,NSE:MODEFENCE-EQ,106.83,-0.028074115665355226,-0.04678143712574245,1052926,1051031.2,1024743.85,1.0275016532180212
2026-08-10 13:31:00,NSE:EKC-EQ,114.91,0.0,-0.060880153070108634,164275,162246.6,138111.05,1.18944139516715
2026-08-10 13:31:00,NSE:PSUBNKIETF-EQ,87.9,0.0,0.0,102692,102052.4,100084.5,1.0260529852274827
2026-08-10 13:31:00,NSE:EIHOTEL-EQ,305.45,0.0,-0.03272786777942516,141614,140653.2,131530.55,1.076662417970578
2026-08-10 13:31:00,NSE:SIGMA-EQ,48.77,-0.04099200655871549,0.556701030927842,229671,228897.2,225607.35,1.018012046150092
2026-08-10 13:31:00,NSE:MOGOLD-EQ,149.35,0.0,-0.033467202141912455,34868,34866.8,34640.9,1.00655583428837
2026-08-10 13:31:00,NSE:GUJENERGY-EQ,264.45,0.0,-0.018903591682428722,349574,348856.4,338728.65,1.0320178113070742
2026-08-10 13:31:00,NSE:EIHAHOTELS-EQ,298.9,0.0,0.0,25849,25849.0,24892.15,1.0384398294241357
2026-08-10 13:31:00,NSE:INDOSTAR-EQ,243.1,0.0,0.47530481504443056,153316,152863.6,150377.3,1.019542178240998
2026-08-10 13:31:00,NSE:EIEL-EQ,217.02,0.009216589861749114,0.0,528722,528208.6,514100.9,1.0284401369458795
2026-08-10 13:31:00,NSE:TAJGVK-EQ,356.9,0.0,0.09816295049782653,35845,35842.0,35138.15,1.0201163123272
2026-08-10 13:31:00,NSE:ELLEN-EQ,301.9,0.0,-0.330141961043251,1690944,1689376.0,1684337.5,1.003922313669321
2026-08-10 13:31:00,NSE:SYNGENE-EQ,400.45,0.03747189607794521,-0.04991888181704596,1231947,1224666.2,1165613.15,1.056908975331996
2026-08-10 13:31:00,NSE:MOBIKWIK-EQ,205.5,-0.029188558085235794,0.06817296455006172,1961878,1959040.2,1936195.15,1.0132645978376715
2026-08-10 13:31:00,NSE:INDRAMEDCO-EQ,391.05,-0.03834355828220559,-0.02556563978012294,409236,408609.8,398402.4,1.02719260727345
2026-08-10 13:31:00,NSE:STARCEMENT-EQ,200.34,0.0,0.0,93976,93973.2,92863.7,1.0119777695698104
2026-08-10 13:31:00,NSE:GROWWPSUBK-EQ,87.28,0.0,0.0,6546,6435.0,6291.2,1.040501017293998
2026-08-10 13:31:00,NSE:EMSLIMITED-EQ,399.6,0.0,-0.012510947078681056,75146,75123.4,72621.05,1.034768844570548
2026-08-10 13:31:00,NSE:SWIGGY-EQ,281.25,-0.03554291807358334,-0.053304904051165725,8028140,8016591.4,7865993.6,1.0206135941936185
2026-08-10 13:31:00,NSE:SESHAPAPER-EQ,233.55,0.0,0.0,13713,13713.0,13697.2,1.0011535204275326
2026-08-10 13:31:00,NSE:EMMVEE-EQ,326.3,0.10737843227488497,0.01532567049808975,3157528,3149174.0,3078134.05,1.0257928825419413
2026-08-10 13:31:00,NSE:PSUBNKBEES-EQ,96.7,0.020686801820435363,0.010342331161439233,3261265,3233512.8,2905014.7,1.1226328734240139
2026-08-10 13:31:00,NSE:MMP-EQ,336.4,-0.17804154302670794,-3.388856978747845,214923,212676.8,128927.2,1.6670105299735045
2026-08-10 13:31:00,NSE:EMIL-EQ,185.5,-0.1077005923532548,0.32449972958354945,76520356,76143939.2,74571072.0,1.0261399487458085
2026-08-10 13:31:00,NSE:MOIL-EQ,283.2,0.0,-0.07057163020465218,433447,433089.2,404397.05,1.071835217393401
2026-08-10 13:31:00,NSE:SSWL-EQ,323.25,0.0,0.4037894082932203,808362,805196.8,780586.15,1.0355833241468606
2026-08-10 13:31:00,NSE:INDSWFTLAB-EQ,239.23,-0.008359456635320672,0.7284210526315782,724053,717467.4,705115.95,1.026856646768521
2026-08-10 13:31:00,NSE:EMBDL-EQ,64.44,0.0,-0.3248259860789027,2496139,2465571.6,1916700.95,1.3023100969402661
2026-08-10 13:31:00,NSE:SWSOLAR-EQ,204.21,0.0,-0.08806693086744755,370884,370730.2,364155.65,1.0184765772548083
2026-08-10 13:31:00,NSE:EMAMILTD-EQ,409.5,-0.06101281269066394,0.08554319931566301,180584,172283.4,161565.95,1.117710755267431
2026-08-10 13:31:00,NSE:MNC-EQ,35.0,0.0,0.0,54091,53951.0,51960.25,1.0410073084713796
2026-08-10 13:31:00,NSE:GSFC-EQ,162.08,0.0,0.0,207992,207917.2,205198.75,1.013612412356313
2026-08-10 13:31:00,NSE:MOALPHA50-EQ,56.27,0.0,0.0,12196,12196.0,12190.6,1.0004429642511443
2026-08-10 13:31:00,NSE:ELMDIV-EQ,37.05,0.0,0.0,8154,8154.0,8069.85,1.0104277031171582
2026-08-10 13:31:00,NSE:STALLION-EQ,252.8,-0.09879470460383288,-0.13825794983211015,1336243,1334247.2,1311233.95,1.0190729121984679
2026-08-10 13:31:00,NSE:MMTC-EQ,64.36,0.04663454064977035,0.10888163011353313,1825281,1824540.4,1794846.95,1.016956348283624
2026-08-10 13:31:00,NSE:MIDSMALL-EQ,52.43,0.0,0.057251908396938056,137179,136665.8,130365.6,1.0522637873794927
2026-08-10 13:31:00,NSE:EGOLD-EQ,150.85,0.0,-0.06624710168929848,10403,10401.0,10004.9,1.0397905026536998
2026-08-10 13:31:00,NSE:ZEEL-EQ,94.36,0.0,-0.0529604914733528,10860027,10847491.2,10506095.3,1.0336882247774775
2026-08-10 13:31:00,NSE:MOMENTUM-EQ,31.73,0.0,0.09463722397475838,30157,29823.4,26696.55,1.1296216177745815
2026-08-10 13:31:00,NSE:SENSEXAXIS-EQ,81.77,0.012230919765165993,0.012230919765165993,2641,2635.4,1750.6,1.5086256140751744
2026-08-10 13:31:00,NSE:SILVER-EQ,230.83,-0.004332004851836935,-0.017325767748077592,887370,884016.2,836907.7,1.060296135404179
2026-08-10 13:31:00,NSE:MOMENTUM30-EQ,31.32,0.0,0.0,18574,18574.0,18043.1,1.0294239903342552
2026-08-10 13:31:00,NSE:INDOBORAX-EQ,428.0,0.093545369504211,-0.07004436142891146,271066,270353.4,244825.85,1.1071788375287985
2026-08-10 13:31:00,NSE:DREAMFOLKS-EQ,69.95,0.4307250538406304,0.4307250538406304,16677,16560.2,15903.8,1.0486173115859103
2026-08-10 13:31:00,NSE:MOMENTUM50-EQ,54.35,0.0,0.018402649981585917,326442,324412.2,312998.25,1.0429515180995421
2026-08-10 13:31:00,NSE:DOLPHIN-EQ,421.0,0.0,0.0,22135,22135.0,21927.4,1.009467606738601
2026-08-10 13:31:00,NSE:HAPPSTMNDS-EQ,406.7,0.0,0.0,481173,480068.6,466121.35,1.0322912692156239
2026-08-10 13:31:00,NSE:MOMGF-EQ,166.93,0.0,0.0,513,513.0,455.4,1.1264822134387353
2026-08-10 13:31:00,NSE:QGOLDHALF-EQ,125.2,0.0,-0.03992015968063978,73586,73506.0,66870.55,1.100424626386354
2026-08-10 13:31:00,NSE:SILVER360-EQ,227.08,0.0,-0.11436614762030395,29426,29426.0,29338.05,1.002997813419774
2026-08-10 13:31:00,NSE:TARIL-EQ,299.7,0.06677796327212437,0.06677796327212437,530566,529281.6,517718.25,1.0248161041261343
2026-08-10 13:31:00,NSE:INDIQUBE-EQ,185.99,0.0,-0.005376344086016616,241351,241270.2,234047.15,1.0312067461620447
2026-08-10 13:31:00,NSE:DMCC-EQ,282.0,-0.15932023366966863,0.14204545454543638,211684,211478.4,205289.5,1.0311486948918478
2026-08-10 13:31:00,NSE:MOMIDMTM-EQ,65.2,0.0,0.1536098310291889,88967,88628.6,87364.6,1.0183415250570595
2026-08-10 13:31:00,NSE:VESUVIUS-EQ,456.65,0.01095050372315054,0.01095050372315054,48845,48798.6,47464.9,1.029076222640309
2026-08-10 13:31:00,NSE:DLINKINDIA-EQ,436.8,0.0,-0.0343288705801581,57524,57467.6,56264.1,1.0223926091415307
2026-08-10 13:31:00,NSE:MOMNC-EQ,33.88,0.0,0.0,23571,23571.0,23546.6,1.0010362430244706
2026-08-10 13:31:00,NSE:DVL-EQ,268.48,0.0,0.48656336552137525,21345,21325.0,19581.9,1.0900372282567063
2026-08-10 13:31:00,NSE:WIPRO-EQ,185.65,0.02693965517241992,0.08086253369272711,3726133,3714185.8,3589026.95,1.038201454575313
2026-08-10 13:31:00,NSE:MOM50-EQ,258.06,0.0,0.3538790589150409,1609,1608.4,1513.15,1.0633446783200606
2026-08-10 13:31:00,NSE:DYCL-EQ,419.8,-0.04761904761904079,0.09537434430140213,939656,937014.6,909885.9,1.0327184980006834
2026-08-10 13:31:00,NSE:MOINFRA-EQ,60.3,0.0,0.06637902422834685,2031,1958.4,1821.7,1.1148926826590546
2026-08-10 13:31:00,NSE:SENSEXETF-EQ,81.14,0.0,0.0,45887,45887.0,45870.75,1.0003542562526229
2026-08-10 13:31:00,NSE:ADANIPOWER-EQ,208.95,0.009572584119066363,0.02393489707992469,6673983,6657128.6,6474934.6,1.030741376136834
2026-08-10 13:31:00,NSE:ARIHANTCAP-EQ,76.0,0.0,0.0,86617,86617.0,86174.7,1.0051325969222986
2026-08-10 13:31:00,NSE:INDOFARM-EQ,153.26,0.0,0.3010471204188292,257647,257420.8,253639.65,1.0157993831011831
2026-08-10 13:31:00,NSE:TALBROAUTO-EQ,437.9,0.0,0.1028688993027771,142548,142282.8,137522.35,1.0365442417178008
2026-08-10 13:31:00,NSE:MOL-EQ,55.3,0.0,0.03617945007234891,1671314,1670936.4,1657260.9,1.0084797149320304
2026-08-10 13:31:00,NSE:SIGNPOST-EQ,270.45,0.0,0.09252405625461702,120644,120297.0,114098.1,1.0573708063499743
2026-08-10 13:31:00,NSE:VMM-EQ,108.22,0.0,0.01848428835489191,2323093,2321323.2,2285360.6,1.0165104797903666
2026-08-10 13:31:00,NSE:GUJTHEM-EQ,369.5,-0.06761325219742931,0.3939682108409226,75478,75142.2,74000.4,1.0199674596353534
2026-08-10 13:31:00,NSE:MOLDTECH-EQ,194.76,-0.12307692307692575,-0.5870042366392769,520454,518665.4,515035.35,1.0105209283207455
2026-08-10 13:31:00,NSE:WINDMACHIN-EQ,300.55,0.0,0.11658894070620818,241404,241140.8,239436.8,1.008215946755052
2026-08-10 13:31:00,NSE:MOLOWVOL-EQ,37.62,0.0,0.0,892,892.0,890.8,1.001347103726987
2026-08-10 13:31:00,NSE:EDELWEISS-EQ,119.38,0.09222771862160695,0.0,1625454,1621207.2,1569833.8,1.0354306296628344
2026-08-10 13:31:00,NSE:INDOCO-EQ,220.89,0.0,-0.15819924064365276,62415,62374.2,51182.65,1.2194562024436015
2026-08-10 13:31:00,NSE:TARACHAND-EQ,50.9,0.0,0.6525608068024491,287791,280259.8,267935.45,1.074105722105828
2026-08-10 13:31:00,NSE:EBANKNIFTY-EQ,58.08,0.0,0.0,119,119.0,112.7,1.0559006211180124
2026-08-10 13:31:00,NSE:MOM100-EQ,68.93,0.0,0.02902336380787851,293065,291811.4,284106.7,1.031531463355141
2026-08-10 13:31:00,NSE:GULPOLY-EQ,200.45,0.0,-0.2885141521166035,412113,410397.2,400181.2,1.0298159933550102
2026-08-10 13:31:00,NSE:MOM30IETF-EQ,31.89,0.0,0.0,732837,732474.2,705986.55,1.0380325234241359
2026-08-10 13:31:00,NSE:EFCIL-EQ,184.09,0.0,-0.16811279826464132,155351,155319.0,150619.65,1.031412568014864
2026-08-10 13:31:00,NSE:ARIS-EQ,136.0,-0.05144410964944557,0.08094782544705303,1442402,1441812.0,1394718.45,1.034188656499095
2026-08-10 13:31:00,NSE:MIDHANI-EQ,438.5,0.0,0.0684618895481437,532066,531509.8,525614.6,1.012274012175461
2026-08-10 13:31:00,NSE:MIDCAPBETA-EQ,237.97,0.0,0.41351955778723415,1149,1124.4,1077.15,1.0667038016989276
2026-08-10 13:31:00,NSE:GROWW-EQ,193.7,0.03615142281669925,0.09818614025114414,14981063,14943906.6,14290588.35,1.0483167405770246
2026-08-10 13:31:00,NSE:EVINDIA-EQ,34.38,0.0,0.0,1255807,1255630.6,1246985.1,1.0070745833290229
2026-08-10 13:31:00,NSE:IT-EQ,35.16,-0.08525149190110604,-0.08525149190110604,387832,387638.4,381291.15,1.0171544763102947
2026-08-10 13:31:00,NSE:MARSONS-EQ,104.52,0.0,0.10535389330523781,1032809,1032775.2,1031236.4,1.0015249655656064
2026-08-10 13:31:00,NSE:EVIETF-EQ,34.35,0.0,0.029120559114725886,663380,663097.8,661706.05,1.0025297486701232
2026-08-10 13:31:00,NSE:MASFIN-EQ,301.5,0.0,-0.13249420337859696,102917,102870.6,99439.4,1.0349720533309734
2026-08-10 13:31:00,NSE:GROWWCHEM-EQ,30.81,0.0,0.0,34713,34713.0,34574.8,1.0039971308583129
2026-08-10 13:31:00,NSE:MASPTOP50-EQ,80.65,0.0,0.0,28329,28329.0,27331.25,1.036505831237137
2026-08-10 13:31:00,NSE:APTUS-EQ,257.3,0.0,0.01943634596697219,415358,414878.4,407176.7,1.0200927508867772
2026-08-10 13:31:00,NSE:EVEREADY-EQ,357.75,0.013978194017338907,-0.11168504816416736,304483,304276.2,299117.95,1.0179362355218067
2026-08-10 13:31:00,NSE:SUDARCOLOR-EQ,411.55,0.0,0.35357229943915325,11238,11188.8,10896.2,1.0313687340540738
2026-08-10 13:31:00,NSE:ORIENTTECH-EQ,257.75,0.1748931208705784,0.1554303477753871,88515,88480.2,84085.9,1.0526735160116025
2026-08-10 13:31:00,NSE:INTLCONV-EQ,75.0,0.0,-0.22615405081815032,39226,38584.4,36219.95,1.0829943166680243
2026-08-10 13:31:00,NSE:HINDOILEXP-EQ,162.58,0.0,-0.20869138227349593,875388,862048.2,812701.85,1.077133022399297
2026-08-10 13:31:00,NSE:MASTERTR-EQ,81.15,0.0,-0.02463964518910622,158720,158375.2,146280.4,1.085039417447587
2026-08-10 13:31:00,NSE:ADVANIHOTR-EQ,50.49,0.0,0.4576203740549234,15510,15312.6,14857.25,1.0439347793164953
2026-08-10 13:31:00,NSE:EUREKAFORB-EQ,452.0,0.0,0.0,56232,56204.4,54421.8,1.0332624058741167
2026-08-10 13:31:00,NSE:SETFNIF50-EQ,265.16,0.003771450122580511,0.003771450122580511,260123,259868.4,256306.2,1.014891563294216
2026-08-10 13:31:00,NSE:MATRIMONY-EQ,476.2,0.0,-0.08392782207302663,59495,59461.2,58885.05,1.0103583167544223
2026-08-10 13:31:00,NSE:MARKSANS-EQ,271.7,0.0,0.05523844595838323,488132,485779.8,460801.85,1.0593099832389996
2026-08-10 13:31:00,NSE:SULA-EQ,154.09,0.0,0.24069737184491125,414194,413695.4,406188.2,1.0197095828977798
2026-08-10 13:31:00,NSE:EXCELSOFT-EQ,77.5,-0.12886597938143174,-0.23171987641606995,804027,801374.0,761640.15,1.0556520687623938
2026-08-10 13:31:00,NSE:MARKOLINES-EQ,181.55,0.0,0.016527104451302677,129156,129040.0,126755.75,1.0189360245984895
2026-08-10 13:31:00,NSE:APOLLOTYRE-EQ,449.75,0.0,-0.022229632099590724,551274,551100.2,541767.0,1.0175481341609953
2026-08-10 13:31:00,NSE:MANINFRA-EQ,115.84,0.0,0.08640055296353921,2465386,2458699.4,2297481.2,1.0730821214119184
2026-08-10 13:31:00,NSE:PACEDIGITK-EQ,179.15,0.027917364600793526,0.21816961288880776,912615,907944.0,883373.2,1.0331024305469083
2026-08-10 13:31:00,NSE:VIYASH-EQ,277.5,0.0,0.0,1004371,1003005.4,949144.7,1.0581853325420245
2026-08-10 13:31:00,NSE:GRMOVER-EQ,90.15,0.0,-0.0886623074365489,685224,682332.0,577448.25,1.1866414003332766
2026-08-10 13:31:00,NSE:SUNFLAG-EQ,383.55,0.3400915631131429,0.1697571167406764,141724,137143.0,134466.4,1.0539733346025475
2026-08-10 13:31:00,NSE:AMBUJACEM-EQ,431.7,-0.011580775911990138,0.034758428919001716,1011005,1008087.6,966817.05,1.0457045622023318
2026-08-10 13:31:00,NSE:FDC-EQ,368.15,0.0,-0.013579576317224173,157688,157587.4,149703.25,1.0533371853984466
2026-08-10 13:31:00,NSE:MANUFGBEES-EQ,167.85,0.0,0.0,4312,4312.0,4312.0,1.0
2026-08-10 13:31:00,NSE:ZAGGLE-EQ,204.43,0.0,0.19604960054893095,366840,366644.0,350271.7,1.0473012806915316
2026-08-10 13:31:00,NSE:POCL-EQ,485.75,-0.11309891013777662,-0.010292301358583167,283648,283091.4,276567.5,1.0256013450604282
2026-08-10 13:31:00,NSE:MARATHON-EQ,387.6,0.0,0.15503875968991832,40015,40007.8,39616.7,1.0100538409307187
2026-08-10 13:31:00,NSE:SETL-EQ,280.7,0.0,-0.053409293217032694,306712,305771.8,294102.2,1.0428755718250322
2026-08-10 13:31:00,NSE:MARINE-EQ,353.55,-0.11301031219098645,0.11326631742887283,1364073,1360852.2,1308642.3,1.04235741118868
2026-08-10 13:31:00,NSE:OSWALPUMPS-EQ,309.15,-0.16147263038914783,-0.20981278244029955,1214172,1211279.6,1190368.95,1.0199963633123998
2026-08-10 13:31:00,NSE:EXIDEIND-EQ,485.55,0.030902348578498717,-0.030883261272385276,2088852,2085452.8,2015184.1,1.036556411893087
2026-08-10 13:31:00,NSE:ITAXIS-EQ,349.47,0.08305172117533122,0.08305172117533122,2583041,2583040.2,2583017.7,1.0000090204569638
2026-08-10 13:31:00,NSE:ADVENTHTL-EQ,145.75,0.0,-0.08911434055387524,28293,28213.8,27290.05,1.0367514900119275
2026-08-10 13:31:00,NSE:EXICOM-EQ,158.29,0.025276461295420383,0.006317917614340196,1061915,1061303.2,1047854.95,1.0134179353735935
2026-08-10 13:31:00,NSE:ITADD-EQ,33.67,0.0,0.0,26785,26785.0,26763.95,1.0007865057287881
2026-08-10 13:31:00,NSE:FCL-EQ,43.07,0.0,0.09295840111549492,10911708,10901983.2,10632266.0,1.0262824500440453
2026-08-10 13:31:00,NSE:INDUSTOWER-EQ,372.15,-0.013433637829129985,0.013437248051584305,2948854,2942734.0,2845152.5,1.0364484856259901
2026-08-10 13:31:00,NSE:ETERNAL-EQ,313.7,0.0,-0.031867431485033126,5862110,5839820.6,5641739.45,1.0390607457067162
2026-08-10 13:31:00,NSE:MAWANASUG-EQ,119.2,0.1680672268907557,0.1680672268907557,488734,488733.2,484255.2,1.0092488423459365
2026-08-10 13:31:00,NSE:MEDIASSIST-EQ,353.6,-0.18348623853210455,-0.23980815347720563,422945,422702.0,418157.4,1.0114492772338837
2026-08-10 13:31:00,NSE:EQUAL50-EQ,340.44,0.0,0.0,528,528.0,489.5,1.0786516853932584
2026-08-10 13:31:00,NSE:MEESHO-EQ,192.08,0.04166666666667318,-0.093623218558192,8229228,8201926.8,7642451.0,1.0767786407789857
2026-08-10 13:31:00,NSE:ORIENTCER-EQ,43.0,0.0,0.0,16848,16844.8,14854.9,1.1341712162316813
2026-08-10 13:31:00,NSE:GROWWMC150-EQ,236.94,0.0,0.0,6154,6154.0,6153.55,1.00007312851931
2026-08-10 13:31:00,NSE:STEELCAS-EQ,334.0,0.13491230700044543,-0.029931158335838592,42298,41626.4,40335.05,1.0486661104919914
2026-08-10 13:31:00,NSE:PSUBANKADD-EQ,87.79,0.0,0.0,61373,61372.8,52129.15,1.1773259299259626
2026-08-10 13:31:00,NSE:EPACKPEB-EQ,252.75,0.0,0.039580447259046636,376171,375938.6,367155.6,1.0245547119531884
2026-08-10 13:31:00,NSE:MHRIL-EQ,230.0,0.0,0.06525995214270441,105060,104999.2,103957.9,1.0106014069156841
2026-08-10 13:31:00,NSE:UJJIVANSFB-EQ,70.69,0.08494973807164907,0.11329839966010002,4590076,4583187.2,4460188.4,1.0291215501120983
2026-08-10 13:31:00,NSE:EPACK-EQ,231.83,0.0,-0.03880648499481332,322195,321977.8,310452.45,1.0378239888266303
2026-08-10 13:31:00,NSE:INFOBEAN-EQ,162.82,0.0,0.06145526057030892,154517,154463.4,142702.15,1.082793777108474
2026-08-10 13:31:00,NSE:ENGINERSIN-EQ,244.5,0.0,0.0,1617048,1615513.6,1579811.9,1.023569957917142
2026-08-10 13:31:00,NSE:MID150BEES-EQ,243.34,0.020551605080365576,0.03699897225077908,596631,588089.6,557166.6,1.0708305199916865
2026-08-10 13:31:00,NSE:ADSL-EQ,115.8,0.0,0.03455425017275804,94748,94741.8,93637.7,1.011857403588512
2026-08-10 13:31:00,NSE:ENEXT50-EQ,74.23,0.0,0.0,967,967.0,967.0,1.0
2026-08-10 13:31:00,NSE:GROWWPSE-EQ,98.81,0.0,0.0,696,696.0,692.2,1.0054897428488876
2026-08-10 13:31:00,NSE:AGIIL-EQ,301.5,0.0,0.0,97784,97776.6,95742.95,1.0213180187157385
2026-08-10 13:31:00,NSE:ENERGY-EQ,38.96,0.0,0.05136106831022946,101490,101404.0,98801.3,1.0272132046845537
2026-08-10 13:31:00,NSE:EQUAL50ADD-EQ,352.81,0.0,-0.0028343064452096556,2789,2776.6,2681.25,1.0401864801864802
2026-08-10 13:31:00,NSE:SETFGOLD-EQ,128.72,-0.031065548306918878,-0.04659108557230063,4171709,4146371.6,4044782.3,1.0313803538944482
2026-08-10 13:31:00,NSE:INFRAIETF-EQ,97.72,-0.09201513137716555,-0.08179959100204082,78552,78450.0,77211.45,1.017362062232998
2026-08-10 13:31:00,NSE:EQUITASBNK-EQ,76.57,-0.013058239749286216,0.013061650992662877,1569985,1568302.2,1521916.15,1.0315844273023846
2026-08-10 13:31:00,NSE:ESTER-EQ,98.75,0.15212981744423537,-0.48372468003627933,858730,856802.2,791790.45,1.084542002243144
2026-08-10 13:31:00,NSE:PSUBANK-EQ,86.93,0.0,0.0,252431,252407.0,249494.1,1.011771420646821
2026-08-10 13:31:00,NSE:5PAISA-EQ,381.75,-0.013095861707701495,0.013099292638196758,93418,93351.8,91913.15,1.01637252123336
2026-08-10 13:31:00,NSE:ESILVER-EQ,230.64,0.0,-0.004335573379588009,40583,40548.0,38916.9,1.042811734747629
2026-08-10 13:31:00,NSE:INOXWIND-EQ,74.65,0.04020369874029317,0.21479393207144426,42420821,42389082.2,41729535.45,1.0165658577922174
2026-08-10 13:31:00,NSE:STYL-EQ,418.15,-0.011956001912960534,0.21569802276812933,259994,259811.8,254292.25,1.022422036062837
2026-08-10 13:31:00,NSE:GROWWEV-EQ,34.25,0.0,-0.05836008170412299,543099,542563.0,533651.75,1.0177030244911593
2026-08-10 13:31:00,NSE:MAXIND-EQ,169.65,-0.017680339462522454,-0.017680339462522454,38182,38179.6,37818.4,1.0096143676094176
2026-08-10 13:31:00,NSE:ESG-EQ,42.45,0.0,0.0,2137,2137.0,2132.0,1.0023452157598498
2026-08-10 13:31:00,NSE:GROWWDEFNC-EQ,97.56,0.0,0.010251153254747791,148988,148785.4,141830.15,1.0504677602047239
2026-08-10 13:31:00,NSE:ORIENTHOT-EQ,126.72,0.0,0.11851149561508123,279157,278729.0,269930.25,1.034181978492592
2026-08-10 13:31:00,NSE:INNOVISION-EQ,282.65,0.0,-0.44029587883057664,6533,6512.8,6246.15,1.0459242893622471
2026-08-10 13:31:00,NSE:MBAPL-EQ,163.7,0.0,0.12232415902140303,302897,302754.2,298326.55,1.0153202924781586
2026-08-10 13:31:00,NSE:ESAFSFB-EQ,40.03,0.0,-0.024975024975015803,1537916,1537511.4,1377122.8,1.1167602482509185
2026-08-10 13:31:00,NSE:GROWWHOSPI-EQ,54.66,0.0,0.0,151197,151185.6,148999.4,1.014749052680749
2026-08-10 13:31:00,NSE:STUDDS-EQ,440.0,0.0,0.0,103371,103043.4,97939.2,1.0554609390315626
2026-08-10 13:31:00,NSE:MBEL-EQ,284.0,-0.12308774397750133,-0.4556607080266395,1019909,1011061.4,862788.9,1.1821072338784144
2026-08-10 13:31:00,NSE:MCL-EQ,58.99,0.0,-0.016949152542367063,66325,66231.0,65921.1,1.0061270215454534
2026-08-10 13:31:00,NSE:ORIENTELEC-EQ,190.46,0.031512605042016695,-0.0262453414518804,574669,574563.8,557020.05,1.031684586578167
2026-08-10 13:31:00,NSE:ARCHIDPLY-EQ,95.96,0.0,-0.010419922892579425,155874,155867.2,152748.4,1.020462407462206
2026-08-10 13:31:00,NSE:ESENSEX-EQ,79.04,0.0,0.0,436,436.0,436.0,1.0
2026-08-10 13:31:00,NSE:EUROPRATIK-EQ,319.2,-0.12515644555696204,-0.10952902519167917,202425,202404.0,200804.65,1.0080692852481254
