Timestamp,Symbol,LTP,LTQ,Ticks_2min,Ticks_5min,LTQ_2min_avg,LTQ_5min_avg,LTQ_Spike_Ratio,ETQ_5min,ETQ_20min,ETQ_60min,BidQty,AskQty,BidAsk_Imbalance,Volume
2026-08-10 13:23:38.051229,NSE:1018GS2026-GS,104.45,1,0,0,,,0.0,0,3,208,10,735,-0.9731543624161074,252
2026-08-10 13:22:00.604002,NSE:182D030926-TB,99.0,200,0,0,,,0.0,0,400,800,5000,0,1.0,0
2026-08-10 13:22:00.399686,NSE:182D040227-TB,97.31,0,0,0,,,0.0,0,0,0,5000,800,0.7241379310344828,0
2026-08-10 13:22:01.394223,NSE:182D051126-TB,98.0,100,0,0,,,0.0,0,200,400,5000,0,1.0,0
2026-08-10 13:22:00.757701,NSE:182D070127-TB,97.0,300,0,0,,,0.0,0,600,1200,5000,0,1.0,0
2026-08-10 13:21:59.838018,NSE:182D081026-TB,98.97,2000,0,0,,,0.0,0,4000,8000,5000,0,1.0,0
2026-08-10 13:22:00.353906,NSE:182D100926-TB,99.18,3000,0,0,,,0.0,0,6000,12000,5000,0,1.0,0
2026-08-10 13:21:59.913788,NSE:182D101226-TB,97.0,200,0,0,,,0.0,0,400,800,5000,0,1.0,0
2026-08-10 13:21:59.569319,NSE:182D121126-TB,97.32,0,0,0,,,0.0,0,0,0,5000,0,1.0,0
2026-08-10 13:22:00.808260,NSE:182D130826-TB,99.2,1000,0,0,,,0.0,0,2000,4000,10000,1000,0.8181818181818182,0
2026-08-10 13:28:41.774118,NSE:182D140127-TB,97.31,0,0,1,,0.0,0.0,0,0,0,5000,100,0.9607843137254902,0
2026-08-10 13:22:01.614130,NSE:182D151026-TB,98.5,500,0,0,,,0.0,0,1000,2000,5000,0,1.0,0
2026-08-10 13:22:00.378269,NSE:182D171226-TB,97.43,200,0,0,,,0.0,0,400,800,5000,0,1.0,0
2026-08-10 13:22:01.062415,NSE:182D180926-TB,98.86,500,0,0,,,0.0,0,1000,2000,5000,0,1.0,0
2026-08-10 13:22:00.449857,NSE:182D191126-TB,97.22,0,0,0,,,0.0,0,0,0,5000,0,1.0,0
2026-08-10 13:21:59.403999,NSE:182D210127-TB,97.29,0,0,0,,,0.0,0,0,0,5000,0,1.0,0
2026-08-10 13:22:01.513779,NSE:182D210826-TB,99.15,100,0,0,,,0.0,0,200,400,5000,0,1.0,0
2026-08-10 13:22:00.031340,NSE:182D221026-TB,98.2,900,0,0,,,0.0,0,1800,3600,5000,0,1.0,0
2026-08-10 13:21:59.406933,NSE:182D241226-TB,97.51,500,0,0,,,0.0,0,1000,2000,5000,0,1.0,0
2026-08-10 13:22:00.965537,NSE:182D270826-TB,99.15,5000,0,0,,,0.0,0,10000,20000,5000,0,1.0,0
2026-08-10 13:22:01.113815,NSE:182D271126-TB,98.18,7800,0,0,,,0.0,0,15600,31200,5000,0,1.0,0
2026-08-10 13:22:00.269444,NSE:182D280127-TB,97.29,0,0,0,,,0.0,0,0,0,5000,0,1.0,0
2026-08-10 13:22:00.941377,NSE:182D291026-TB,97.34,0,0,0,,,0.0,0,0,0,5000,0,1.0,0
2026-08-10 13:22:01.716525,NSE:182D311226-TB,97.77,5000,0,0,,,0.0,0,10000,20000,5000,1900,0.4492753623188406,0
2026-08-10 13:31:25.873811,NSE:20MICRONS-EQ,188.77,1,21,35,29.476190476190474,26.714285714285715,1.103386809269162,935,1237,6975,12,1,0.8461538461538461,50515
2026-08-10 13:31:32.523920,NSE:21STCENMGM-EQ,42.75,55,1,3,55.0,55.0,0.0,165,237,3107,210,175,0.09090909090909091,8981
2026-08-10 13:22:01.704751,NSE:364D010727-TB,94.44,800,0,0,,,0.0,0,1600,3200,5000,0,1.0,0
2026-08-10 13:21:59.813126,NSE:364D021026-TB,97.25,100,0,0,,,0.0,0,200,400,5000,0,1.0,0
2026-08-10 13:22:00.181849,NSE:364D030926-TB,98.99,200,0,0,,,0.0,0,400,800,5000,0,1.0,0
2026-08-10 13:22:01.145827,NSE:364D031226-TB,98.12,2000,0,0,,,0.0,0,4000,8000,5000,0,1.0,0
2026-08-10 13:21:59.923944,NSE:364D040227-TB,96.15,400,0,0,,,0.0,0,800,1600,5000,0,1.0,0
2026-08-10 13:22:00.604002,NSE:364D040327-TB,94.36,100,0,0,,,0.0,0,200,400,5000,0,1.0,0
2026-08-10 13:22:00.404017,NSE:364D050827-TB,94.64,0,0,0,,,0.0,0,0,0,10000,0,1.0,0
2026-08-10 13:22:01.391707,NSE:364D060527-TB,95.3,500,0,0,,,0.0,0,1000,2000,5000,0,1.0,0
2026-08-10 13:22:01.364117,NSE:364D061126-TB,98.0,3100,0,0,,,0.0,0,6200,12400,5000,0,1.0,0
2026-08-10 13:22:01.130755,NSE:364D070127-TB,96.17,100,0,0,,,0.0,0,200,400,5000,0,1.0,0
2026-08-10 13:21:59.846848,NSE:364D080427-TB,96.01,2800,0,0,,,0.0,0,5600,11200,5000,0,1.0,0
2026-08-10 13:22:00.766676,NSE:364D080727-TB,93.66,1000,0,0,,,0.0,0,2000,4000,5000,0,1.0,0
2026-08-10 13:22:00.647275,NSE:364D081026-TB,98.68,100,0,0,,,0.0,0,200,400,1000,1000,0.0,0
2026-08-10 13:21:59.628053,NSE:364D100627-TB,94.76,400,0,0,,,0.0,0,800,1600,5000,0,1.0,0
2026-08-10 13:21:59.318509,NSE:364D100926-TB,98.59,20000,0,0,,,0.0,0,40000,80000,100,0,1.0,0
2026-08-10 13:22:01.557587,NSE:364D101226-TB,97.85,10900,0,0,,,0.0,0,21800,43600,5000,0,1.0,0
2026-08-10 13:22:00.811600,NSE:364D110227-TB,97.17,2900,0,0,,,0.0,0,5800,11600,5000,0,1.0,0
2026-08-10 13:22:00.358648,NSE:364D110327-TB,96.35,1000,0,0,,,0.0,0,2000,4000,5000,0,1.0,0
2026-08-10 13:22:00.071520,NSE:364D121126-TB,97.2,400,0,0,,,0.0,0,800,1600,5000,0,1.0,0
2026-08-10 13:21:59.589032,NSE:364D130527-TB,94.54,4400,0,0,,,0.0,0,8800,17600,5000,0,1.0,0
2026-08-10 13:21:59.307389,NSE:364D130826-TB,99.8,45000,0,0,,,0.0,0,90000,225000,9000,50000,-0.6949152542372882,145000
2026-08-10 13:21:59.366136,NSE:364D150127-TB,96.65,500,0,0,,,0.0,0,1000,2000,5000,0,1.0,0
2026-08-10 13:22:01.618041,NSE:364D150427-TB,95.91,3000,0,0,,,0.0,0,6000,12000,5000,0,1.0,0
2026-08-10 13:22:01.425172,NSE:364D150727-TB,94.63,0,0,0,,,0.0,0,0,0,5000,0,1.0,0
2026-08-10 13:22:00.568014,NSE:364D151026-TB,98.36,1900,0,0,,,0.0,0,3800,7600,5000,0,1.0,0
2026-08-10 13:22:00.900391,NSE:364D170627-TB,94.75,500,0,0,,,0.0,0,1000,2000,5000,0,1.0,0
2026-08-10 13:22:01.007545,NSE:364D170926-TB,98.77,500,0,0,,,0.0,0,1000,2000,5000,2000,0.42857142857142855,0
2026-08-10 13:21:59.727931,NSE:364D171226-TB,98.01,1500,0,0,,,0.0,0,3000,6000,5000,0,1.0,0
2026-08-10 13:22:01.512264,NSE:364D190227-TB,95.6,400,0,0,,,0.0,0,800,1600,5000,0,1.0,0
2026-08-10 13:22:01.065297,NSE:364D190327-TB,96.29,3000,0,0,,,0.0,0,6000,12000,5000,0,1.0,0
2026-08-10 13:21:59.939268,NSE:364D191126-TB,97.2,200,0,0,,,0.0,0,400,800,5000,0,1.0,0
2026-08-10 13:22:00.421565,NSE:364D200527-TB,95.39,2700,0,0,,,0.0,0,5400,10800,5000,0,1.0,0
2026-08-10 13:22:00.655737,NSE:364D200826-TB,99.28,100,0,0,,,0.0,0,200,400,100,0,1.0,0
2026-08-10 13:21:59.928095,NSE:364D210127-TB,96.06,8500,0,0,,,0.0,0,17000,34000,5000,0,1.0,0
2026-08-10 13:22:00.022359,NSE:364D220427-TB,95.89,3700,0,0,,,0.0,0,7400,14800,5000,0,1.0,0
2026-08-10 13:21:59.414220,NSE:364D220727-TB,97.16,100,0,0,,,0.0,0,200,400,5000,0,1.0,0
2026-08-10 13:21:59.464115,NSE:364D231026-TB,98.7,100,0,0,,,0.0,0,200,400,5000,0,1.0,0
2026-08-10 13:21:59.731971,NSE:364D240627-TB,94.0,4700,0,0,,,0.0,0,9400,18800,5000,0,1.0,0
2026-08-10 13:22:00.489221,NSE:364D240926-TB,98.5,1000,0,0,,,0.0,0,2000,4000,100,0,1.0,0
2026-08-10 13:22:00.968067,NSE:364D250227-TB,96.02,100,0,0,,,0.0,0,200,400,5000,0,1.0,0
2026-08-10 13:22:01.157515,NSE:364D251226-TB,96.35,2000,0,0,,,0.0,0,4000,8000,5000,0,1.0,0
2026-08-10 13:22:00.494105,NSE:364D261126-TB,97.6,6600,0,0,,,0.0,0,13200,26400,5000,0,1.0,0
2026-08-10 13:21:59.876440,NSE:364D280127-TB,96.75,100,0,0,,,0.0,0,200,400,5000,0,1.0,0
2026-08-10 13:22:01.113815,NSE:364D280527-TB,94.85,100,0,0,,,0.0,0,200,400,5000,0,1.0,0
2026-08-10 13:22:01.319950,NSE:364D280826-TB,99.3,100,0,0,,,0.0,0,200,400,100,0,1.0,0
2026-08-10 13:22:00.938546,NSE:364D290427-TB,94.41,700,0,0,,,0.0,0,1400,2800,5000,0,1.0,0
2026-08-10 13:22:00.229033,NSE:364D290727-TB,94.6,300,0,0,,,0.0,0,600,1200,100,0,1.0,0
2026-08-10 13:22:00.664077,NSE:364D291026-TB,98.14,1200,0,0,,,0.0,0,2400,4800,5000,0,1.0,0
2026-08-10 13:26:14.651109,NSE:3PLAND-EQ,31.8,20,0,0,,,0.0,0,240,296,300,2322,-0.7711670480549199,3840
2026-08-10 13:22:01.501942,NSE:574GS2026-GS,101.45,1,0,0,,,0.0,0,2,4,4000,4000,0.0,0
2026-08-10 13:22:00.784211,NSE:577GS2030-GS,97.0,1,0,0,,,0.0,0,2,4,1000,0,1.0,0
2026-08-10 13:22:00.554336,NSE:579GS2030-GS,97.2,1,0,0,,,0.0,0,2,4,100,0,1.0,0
2026-08-10 13:22:01.168903,NSE:585GS2030-GS,96.51,1,0,0,,,0.0,0,2,4,100,0,1.0,0
2026-08-10 13:23:53.497915,NSE:591GS2028-GS,98.36,90,0,0,,,0.0,0,270,450,5000,289,0.8907165815844205,0
2026-08-10 13:31:06.447864,NSE:5PAISA-EQ,381.75,16,8,17,11.5,8.588235294117647,1.339041095890411,146,920,6047,123,4,0.937007874015748,93418
2026-08-10 13:21:59.689378,NSE:601GS2028-GS,102.0,6,0,0,,,0.0,0,12,24,1500,3200,-0.3617021276595745,0
2026-08-10 13:21:59.460433,NSE:601GS2030-GS,101.8,1,0,0,,,0.0,0,2,5,525,549,-0.0223463687150838,0
2026-08-10 13:22:01.289952,NSE:603GS2029-GS,100.36,94,0,0,,,0.0,0,188,376,1000,200,0.6666666666666666,0
2026-08-10 13:21:59.490489,NSE:610GS2031-GS,103.25,1,0,0,,,0.0,0,2,4,0,1500,-1.0,0
2026-08-10 13:21:59.678343,NSE:613GS2028-GS,99.4,2,0,0,,,0.0,0,4,8,5,2,0.42857142857142855,0
2026-08-10 13:22:01.102402,NSE:619GS2034-GS,98.5,500,0,0,,,0.0,0,1000,2000,1000,0,1.0,0
2026-08-10 13:21:59.601829,NSE:622GS2035-GS,98.85,3700,0,0,,,0.0,0,7400,14800,1000,0,1.0,0
2026-08-10 13:21:59.362028,NSE:628GS2032-GS,98.65,190,0,0,,,0.0,0,380,760,1000,2000,-0.3333333333333333,0
2026-08-10 13:22:00.874722,NSE:633GS2035-GS,98.0,999,0,0,,,0.0,0,1998,3996,5000,104,0.9592476489028213,0
2026-08-10 13:22:00.945484,NSE:636GS2031-GS,102.5,100,0,0,,,0.0,0,200,400,5000,49,0.9805902158843335,0
2026-08-10 13:22:01.331153,NSE:645GS2029-GS,100.5,1,0,0,,,0.0,0,2,4,1000,97,0.8231540565177757,0
2026-08-10 13:21:57.375128,NSE:647MH28-SG,97.95,30000,0,0,,,0.0,0,60000,120000,100,0,1.0,0
2026-08-10 13:21:59.692462,NSE:648GS2035-GS,101.15,1,0,0,,,0.0,0,2,5,120,99,0.0958904109589041,0
2026-08-10 13:21:57.479133,NSE:653KA30-SG,93.0,7900,0,0,,,0.0,0,15800,31600,100,0,1.0,0
2026-08-10 13:21:58.153380,NSE:653TN31-SG,100.54,1000,0,0,,,0.0,0,2000,4000,0,0,0.0,0
2026-08-10 13:24:38.529094,NSE:654GS2032-GS,98.47,500,0,0,,,0.0,0,1500,2500,10500,2999,0.5556707904289206,500
2026-08-10 13:21:59.109914,NSE:654KA30-SG,95.0,100,0,0,,,0.0,0,200,400,100,0,1.0,0
2026-08-10 13:22:01.230244,NSE:657GS2033-GS,98.35,1000,0,0,,,0.0,0,2000,4000,1000,0,1.0,0
2026-08-10 13:21:57.784242,NSE:657TN31-SG,104.9,10000,0,0,,,0.0,0,20000,40000,0,0,0.0,0
2026-08-10 13:22:01.222115,NSE:662GS2051-GS,92.77,3,0,0,,,0.0,0,6,12,1000,0,1.0,0
2026-08-10 13:21:55.886072,NSE:663GJ29-SG,104.9,8200,0,0,,,0.0,0,16400,32800,0,0,0.0,0
2026-08-10 13:21:54.946512,NSE:663TN35-SG,91.0,4900,0,0,,,0.0,0,9800,19600,100,0,1.0,0
2026-08-10 13:21:55.475043,NSE:663TN55-SG,101.34,0,0,0,,,0.0,0,0,0,0,0,0.0,0
2026-08-10 13:22:00.001815,NSE:664GS2027-GS,100.0,60,0,0,,,0.0,0,120,240,1000,4533,-0.6385324417133562,0
2026-08-10 13:22:01.791254,NSE:664GS2035-GS,97.46,1,0,0,,,0.0,0,2,4,1000,0,1.0,0
2026-08-10 13:21:53.802856,NSE:666TN30-SG,102.82,100,0,0,,,0.0,0,200,400,100,0,1.0,0
2026-08-10 13:21:59.595066,NSE:667GS2035-GS,103.5,1,0,0,,,0.0,0,2,4,5000,5000,0.0,0
2026-08-10 13:23:33.279814,NSE:667GS2050-GS,92.9,1500,0,0,,,0.0,0,6894,10788,10000,1000,0.8181818181818182,1500
2026-08-10 13:21:59.544518,NSE:668GS2031-GS,97.7,100,0,0,,,0.0,0,200,400,1000,0,1.0,0
2026-08-10 13:22:01.279680,NSE:668GS2033-GS,98.7,95,0,0,,,0.0,0,190,380,5000,0,1.0,0
2026-08-10 13:22:01.398969,NSE:668GS2040-GS,98.38,1200,0,0,,,0.0,0,2400,4800,1000,2000,-0.3333333333333333,1200
2026-08-10 13:21:53.510248,NSE:669GJ34-SG,93.6,100,0,0,,,0.0,0,200,400,100,100,0.0,0
2026-08-10 13:21:57.418015,NSE:669KA37-SG,95.0,14000,0,0,,,0.0,0,28000,56000,100,0,1.0,0
2026-08-10 13:21:57.750853,NSE:672MH38-SG,93.0,100,0,0,,,0.0,0,200,400,100,0,1.0,0
2026-08-10 13:21:59.220286,NSE:675BR27-SG,85.75,300,0,0,,,0.0,0,600,1200,0,0,0.0,0
2026-08-10 13:21:58.682643,NSE:675GJ31-SG,100.0,100,0,0,,,0.0,0,200,400,100,0,1.0,0
2026-08-10 13:21:59.771978,NSE:675GS2029-GS,101.47,350,0,0,,,0.0,0,700,1400,1000,49,0.9065776930409915,0
2026-08-10 13:21:55.696743,NSE:675KA33A-SG,101.1,7000,0,0,,,0.0,0,14000,28000,100,0,1.0,0
2026-08-10 13:30:43.478468,NSE:676GS2061-GS,93.65,1,2,2,1.0,1.0,0.0,2,4,12,551,998,-0.28857327307940606,4502
2026-08-10 13:21:59.248992,NSE:678MH31-SG,98.4,10000,0,0,,,0.0,0,20000,40000,100,0,1.0,0
2026-08-10 13:21:58.713846,NSE:678RJ31-SG,105.0,0,0,0,,,0.0,0,0,0,100,0,1.0,0
2026-08-10 13:21:59.562082,NSE:679GS2027-GS,101.0,30000,0,0,,,0.0,0,60000,120000,500,0,1.0,0
2026-08-10 13:22:01.175531,NSE:679GS2029-GS,103.01,4,0,0,,,0.0,0,8,16,1000,0,1.0,0
2026-08-10 13:22:01.765851,NSE:679GS2031-GS,97.41,300,0,0,,,0.0,0,600,1200,100,5261,-0.9626935273269912,0
2026-08-10 13:22:00.904020,NSE:679GS2034-GS,100.2,100,0,0,,,0.0,0,200,400,4900,100,0.96,100
2026-08-10 13:21:59.662356,NSE:679GS2034A-GS,98.84,100,0,0,,,0.0,0,200,400,0,0,0.0,0
2026-08-10 13:21:55.019182,NSE:683GJ30-SG,97.4,6700,0,0,,,0.0,0,13400,26800,100,0,1.0,0
2026-08-10 13:22:00.536739,NSE:683GS2039-GS,94.06,0,0,0,,,0.0,0,0,0,1000,0,1.0,0
2026-08-10 13:21:58.865804,NSE:683MH32A-SG,96.5,11000,0,0,,,0.0,0,22000,44000,100,0,1.0,0
2026-08-10 13:21:58.652386,NSE:683MH32B-SG,93.0,11700,0,0,,,0.0,0,23400,46800,100,0,1.0,0
2026-08-10 13:21:57.961363,NSE:683TN31A-SG,95.24,100,0,0,,,0.0,0,200,400,100,0,1.0,0
2026-08-10 13:21:59.397719,NSE:68GS2060-GS,93.55,1,0,0,,,0.0,0,2,5,5000,17,0.9932230416583616,503
2026-08-10 13:31:19.359760,NSE:690GS2065-GS,94.0,888,3,14,370.6666666666667,785.7142857142857,0.4717575757575758,11000,29056,29168,500,112,0.6339869281045751,26255
2026-08-10 13:22:01.807926,NSE:692GS2039-GS,99.26,200,0,0,,,0.0,0,400,800,5000,9998,-0.3332444325910121,0
2026-08-10 13:22:01.596746,NSE:694GS2036-GS,102.5,300,0,0,,,0.0,0,600,1200,2461,400,0.7203774903879763,0
2026-08-10 13:21:59.827228,NSE:695GS2061-GS,94.4,5,0,0,,,0.0,0,10,347,2000,3778,-0.3077189338871582,226
2026-08-10 13:21:57.300303,NSE:696TN56-SG,91.6,700,0,0,,,0.0,0,1400,2800,0,0,0.0,0
2026-08-10 13:22:00.179363,NSE:697GR2034-GS,101.25,1575,0,0,,,0.0,0,3150,6300,10,100,-0.8181818181818182,0
2026-08-10 13:22:01.303089,NSE:697GS2026-GS,103.69,100000,0,0,,,0.0,0,200000,400000,1000,0,1.0,0
2026-08-10 13:21:58.874239,NSE:697RJ31-SG,96.75,400,0,0,,,0.0,0,800,1600,100,0,1.0,0
2026-08-10 13:21:55.268057,NSE:697TN31A-SG,99.77,11300,0,0,,,0.0,0,22600,45200,100,0,1.0,0
2026-08-10 13:21:59.997684,NSE:698GR2054-GS,96.9,5,0,0,,,0.0,0,10,20,10,1,0.8181818181818182,6
2026-08-10 13:21:55.727034,NSE:698HR31-SG,95.55,200,0,0,,,0.0,0,400,800,100,0,1.0,0
2026-08-10 13:21:54.724811,NSE:698MH28-SG,100.78,1000,0,0,,,0.0,0,2000,4000,100,0,1.0,0
2026-08-10 13:21:58.884168,NSE:699GA31-SG,81.47,100,0,0,,,0.0,0,200,400,100,0,1.0,0
2026-08-10 13:22:01.506406,NSE:699GS2051-GS,97.45,6,0,0,,,0.0,0,12,24,3000,1000,0.5,0
2026-08-10 13:21:54.952158,NSE:699PY29-SG,90.25,100,0,0,,,0.0,0,200,400,100,0,1.0,0
2026-08-10 13:21:53.821908,NSE:699TN32-SG,93.1,100,0,0,,,0.0,0,200,400,100,0,1.0,0
2026-08-10 13:21:59.275913,NSE:699TN41-SG,104.95,12000,0,0,,,0.0,0,24000,48000,0,0,0.0,0
2026-08-10 13:21:57.877924,NSE:700TN29-SG,100.0,0,0,0,,,0.0,0,0,0,100,100,0.0,0
2026-08-10 13:21:56.869480,NSE:702GJ31-SG,95.0,100,0,0,,,0.0,0,200,400,100,100,0.0,0
2026-08-10 13:22:00.170736,NSE:702GS2027-GS,100.81,100,0,0,,,0.0,0,200,400,400,200,0.3333333333333333,101
2026-08-10 13:22:01.875821,NSE:702GS2031-GS,100.7,100,0,0,,,0.0,0,200,500,4900,100,0.96,100
2026-08-10 13:21:57.539384,NSE:703RJ36-SG,99.25,1000,0,0,,,0.0,0,2000,4000,0,0,0.0,0
2026-08-10 13:21:56.766135,NSE:703TN30-SG,95.0,100,0,0,,,0.0,0,200,400,100,0,1.0,0
2026-08-10 13:21:55.367166,NSE:704GJ30-SG,95.0,100,0,0,,,0.0,0,200,400,100,0,1.0,0
2026-08-10 13:21:55.994613,NSE:704GJ32-SG,104.89,8500,0,0,,,0.0,0,17000,34000,0,100,-1.0,0
2026-08-10 13:22:00.968067,NSE:704GS2029-GS,101.6,100,0,0,,,0.0,0,200,500,500,8386,-0.8874634256133244,100
2026-08-10 13:21:53.444080,NSE:704MH40-SG,100.0,0,0,0,,,0.0,0,0,0,0,100,-1.0,0
2026-08-10 13:22:00.267570,NSE:706GS2028-GS,102.96,1000,0,0,,,0.0,0,2000,4000,200,488,-0.4186046511627907,1000
2026-08-10 13:21:59.357972,NSE:706GS2041-GS,101.75,520,0,0,,,0.0,0,1040,2080,100,800,-0.7777777777777778,0
2026-08-10 13:22:01.206587,NSE:706GS2046-GS,103.0,1,0,0,,,0.0,0,2,4,1000,1899,-0.3101069334253191,0
2026-08-10 13:21:56.078156,NSE:706WB36-SG,98.16,100,0,0,,,0.0,0,200,400,0,0,0.0,0
2026-08-10 13:21:53.452255,NSE:707MH33-SG,96.5,100,0,0,,,0.0,0,200,400,100,0,1.0,0
2026-08-10 13:21:55.450563,NSE:707TN38-SG,99.58,1000,0,0,,,0.0,0,2000,4000,0,100,-1.0,0
2026-08-10 13:21:53.389707,NSE:708RJ30-SG,101.0,100,0,0,,,0.0,0,200,400,100,0,1.0,0
2026-08-10 13:22:01.457513,NSE:709GS2054-GS,96.99,1,0,0,,,0.0,0,2,15405,200,1817,-0.8016856717897868,10171
2026-08-10 13:22:01.568565,NSE:709GS2074-GS,95.6,655,0,0,,,0.0,0,1310,3930,1000,1000,0.0,25151
2026-08-10 13:21:53.458097,NSE:709KL52-SG,96.5,100,0,0,,,0.0,0,200,400,0,0,0.0,0
2026-08-10 13:21:55.627929,NSE:709TN35-SG,99.0,2800,0,0,,,0.0,0,5600,11200,100,0,1.0,0
2026-08-10 13:21:55.100860,NSE:709TS58-SG,93.0,100,0,0,,,0.0,0,200,400,100,200,-0.3333333333333333,0
2026-08-10 13:21:55.107956,NSE:709TS60-SG,95.5,100,0,0,,,0.0,0,200,400,0,0,0.0,0
2026-08-10 13:22:00.273833,NSE:710GR2028-GS,100.0,0,0,0,,,0.0,0,0,0,0,0,0.0,0
2026-08-10 13:21:59.871302,NSE:710GS2029-GS,103.65,100,0,0,,,0.0,0,200,400,16299,1000,0.8843863807156483,0
2026-08-10 13:21:57.994178,NSE:711GJ31-SG,99.5,2800,0,0,,,0.0,0,5600,11200,100,0,1.0,0
2026-08-10 13:21:56.799353,NSE:711WB44-SG,100.0,400,0,0,,,0.0,0,800,1600,0,0,0.0,0
2026-08-10 13:21:56.071130,NSE:712AP37-SG,95.0,100,0,0,,,0.0,0,200,400,100,0,1.0,0
2026-08-10 13:21:53.856024,NSE:712MH47-SG,95.0,1000,0,0,,,0.0,0,2000,4000,100,100,0.0,0
2026-08-10 13:21:53.916040,NSE:712MZ34-SG,97.68,100,0,0,,,0.0,0,200,400,0,0,0.0,0
2026-08-10 13:21:57.623891,NSE:712TN34A-SG,95.0,100,0,0,,,0.0,0,200,400,100,0,1.0,0
2026-08-10 13:22:00.991743,NSE:716GS2050-GS,102.25,270,0,0,,,0.0,0,540,1350,101,2000,-0.9038553069966683,0
2026-08-10 13:21:59.555390,NSE:717GS2028-GS,102.0,1,0,0,,,0.0,0,2,4,1000,0,1.0,0
2026-08-10 13:22:00.995526,NSE:717GS2030-GS,103.51,2000,0,0,,,0.0,0,4000,8000,5000,2550,0.32450331125827814,0
2026-08-10 13:21:56.143897,NSE:718GJ28-SG,100.0,200,0,0,,,0.0,0,400,800,100,0,1.0,0
2026-08-10 13:22:00.144959,NSE:718GS2033-GS,106.3,1000,0,0,,,0.0,0,2000,4000,1601,5000,-0.5149219815179519,0
2026-08-10 13:26:22.714180,NSE:718GS2037-GS,102.1,1,0,0,,,0.0,0,4,6,1,1000,-0.998001998001998,2
2026-08-10 13:21:58.704888,NSE:718MH30-SG,97.07,100,0,0,,,0.0,0,200,400,100,0,1.0,0
2026-08-10 13:21:53.930769,NSE:719AP38-SG,95.0,400,0,0,,,0.0,0,800,1600,100,0,1.0,0
2026-08-10 13:22:00.514255,NSE:719GS2060-GS,101.9,29,0,0,,,0.0,0,58,116,9000,946,0.8097727729740599,0
2026-08-10 13:21:58.476069,NSE:719KL51-SG,99.0,100,0,0,,,0.0,0,200,400,0,0,0.0,0
2026-08-10 13:21:54.222942,NSE:719PN37-SG,98.5,5000,0,0,,,0.0,0,10000,20000,100,0,1.0,0
2026-08-10 13:21:56.853959,NSE:719TN42-SG,102.72,1000,0,0,,,0.0,0,2000,4000,0,0,0.0,0
2026-08-10 13:21:59.956251,NSE:71GS2034-GS,103.97,1,0,0,,,0.0,0,2,4,500,1600,-0.5238095238095238,0
2026-08-10 13:21:57.228277,NSE:71JK33A-SG,95.0,100,0,0,,,0.0,0,200,400,0,0,0.0,0
2026-08-10 13:21:59.052440,NSE:71MH33-SG,95.8,200,0,0,,,0.0,0,400,800,0,0,0.0,0
2026-08-10 13:21:55.686760,NSE:71MH36-SG,93.5,200,0,0,,,0.0,0,400,800,0,0,0.0,0
2026-08-10 13:21:53.448800,NSE:71WB50-SG,96.0,100,0,0,,,0.0,0,200,400,0,0,0.0,0
2026-08-10 13:21:54.308267,NSE:722KA35-SG,98.7,2000,0,0,,,0.0,0,4000,8000,0,0,0.0,0
2026-08-10 13:21:55.920603,NSE:722KA36-SG,95.0,1000,0,0,,,0.0,0,2000,4000,100,0,1.0,0
2026-08-10 13:21:56.016492,NSE:722KA38A-SG,96.7,4000,0,0,,,0.0,0,8000,16000,0,0,0.0,0
2026-08-10 13:21:58.332840,NSE:722MH49-SG,100.0,0,0,0,,,0.0,0,0,0,0,100,-1.0,0
2026-08-10 13:21:55.134139,NSE:722TN54A-SG,95.0,100,0,0,,,0.0,0,200,400,100,100,0.0,0
2026-08-10 13:21:59.105862,NSE:723GJ27-SG,102.0,2700,0,0,,,0.0,0,5400,10800,100,100,0.0,2700
2026-08-10 13:22:00.845475,NSE:723GS2039-GS,104.6,1500,0,0,,,0.0,0,3000,7500,1000,0,1.0,0
2026-08-10 13:21:54.138735,NSE:723MH35-SG,95.0,1800,0,0,,,0.0,0,3600,9100,3200,1900,0.2549019607843137,1900
2026-08-10 13:22:01.038553,NSE:724GR2033-GS,100.0,1,0,0,,,0.0,0,2,4,0,0,0.0,0
2026-08-10 13:24:13.727294,NSE:724GS2055-GS,101.2,14,0,0,,,0.0,0,7452,7732,1500,4978,-0.5368941031182464,4622
2026-08-10 13:21:57.458239,NSE:724KA38-SG,98.82,10700,0,0,,,0.0,0,21400,42800,100,0,1.0,0
2026-08-10 13:21:55.932074,NSE:724KL41-SG,95.0,100,0,0,,,0.0,0,200,400,100,100,0.0,0
2026-08-10 13:21:55.863989,NSE:724UP32-SG,95.0,100,0,0,,,0.0,0,200,400,100,0,1.0,0
2026-08-10 13:21:54.134099,NSE:725AP37-SG,97.0,300,0,0,,,0.0,0,600,1200,100,0,1.0,0
2026-08-10 13:21:54.093945,NSE:725GA35-SG,94.76,100,0,0,,,0.0,0,200,400,100,0,1.0,0
2026-08-10 13:22:01.521272,NSE:725GR2028-GS,95.0,99,0,0,,,0.0,0,198,396,0,0,0.0,0
2026-08-10 13:30:16.388006,NSE:725GS2063-GS,97.51,25000,1,1,25000.0,25000.0,0.0,25000,125000,250000,5000,4500,0.05263157894736842,100775
2026-08-10 13:21:56.635864,NSE:725HR32-SG,96.51,100,0,0,,,0.0,0,200,400,100,0,1.0,0
2026-08-10 13:22:01.358702,NSE:726GS2029-GS,101.84,1,0,0,,,0.0,0,2,4,1000,0,1.0,0
2026-08-10 13:22:01.561322,NSE:726GS2032-GS,107.1,47,0,0,,,0.0,0,94,188,10900,53,0.9903222861316534,47
2026-08-10 13:30:34.164122,NSE:726GS2033-GS,103.0,5000,1,1,5000.0,5000.0,0.0,5000,15000,25000,1300,9500,-0.7592592592592593,0
2026-08-10 13:21:54.238915,NSE:726MH41-SG,100.5,100,0,0,,,0.0,0,200,400,0,0,0.0,0
2026-08-10 13:21:55.480149,NSE:726MH49-SG,92.0,200,0,0,,,0.0,0,400,800,100,400,-0.6,0
2026-08-10 13:21:55.928162,NSE:726MZ40-SG,96.0,100,0,0,,,0.0,0,200,400,0,100,-1.0,0
2026-08-10 13:21:54.649316,NSE:727MH30-SG,99.0,5000,0,0,,,0.0,0,10000,20000,100,0,1.0,0
2026-08-10 13:21:55.780751,NSE:727MH36-SG,98.9,100,0,0,,,0.0,0,200,400,0,0,0.0,0
2026-08-10 13:21:55.501849,NSE:727MH39-SG,101.14,20000,0,0,,,0.0,0,40000,80000,0,200,-1.0,0
2026-08-10 13:21:55.549961,NSE:728AP32-SG,95.0,100,0,0,,,0.0,0,200,400,1000,0,1.0,100
2026-08-10 13:21:55.877203,NSE:728JK30-SG,101.0,200,0,0,,,0.0,0,400,800,0,0,0.0,0
2026-08-10 13:21:55.260379,NSE:729GJ32-SG,98.5,100000,0,0,,,0.0,0,200000,400000,100,0,1.0,0
2026-08-10 13:22:00.284098,NSE:729GR2033-GS,100.0,0,0,0,,,0.0,0,0,0,0,0,0.0,0
2026-08-10 13:22:01.383899,NSE:732GS2030-GS,103.2,200,0,0,,,0.0,0,400,1000,300,210,0.17647058823529413,0
2026-08-10 13:21:59.759713,NSE:733GS2026-GS,102.2,100,0,0,,,0.0,0,200,400,250,100,0.42857142857142855,0
2026-08-10 13:30:52.295701,NSE:734GS2064-GS,99.85,2000,1,1,2000.0,2000.0,0.0,2000,2002,3005,1000,1000,0.0,36201
2026-08-10 13:21:56.615990,NSE:735HP34-SG,95.0,100,0,0,,,0.0,0,200,400,100,100,0.0,100
2026-08-10 13:21:54.816536,NSE:735MH31-SG,96.58,100,0,0,,,0.0,0,200,400,100,1000,-0.8181818181818182,100
2026-08-10 13:21:56.508065,NSE:735TN43-SG,96.75,100,0,0,,,0.0,0,200,400,0,0,0.0,0
2026-08-10 13:21:53.872179,NSE:735WB43-SG,94.5,100,0,0,,,0.0,0,200,400,0,0,0.0,0
2026-08-10 13:22:00.618528,NSE:736GS2052-GS,103.0,2000,0,0,,,0.0,0,4000,10000,1241,916,0.15067222994900326,2000
2026-08-10 13:21:57.774030,NSE:736MH28-SG,95.5,10000,0,0,,,0.0,0,20000,40000,100,0,1.0,0
2026-08-10 13:21:55.313589,NSE:736RJ37-SG,95.0,100,0,0,,,0.0,0,200,400,100,0,1.0,0
2026-08-10 13:21:56.437901,NSE:736TN54-SG,100.0,0,0,0,,,0.0,0,0,0,0,200,-1.0,0
2026-08-10 13:21:58.633266,NSE:737CG31-SG,97.0,700,0,0,,,0.0,0,1400,2800,100,5000,-0.9607843137254902,0
2026-08-10 13:22:00.960285,NSE:737GR2054-GS,101.25,94,0,0,,,0.0,0,188,376,0,0,0.0,0
2026-08-10 13:22:01.754032,NSE:737GS2028-GS,103.55,100,0,0,,,0.0,0,200,400,110,200,-0.2903225806451613,100
2026-08-10 13:21:57.445440,NSE:737KA38A-SG,97.51,200,0,0,,,0.0,0,400,800,100,0,1.0,0
2026-08-10 13:21:57.473782,NSE:738CG32-SG,100.0,100,0,0,,,0.0,0,200,400,100,0,1.0,0
2026-08-10 13:21:54.638134,NSE:738GJ30-SG,97.67,100,0,0,,,0.0,0,200,400,100,0,1.0,0
2026-08-10 13:30:08.513934,NSE:738GS2027-GS,102.4,50,1,1,50.0,50.0,0.0,50,150,1150,5000,3856,0.12917795844625113,30478
2026-08-10 13:21:58.823111,NSE:738HR34-SG,95.06,100,0,0,,,0.0,0,200,400,100,0,1.0,0
2026-08-10 13:21:57.470222,NSE:739CG33-SG,95.6,100,0,0,,,0.0,0,200,400,100,100,0.0,0
2026-08-10 13:21:56.089325,NSE:739ML26-SG,99.0,100,0,0,,,0.0,0,200,400,0,0,0.0,0
2026-08-10 13:21:58.794780,NSE:739TN32-SG,100.0,0,0,0,,,0.0,0,0,0,100,200,-0.3333333333333333,0
2026-08-10 13:21:56.414395,NSE:739TN33-SG,99.72,15000,0,0,,,0.0,0,30000,60000,100,0,1.0,0
2026-08-10 13:21:58.207949,NSE:739TN34A-SG,96.0,100,0,0,,,0.0,0,200,400,100,0,1.0,0
2026-08-10 13:21:55.657956,NSE:739TN42-SG,95.67,100,0,0,,,0.0,0,200,400,100,100,0.0,0
2026-08-10 13:21:58.813974,NSE:739UK30-SG,97.76,100,0,0,,,0.0,0,200,400,100,0,1.0,0
2026-08-10 13:29:26.142865,NSE:73GS2053-GS,99.0,22699,0,4,,22699.0,0.0,90796,141216,156282,9600,2974,0.5269603944647686,25000
2026-08-10 13:21:54.781646,NSE:741AP30-SG,100.2,100,0,0,,,0.0,0,200,400,100,0,1.0,0
2026-08-10 13:23:48.345708,NSE:741GS2036-GS,104.5,100,0,0,,,0.0,0,300,600,350,100,0.5555555555555556,100
2026-08-10 13:21:55.954099,NSE:741RJ34-SG,102.8,100,0,0,,,0.0,0,200,400,0,200,-1.0,0
2026-08-10 13:21:57.402054,NSE:742GJ31-SG,94.64,100,0,0,,,0.0,0,200,400,100,0,1.0,0
2026-08-10 13:21:57.001659,NSE:742GJ33-SG,96.32,100,0,0,,,0.0,0,200,400,100,0,1.0,0
2026-08-10 13:21:56.217956,NSE:742HP38-SG,99.9,100,0,0,,,0.0,0,200,400,0,0,0.0,0
2026-08-10 13:21:54.729880,NSE:743AP31-SG,100.15,100,0,0,,,0.0,0,200,400,100,0,1.0,0
2026-08-10 13:21:57.975337,NSE:743AP39-SG,95.6,100,0,0,,,0.0,0,200,400,0,0,0.0,0
2026-08-10 13:21:57.140039,NSE:743AP41-SG,99.75,100,0,0,,,0.0,0,200,400,0,0,0.0,0
2026-08-10 13:21:54.210408,NSE:743BR39-SG,95.0,100,0,0,,,0.0,0,200,400,100,0,1.0,0
2026-08-10 13:21:56.991552,NSE:743CG29-SG,93.0,400,0,0,,,0.0,0,800,1600,100,0,1.0,0
2026-08-10 13:21:56.997615,NSE:743GJ31-SG,101.0,8000,0,0,,,0.0,0,16000,32000,100,0,1.0,0
2026-08-10 13:31:33.993784,NSE:743GS2076-GS,99.7,44,2,2,44.0,44.0,0.0,88,176,352,1200,1,0.9983347210657785,845
2026-08-10 13:21:54.229146,NSE:743MH35-SG,97.14,100,0,0,,,0.0,0,200,400,100,0,1.0,0
2026-08-10 13:21:55.588666,NSE:743PN48-SG,98.21,100,0,0,,,0.0,0,200,400,100,0,1.0,0
2026-08-10 13:21:56.178244,NSE:743TN33-SG,95.0,100,0,0,,,0.0,0,200,400,100,0,1.0,0
2026-08-10 13:21:57.659875,NSE:743TN53-SG,99.9,100,0,0,,,0.0,0,200,400,0,0,0.0,0
2026-08-10 13:21:54.733912,NSE:743TS33-SG,98.5,700,0,0,,,0.0,0,1400,2800,100,0,1.0,0
2026-08-10 13:21:58.288553,NSE:743TS41A-SG,100.0,0,0,0,,,0.0,0,0,0,100,100,0.0,0
2026-08-10 13:21:56.202099,NSE:744AP33-SG,100.0,500,0,0,,,0.0,0,1000,2000,100,0,1.0,0
2026-08-10 13:21:58.514996,NSE:744AP36-SG,101.9,100,0,0,,,0.0,0,200,400,0,0,0.0,0
2026-08-10 13:21:57.655486,NSE:744JK53-SG,93.69,400,0,0,,,0.0,0,800,1600,0,0,0.0,0
2026-08-10 13:21:53.568734,NSE:744KA35-SG,99.01,100,0,0,,,0.0,0,200,400,100,0,1.0,0
2026-08-10 13:21:55.954099,NSE:744KL50-SG,97.0,200,0,0,,,0.0,0,400,800,100,0,1.0,0
2026-08-10 13:21:56.173843,NSE:744TN55-SG,95.0,400,0,0,,,0.0,0,800,1600,100,0,1.0,0
2026-08-10 13:21:54.475651,NSE:744TN55A-SG,92.0,100,0,0,,,0.0,0,200,400,0,0,0.0,0
2026-08-10 13:21:56.237356,NSE:744TS39A-SG,97.77,200,0,0,,,0.0,0,400,800,100,0,1.0,0
2026-08-10 13:21:57.724880,NSE:744TS45-SG,99.0,500,0,0,,,0.0,0,1000,2000,100,0,1.0,0
2026-08-10 13:21:55.954099,NSE:744TS48-SG,95.0,100,0,0,,,0.0,0,200,400,100,100,0.0,0
2026-08-10 13:21:55.948074,NSE:744TS49-SG,95.0,100,0,0,,,0.0,0,200,400,100,100,0.0,0
2026-08-10 13:21:55.964003,NSE:744TS51A-SG,97.0,100,0,0,,,0.0,0,200,400,100,0,1.0,0
2026-08-10 13:21:55.218344,NSE:744TS53-SG,91.14,100,0,0,,,0.0,0,200,400,100,0,1.0,0
2026-08-10 13:21:57.511933,NSE:745AP33-SG,95.0,100,0,0,,,0.0,0,200,400,100,0,1.0,0
2026-08-10 13:21:54.087348,NSE:745AP34-SG,97.75,100,0,0,,,0.0,0,200,400,100,0,1.0,0
2026-08-10 13:21:58.044273,NSE:745AP37-SG,102.63,8000,0,0,,,0.0,0,16000,32000,0,100,-1.0,0
2026-08-10 13:21:58.447168,NSE:745AP38-SG,99.17,100,0,0,,,0.0,0,200,400,1000,700,0.17647058823529413,0
2026-08-10 13:21:55.604534,NSE:745AP42-SG,98.0,100,0,0,,,0.0,0,200,400,0,0,0.0,0
2026-08-10 13:21:55.954099,NSE:745BR50-SG,94.05,100,0,0,,,0.0,0,200,400,100,100,0.0,0
2026-08-10 13:21:55.168025,NSE:745GJ31-SG,100.25,100,0,0,,,0.0,0,200,400,100,0,1.0,0
2026-08-10 13:21:58.238926,NSE:745MH37-SG,95.0,100,0,0,,,0.0,0,200,400,100,0,1.0,0
2026-08-10 13:21:53.613755,NSE:745RJ33-SG,100.03,100,0,0,,,0.0,0,200,400,100,0,1.0,0
2026-08-10 13:21:54.379130,NSE:745TN55-SG,100.0,0,0,0,,,0.0,0,0,0,0,100,-1.0,0
2026-08-10 13:21:55.263921,NSE:746AP27-SG,100.74,100,0,0,,,0.0,0,200,400,100,0,1.0,0
2026-08-10 13:25:18.093915,NSE:746GS2073-GS,100.9,60,0,0,,,0.0,0,7680,19680,500,940,-0.3055555555555556,1560
2026-08-10 13:21:57.712125,NSE:746MH33-SG,97.76,300,0,0,,,0.0,0,600,1200,100,100,0.0,0
2026-08-10 13:21:55.716974,NSE:746MP32-SG,99.9,0,0,0,,,0.0,0,0,0,100,0,1.0,0
2026-08-10 13:21:54.461666,NSE:746RJ51-SG,95.0,100,0,0,,,0.0,0,200,400,100,0,1.0,0
2026-08-10 13:21:58.393759,NSE:746TS30-SG,100.87,100,0,0,,,0.0,0,200,400,100,0,1.0,0
2026-08-10 13:21:55.610336,NSE:746TS48-SG,97.6,1600,0,0,,,0.0,0,3200,6400,0,0,0.0,0
2026-08-10 13:21:55.614634,NSE:746TS49-SG,97.75,100,0,0,,,0.0,0,200,400,100,300,-0.5,0
2026-08-10 13:21:54.404737,NSE:746UP37-SG,95.0,100,0,0,,,0.0,0,200,400,100,0,1.0,0
2026-08-10 13:21:54.544073,NSE:747AP32-SG,99.75,100,0,0,,,0.0,0,200,400,100,0,1.0,0
2026-08-10 13:21:54.722240,NSE:747AP37-SG,98.5,0,0,0,,,0.0,0,0,0,100,0,1.0,0
2026-08-10 13:21:58.404489,NSE:747AS28-SG,99.57,100,0,0,,,0.0,0,200,400,0,0,0.0,0
2026-08-10 13:21:56.193825,NSE:747AS33-SG,98.2,100,0,0,,,0.0,0,200,400,0,0,0.0,0
2026-08-10 13:21:59.744348,NSE:74GS2035-GS,105.95,200,0,0,,,0.0,0,400,800,200,0,1.0,0
2026-08-10 13:22:00.499990,NSE:74GS2062-GS,101.3,1,0,0,,,0.0,0,2,4,2999,214,0.8667911609088079,5001
2026-08-10 13:22:00.928041,NSE:750GS2056-GS,101.0,20,0,0,,,0.0,0,40,120,100,5,0.9047619047619048,355
2026-08-10 13:21:54.660076,NSE:751UK35-SG,100.5,500,0,0,,,0.0,0,1000,2000,100,0,1.0,0
2026-08-10 13:21:53.878895,NSE:751UP40-SG,95.0,100,0,0,,,0.0,0,200,400,100,0,1.0,0
2026-08-10 13:21:56.984243,NSE:751UP40A-SG,97.0,200,0,0,,,0.0,0,400,800,100,0,1.0,0
2026-08-10 13:21:58.510303,NSE:752AP38-SG,103.67,19000,0,0,,,0.0,0,38000,76000,0,0,0.0,0
2026-08-10 13:21:58.500739,NSE:752AP42-SG,99.95,100,0,0,,,0.0,0,200,400,0,0,0.0,0
2026-08-10 13:21:58.414013,NSE:752HR42-SG,95.0,100,0,0,,,0.0,0,200,400,100,0,1.0,0
2026-08-10 13:21:58.310092,NSE:752TN33-SG,95.35,100,0,0,,,0.0,0,200,400,100,100,0.0,100
2026-08-10 13:21:58.249406,NSE:753HR33-SG,90.25,100,0,0,,,0.0,0,200,400,100,0,1.0,0
2026-08-10 13:21:57.886280,NSE:753TN37-SG,95.0,1000,0,0,,,0.0,0,2000,4000,100,0,1.0,0
2026-08-10 13:21:58.780416,NSE:753TS39-SG,95.0,900,0,0,,,0.0,0,1800,3600,100,0,1.0,0
2026-08-10 13:21:54.828008,NSE:753TS47-SG,82.15,3000,0,0,,,0.0,0,6000,12000,100,0,1.0,0
2026-08-10 13:21:57.289291,NSE:754AS28-SG,97.0,100,0,0,,,0.0,0,200,400,0,0,0.0,0
2026-08-10 13:21:58.240320,NSE:754CG31-SG,99.36,200,0,0,,,0.0,0,400,800,100,0,1.0,0
2026-08-10 13:30:07.849933,NSE:754GS2036-GS,106.93,120,1,4,120.0,120.0,0.0,480,720,56813,3551,1480,0.411647783740807,222559
2026-08-10 13:21:54.457618,NSE:754KA41-SG,99.0,5000,0,0,,,0.0,0,10000,20000,100,0,1.0,0
2026-08-10 13:21:54.987810,NSE:754MH37-SG,95.0,100,0,0,,,0.0,0,200,400,100,0,1.0,0
2026-08-10 13:21:58.294028,NSE:754RJ33-SG,100.0,100,0,0,,,0.0,0,200,400,100,0,1.0,0
2026-08-10 13:21:56.835329,NSE:754TN36-SG,95.1,100,0,0,,,0.0,0,200,400,500,0,1.0,100
2026-08-10 13:21:56.506042,NSE:754TS53-SG,95.0,1200,0,0,,,0.0,0,2400,4800,100,0,1.0,0
2026-08-10 13:21:58.165614,NSE:754TS55-SG,95.0,100,0,0,,,0.0,0,200,400,100,0,1.0,0
2026-08-10 13:21:58.314166,NSE:754UK33-SG,99.75,100,0,0,,,0.0,0,200,400,100,0,1.0,0
2026-08-10 13:21:56.234816,NSE:755GJ31-SG,98.4,2500,0,0,,,0.0,0,5000,10000,100,0,1.0,0
2026-08-10 13:21:55.387914,NSE:755MH34-SG,95.0,100,0,0,,,0.0,0,200,400,100,0,1.0,0
2026-08-10 13:21:58.324034,NSE:755MP35-SG,95.0,100,0,0,,,0.0,0,200,400,100,0,1.0,0
2026-08-10 13:21:56.464251,NSE:755TS30-SG,97.55,500,0,0,,,0.0,0,1000,2000,100,0,1.0,0
2026-08-10 13:21:58.225559,NSE:755TS32-SG,99.75,2000,0,0,,,0.0,0,4000,8000,100,0,1.0,0
2026-08-10 13:21:58.772630,NSE:756AP39-SG,95.0,900,0,0,,,0.0,0,1800,3600,100,0,1.0,0
2026-08-10 13:21:53.771619,NSE:756JK48-SG,99.35,100,0,0,,,0.0,0,200,400,0,0,0.0,0
2026-08-10 13:21:56.084555,NSE:756KL44-SG,95.0,8800,0,0,,,0.0,0,17600,35200,100,0,1.0,0
2026-08-10 13:21:58.840224,NSE:756TN53A-SG,100.0,300,0,0,,,0.0,0,600,1200,0,0,0.0,0
2026-08-10 13:21:54.242234,NSE:756TN54-SG,95.73,300,0,0,,,0.0,0,600,1200,100,0,1.0,0
2026-08-10 13:21:55.840340,NSE:757GJ26-SG,100.4,100,0,0,,,0.0,0,200,400,0,0,0.0,0
2026-08-10 13:21:59.312261,NSE:757GS2033-GS,105.5,3000,0,0,,,0.0,0,6000,12000,1000,0,1.0,0
2026-08-10 13:21:53.913449,NSE:757HR30-SG,99.64,200,0,0,,,0.0,0,400,800,100,0,1.0,0
2026-08-10 13:21:57.438050,NSE:757JK34-SG,100.05,500,0,0,,,0.0,0,1000,2000,0,0,0.0,0
2026-08-10 13:21:56.774132,NSE:757TN33-SG,94.15,100,0,0,,,0.0,0,200,400,1000,0,1.0,100
2026-08-10 13:21:56.308223,NSE:758AP42-SG,99.0,100,0,0,,,0.0,0,200,400,100,0,1.0,0
2026-08-10 13:21:57.639127,NSE:758AS33-SG,98.25,100,0,0,,,0.0,0,200,400,0,0,0.0,0
2026-08-10 13:21:57.424692,NSE:758GA37A-SG,99.0,100,0,0,,,0.0,0,200,400,100,0,1.0,0
2026-08-10 13:21:55.306905,NSE:758GJ26-SG,101.5,100,0,0,,,0.0,0,200,400,0,0,0.0,0
2026-08-10 13:21:58.908219,NSE:758GJ32-SG,98.16,100,0,0,,,0.0,0,200,400,100,0,1.0,0
2026-08-10 13:21:55.165285,NSE:758HR30-SG,99.22,100,0,0,,,0.0,0,200,400,100,0,1.0,0
2026-08-10 13:21:56.664760,NSE:758JH31-SG,98.85,400,0,0,,,0.0,0,800,1600,100,0,1.0,0
2026-08-10 13:21:56.650263,NSE:758JK50-SG,94.67,100,0,0,,,0.0,0,200,400,0,0,0.0,0
2026-08-10 13:21:56.732273,NSE:759AP33-SG,99.33,100,0,0,,,0.0,0,200,400,0,0,0.0,0
2026-08-10 13:21:57.593880,NSE:759CG46-SG,95.0,200,0,0,,,0.0,0,400,800,100,0,1.0,0
2026-08-10 13:22:01.417792,NSE:759GS2029-GS,103.65,94512,0,0,,,0.0,0,189024,378048,1000,0,1.0,0
2026-08-10 13:21:58.329357,NSE:759HR35-SG,90.25,100,0,0,,,0.0,0,200,400,100,0,1.0,0
2026-08-10 13:21:59.254243,NSE:759LICH31-N0,71.94,0,0,0,,,0.0,0,0,0,0,0,0.0,0
2026-08-10 13:21:56.647845,NSE:759RJ46-SG,98.05,100,0,0,,,0.0,0,200,400,100,0,1.0,0
2026-08-10 13:21:56.740133,NSE:759TS37-SG,98.0,100,0,0,,,0.0,0,200,400,100,0,1.0,0
2026-08-10 13:21:53.896726,NSE:75AP28-SG,100.0,100,0,0,,,0.0,0,200,400,0,0,0.0,0
2026-08-10 13:21:56.436370,NSE:75AP32-SG,100.0,0,0,0,,,0.0,0,0,0,0,100,-1.0,0
2026-08-10 13:21:59.740353,NSE:75GS2034-GS,105.86,1,0,0,,,0.0,0,2,4,1000,99,0.8198362147406734,0
2026-08-10 13:21:57.276603,NSE:75HR30-SG,101.25,2000,0,0,,,0.0,0,4000,8000,0,0,0.0,0
2026-08-10 13:21:56.426025,NSE:75TN31-SG,100.0,0,0,0,,,0.0,0,0,0,0,200,-1.0,0
2026-08-10 13:22:01.351399,NSE:761GS2030-GS,106.65,100000,0,0,,,0.0,0,200000,400000,1000,0,1.0,0
2026-08-10 13:21:53.784086,NSE:761MH29-SG,102.13,100,0,0,,,0.0,0,200,400,100,0,1.0,0
2026-08-10 13:21:58.919519,NSE:761RJ43-SG,102.05,100,0,0,,,0.0,0,200,400,100,0,1.0,0
2026-08-10 13:21:54.896937,NSE:761TN56-SG,95.0,100,0,0,,,0.0,0,200,400,0,0,0.0,0
2026-08-10 13:21:58.924055,NSE:761TS44-SG,97.0,100,0,0,,,0.0,0,200,400,100,0,1.0,0
2026-08-10 13:21:58.215897,NSE:762BR31-SG,99.25,100,0,0,,,0.0,0,200,400,100,0,1.0,0
2026-08-10 13:21:53.959120,NSE:762GA32-SG,97.15,1500,0,0,,,0.0,0,3000,6000,100,0,1.0,0
2026-08-10 13:21:59.020710,NSE:762GA32A-SG,99.0,100,0,0,,,0.0,0,200,400,100,0,1.0,0
2026-08-10 13:21:56.809873,NSE:762GJ28-SG,99.38,200,0,0,,,0.0,0,400,800,100,0,1.0,0
2026-08-10 13:21:56.974108,NSE:762GJ29-SG,100.0,100,0,0,,,0.0,0,200,400,100,0,1.0,0
2026-08-10 13:22:00.078142,NSE:762GS2039-GS,105.7,331,0,0,,,0.0,0,662,1324,1000,0,1.0,0
2026-08-10 13:21:55.343859,NSE:762HR31-SG,98.5,100,0,0,,,0.0,0,200,400,100,0,1.0,0
2026-08-10 13:21:56.208024,NSE:762KL38-SG,104.8,400,0,0,,,0.0,0,800,1600,0,0,0.0,0
2026-08-10 13:21:59.290371,NSE:762KL44-SG,100.0,100,0,0,,,0.0,0,200,400,100,0,1.0,0
2026-08-10 13:21:55.564511,NSE:762KL53-SG,99.0,100,0,0,,,0.0,0,200,400,100,0,1.0,0
2026-08-10 13:21:56.522910,NSE:762MH30-SG,98.75,100,0,0,,,0.0,0,200,400,100,0,1.0,0
2026-08-10 13:21:58.019390,NSE:762MH30A-SG,99.0,200,0,0,,,0.0,0,400,800,100,0,1.0,0
2026-08-10 13:21:58.914025,NSE:762PN38-SG,102.05,1000,0,0,,,0.0,0,2000,4000,100,0,1.0,0
2026-08-10 13:21:58.487345,NSE:762RJ43-SG,100.0,9800,0,0,,,0.0,0,19600,39200,100,0,1.0,0
2026-08-10 13:21:56.890748,NSE:762TN53-SG,98.7,500,0,0,,,0.0,0,1000,2000,0,0,0.0,0
2026-08-10 13:21:56.735894,NSE:762UK33-SG,99.0,100,0,0,,,0.0,0,200,400,100,0,1.0,0
2026-08-10 13:21:56.168266,NSE:762UP33-SG,97.5,8000,0,0,,,0.0,0,16000,32000,100,200,-0.3333333333333333,0
2026-08-10 13:21:56.196741,NSE:762UP34-SG,96.45,300,0,0,,,0.0,0,600,1200,100,0,1.0,0
2026-08-10 13:21:56.453933,NSE:762WB41-SG,90.25,800,0,0,,,0.0,0,1600,3200,0,0,0.0,0
2026-08-10 13:21:58.454002,NSE:763GJ33-SG,102.15,25000,0,0,,,0.0,0,50000,100000,100,0,1.0,0
2026-08-10 13:21:58.447168,NSE:763GJ34-SG,104.9,100,0,0,,,0.0,0,200,400,0,0,0.0,0
2026-08-10 13:21:59.763801,NSE:763GS2059-GS,105.6,3,0,0,,,0.0,0,6,12,380,0,1.0,0
2026-08-10 13:21:53.533724,NSE:763KA37-SG,100.4,10000,0,0,,,0.0,0,20000,40000,100,0,1.0,0
2026-08-10 13:21:56.078156,NSE:763KA40-SG,99.0,100,0,0,,,0.0,0,200,400,100,0,1.0,0
2026-08-10 13:21:55.844941,NSE:763KA42-SG,97.0,100,0,0,,,0.0,0,200,400,100,0,1.0,0
2026-08-10 13:21:55.351330,NSE:763KL43-SG,99.85,100,0,0,,,0.0,0,200,400,0,0,0.0,0
2026-08-10 13:22:00.463909,NSE:763MH35-SG,96.9,100,0,0,,,0.0,0,200,400,100,0,1.0,0
2026-08-10 13:22:00.465790,NSE:763MH36-SG,103.16,12500,0,0,,,0.0,0,25000,50000,0,100,-1.0,0
2026-08-10 13:22:00.408143,NSE:763PN39-SG,95.14,1100,0,0,,,0.0,0,2200,4400,100,0,1.0,0
2026-08-10 13:22:00.465790,NSE:763RJ41-SG,95.0,900,0,0,,,0.0,0,1800,3600,100,0,1.0,0
2026-08-10 13:21:59.969708,NSE:763TS43-SG,100.0,2000,0,0,,,0.0,0,4000,8000,100,0,1.0,0
2026-08-10 13:21:59.973799,NSE:763TS44-SG,101.65,200,0,0,,,0.0,0,400,800,0,0,0.0,0
2026-08-10 13:22:00.302570,NSE:764GA38-SG,100.0,500,0,0,,,0.0,0,1000,2000,100,0,1.0,0
2026-08-10 13:22:00.205756,NSE:764GJ31-SG,101.9,100,0,0,,,0.0,0,200,400,0,0,0.0,0
2026-08-10 13:21:59.612033,NSE:764GJ33-SG,95.0,100,0,0,,,0.0,0,200,400,100,0,1.0,0
2026-08-10 13:21:59.607542,NSE:764GJ34-SG,103.15,300,0,0,,,0.0,0,600,1200,100,0,1.0,0
2026-08-10 13:21:59.681673,NSE:764HR31-SG,98.14,1200,0,0,,,0.0,0,2400,4800,100,0,1.0,0
2026-08-10 13:22:00.959138,NSE:764JK50-SG,97.44,200,0,0,,,0.0,0,400,800,0,0,0.0,0
2026-08-10 13:22:00.394680,NSE:764KA39-SG,100.0,200,0,0,,,0.0,0,400,800,100,0,1.0,0
2026-08-10 13:22:00.098031,NSE:764RJ49-SG,100.0,100,0,0,,,0.0,0,200,400,100,0,1.0,0
2026-08-10 13:21:59.428068,NSE:764TN29-SG,103.0,1200,0,0,,,0.0,0,2400,4800,100,0,1.0,0
2026-08-10 13:22:00.037398,NSE:764WB32-SG,102.43,4900,0,0,,,0.0,0,9800,19600,0,0,0.0,0
2026-08-10 13:22:01.626359,NSE:765AS32-SG,100.1,100,0,0,,,0.0,0,200,500,0,100,-1.0,0
2026-08-10 13:22:00.932420,NSE:765GJ29-SG,100.45,300,0,0,,,0.0,0,600,1200,100,0,1.0,0
2026-08-10 13:22:00.101318,NSE:765GJ29A-SG,101.9,100,0,0,,,0.0,0,200,400,0,0,0.0,0
2026-08-10 13:21:59.447880,NSE:765GJ33-SG,101.99,100,0,0,,,0.0,0,200,400,100,0,1.0,0
2026-08-10 13:22:01.800977,NSE:765KA34-SG,102.45,4600,0,0,,,0.0,0,9200,18400,100,0,1.0,0
2026-08-10 13:22:01.094215,NSE:765MP41-SG,100.0,100,0,0,,,0.0,0,200,400,100,0,1.0,0
2026-08-10 13:22:01.508496,NSE:765RJ33-SG,100.0,200,0,0,,,0.0,0,400,800,100,0,1.0,0
2026-08-10 13:22:00.777303,NSE:765TN30-SG,100.5,100,0,0,,,0.0,0,200,400,100,0,1.0,0
2026-08-10 13:22:01.484496,NSE:765TN33-SG,100.0,100,0,0,,,0.0,0,200,400,100,0,1.0,0
2026-08-10 13:22:01.578109,NSE:765TS39-SG,100.0,100,0,0,,,0.0,0,200,400,100,0,1.0,0
2026-08-10 13:22:01.709634,NSE:765TS55A-SG,100.32,200000,0,0,,,0.0,0,400000,800000,0,0,0.0,0
2026-08-10 13:22:01.866011,NSE:765UP34-SG,99.28,100,0,0,,,0.0,0,200,400,0,0,0.0,0
2026-08-10 13:22:00.869275,NSE:766GJ30A-SG,100.87,100,0,0,,,0.0,0,200,400,100,0,1.0,0
2026-08-10 13:22:00.203140,NSE:766GJ32-SG,100.5,200,0,0,,,0.0,0,400,800,100,200,-0.3333333333333333,0
2026-08-10 13:22:00.288256,NSE:766KA42-SG,97.88,100,0,0,,,0.0,0,200,400,100,0,1.0,0
2026-08-10 13:22:00.585007,NSE:766KL46-SG,99.9,100,0,0,,,0.0,0,200,400,0,0,0.0,0
2026-08-10 13:22:00.006392,NSE:766KL50-SG,103.0,100,0,0,,,0.0,0,200,400,100,0,1.0,0
2026-08-10 13:21:59.454355,NSE:766ML32-SG,99.28,200,0,0,,,0.0,0,400,800,0,0,0.0,0
2026-08-10 13:22:01.674209,NSE:766UP32-SG,101.98,200,0,0,,,0.0,0,400,800,100,0,1.0,0
2026-08-10 13:22:00.894123,NSE:767AP38-SG,99.7,100,0,0,,,0.0,0,200,400,0,0,0.0,0
2026-08-10 13:21:59.749438,NSE:767AP38A-SG,100.0,100,0,0,,,0.0,0,200,400,100,0,1.0,0
2026-08-10 13:22:01.041850,NSE:767AS32-SG,99.5,300,0,0,,,0.0,0,600,1500,0,0,0.0,0
2026-08-10 13:22:01.769520,NSE:767GA33A-SG,99.66,100,0,0,,,0.0,0,200,400,0,0,0.0,0
2026-08-10 13:21:59.624508,NSE:767HP34-SG,100.0,100,0,0,,,0.0,0,200,400,100,0,1.0,0
2026-08-10 13:22:01.866011,NSE:767HR35-SG,102.71,5000,0,0,,,0.0,0,10000,20000,100,0,1.0,0
2026-08-10 13:22:01.043872,NSE:767KA32-SG,96.0,8000,0,0,,,0.0,0,16000,32000,100,0,1.0,0
2026-08-10 13:21:59.467229,NSE:767KA36-SG,100.68,100,0,0,,,0.0,0,200,400,100,0,1.0,0
2026-08-10 13:21:59.422235,NSE:767MP33-SG,98.97,100,0,0,,,0.0,0,200,400,100,0,1.0,0
2026-08-10 13:21:59.419886,NSE:767NL33B-SG,99.75,100,0,0,,,0.0,0,200,400,0,0,0.0,0
2026-08-10 13:22:01.859188,NSE:767RJ33-SG,99.85,100,0,0,,,0.0,0,200,400,0,0,0.0,0
2026-08-10 13:21:59.416375,NSE:769GS2043-GS,103.0,7,0,0,,,0.0,0,14,28,260,0,1.0,0
2026-08-10 13:22:00.216988,NSE:771GS2066-GS,104.5,465,0,0,,,0.0,0,930,1860,1000,500,0.3333333333333333,0
2026-08-10 13:22:00.900391,NSE:772GS2049-GS,103.51,1,0,0,,,0.0,0,2,4,250,0,1.0,0
2026-08-10 13:22:01.421350,NSE:772GS2055-GS,106.0,5,0,0,,,0.0,0,10,20,400,0,1.0,0
2026-08-10 13:22:01.440536,NSE:773GS2034-GS,100.41,0,0,0,,,0.0,0,0,0,1000,0,1.0,0
2026-08-10 13:22:00.122655,NSE:774TS35-SG,102.57,100,0,0,,,0.0,0,200,400,100,0,1.0,0
2026-08-10 13:22:01.604147,NSE:774UP38-SG,95.0,500,0,0,,,0.0,0,1000,2000,100,0,1.0,0
2026-08-10 13:21:59.476841,NSE:775AP29-SG,100.0,100,0,0,,,0.0,0,200,400,100,0,1.0,0
2026-08-10 13:22:00.162085,NSE:775GA33-SG,100.0,100,0,0,,,0.0,0,200,400,100,0,1.0,0
2026-08-10 13:22:00.195614,NSE:775GJ32-SG,100.0,100,0,0,,,0.0,0,200,400,100,0,1.0,0
2026-08-10 13:22:00.664077,NSE:775HR35-SG,90.0,100,0,0,,,0.0,0,200,400,100,0,1.0,0
2026-08-10 13:22:00.883999,NSE:775PN36-SG,96.0,700,0,0,,,0.0,0,1400,2800,1000,800,0.1111111111111111,0
2026-08-10 13:22:01.432114,NSE:775PN42-SG,99.25,100,0,0,,,0.0,0,200,400,100,0,1.0,0
2026-08-10 13:22:00.118804,NSE:775RJ35-SG,99.14,200,0,0,,,0.0,0,400,800,100,0,1.0,0
2026-08-10 13:22:00.754006,NSE:775RJ36-SG,97.5,100,0,0,,,0.0,0,200,400,100,0,1.0,0
2026-08-10 13:22:00.644591,NSE:775TS37-SG,100.0,100,0,0,,,0.0,0,200,400,100,0,1.0,0
2026-08-10 13:22:00.174569,NSE:775UP33-SG,100.96,100,0,0,,,0.0,0,200,400,0,0,0.0,0
2026-08-10 13:22:00.113709,NSE:775UP34-SG,101.85,100,0,0,,,0.0,0,200,400,0,0,0.0,0
2026-08-10 13:21:59.981353,NSE:776KL35-SG,99.0,100,0,0,,,0.0,0,200,400,100,0,1.0,0
2026-08-10 13:22:01.694126,NSE:776KL38-SG,99.69,1200,0,0,,,0.0,0,2400,4800,100,100,0.0,0
2026-08-10 13:21:59.370199,NSE:776MH30-SG,100.95,9500,0,0,,,0.0,0,19000,38000,100,0,1.0,0
2026-08-10 13:22:00.647275,NSE:776MP37-SG,100.0,100,0,0,,,0.0,0,200,400,100,0,1.0,0
2026-08-10 13:22:00.134933,NSE:776MP37A-SG,102.35,100,0,0,,,0.0,0,200,400,100,0,1.0,0
2026-08-10 13:21:59.321470,NSE:776TN53-SG,95.48,1000,0,0,,,0.0,0,2000,4000,100,0,1.0,0
2026-08-10 13:21:59.423950,NSE:777GJ32-SG,103.18,10400,0,0,,,0.0,0,20800,41600,100,0,1.0,0
2026-08-10 13:21:59.988414,NSE:777HR36-SG,99.67,100,0,0,,,0.0,0,200,400,100,0,1.0,0
2026-08-10 13:22:00.087314,NSE:777MN38-SG,98.5,100,0,0,,,0.0,0,200,400,0,0,0.0,0
2026-08-10 13:21:59.520434,NSE:777MP47-SG,101.09,10000,0,0,,,0.0,0,20000,40000,100,0,1.0,0
2026-08-10 13:22:00.663053,NSE:777PN33-SG,99.98,100,0,0,,,0.0,0,200,400,100,0,1.0,0
2026-08-10 13:22:00.306162,NSE:777PN36-SG,104.89,200,0,0,,,0.0,0,400,800,0,0,0.0,0
2026-08-10 13:21:59.977899,NSE:778AS34-SG,95.0,100,0,0,,,0.0,0,200,500,1000,100,0.8181818181818182,100
2026-08-10 13:22:00.616042,NSE:778BR31-SG,100.0,100,0,0,,,0.0,0,200,400,100,0,1.0,0
2026-08-10 13:22:01.525076,NSE:778MH30-SG,102.1,100,0,0,,,0.0,0,200,400,100,0,1.0,0
2026-08-10 13:22:01.408806,NSE:778ML31-SG,100.0,500,0,0,,,0.0,0,1000,2000,0,0,0.0,0
2026-08-10 13:22:01.338303,NSE:778MZ37-SG,90.25,100,0,0,,,0.0,0,200,400,0,0,0.0,0
2026-08-10 13:22:00.027266,NSE:779AP42-SG,99.0,100,0,0,,,0.0,0,200,400,100,0,1.0,0
2026-08-10 13:21:59.548648,NSE:779HP38-SG,100.96,15000,0,0,,,0.0,0,30000,60000,0,0,0.0,0
2026-08-10 13:22:00.139387,NSE:779MH54-SG,99.0,100,0,0,,,0.0,0,200,400,100,0,1.0,0
2026-08-10 13:22:00.128512,NSE:779PN36-SG,101.96,100,0,0,,,0.0,0,200,400,0,0,0.0,0
2026-08-10 13:22:00.093914,NSE:779PN37-SG,100.0,100,0,0,,,0.0,0,200,400,100,0,1.0,0
2026-08-10 13:22:01.094215,NSE:779PY41-SG,98.0,2000,0,0,,,0.0,0,4000,8000,100,0,1.0,0
2026-08-10 13:22:00.188222,NSE:779TN32-SG,101.0,100,0,0,,,0.0,0,200,400,100,0,1.0,0
2026-08-10 13:22:01.844213,NSE:779UP51-SG,95.0,100,0,0,,,0.0,0,200,400,100,0,1.0,0
2026-08-10 13:22:00.295924,NSE:77AP29A-SG,101.88,100,0,0,,,0.0,0,200,400,0,0,0.0,0
2026-08-10 13:22:00.342309,NSE:77AP32-SG,100.0,200,0,0,,,0.0,0,400,800,0,0,0.0,0
2026-08-10 13:22:00.830735,NSE:77AP38-SG,99.0,200,0,0,,,0.0,0,400,800,0,100,-1.0,0
2026-08-10 13:21:59.469065,NSE:77BR38-SG,98.62,100,0,0,,,0.0,0,200,400,0,0,0.0,0
2026-08-10 13:22:01.784166,NSE:77GA33A-SG,100.0,100,0,0,,,0.0,0,200,400,0,0,0.0,0
2026-08-10 13:22:01.726094,NSE:77GJ40-SG,99.0,100,0,0,,,0.0,0,200,400,0,0,0.0,0
2026-08-10 13:21:59.944412,NSE:77HR32-SG,95.0,100,0,0,,,0.0,0,200,400,0,0,0.0,0
2026-08-10 13:22:00.745864,NSE:77KA33-SG,99.1,300,0,0,,,0.0,0,600,1200,0,0,0.0,0
2026-08-10 13:22:00.700201,NSE:77MH30-SG,97.0,100,0,0,,,0.0,0,200,400,0,0,0.0,0
2026-08-10 13:21:59.377884,NSE:77MH31-SG,100.0,100,0,0,,,0.0,0,200,400,0,0,0.0,0
2026-08-10 13:22:01.471158,NSE:77MH33A-SG,97.5,100,0,0,,,0.0,0,200,400,0,0,0.0,0
2026-08-10 13:21:59.496073,NSE:77PN40-SG,100.0,100,0,0,,,0.0,0,200,400,0,0,0.0,0
2026-08-10 13:22:00.834638,NSE:77TS38-SG,99.5,500,0,0,,,0.0,0,1000,2000,0,0,0.0,0
2026-08-10 13:21:59.861764,NSE:77UP33-SG,102.15,1000,0,0,,,0.0,0,2000,4000,0,0,0.0,0
2026-08-10 13:22:00.858046,NSE:77UP34-SG,98.79,1000,0,0,,,0.0,0,2000,4000,0,0,0.0,0
2026-08-10 13:22:01.396449,NSE:780TN41-SG,95.0,100,0,0,,,0.0,0,200,400,100,0,1.0,0
2026-08-10 13:22:01.027580,NSE:781GJ32-SG,104.9,100,0,0,,,0.0,0,200,400,0,100,-1.0,0
2026-08-10 13:22:01.415337,NSE:781HR32A-SG,101.39,300,0,0,,,0.0,0,600,1200,100,0,1.0,0
2026-08-10 13:22:01.818107,NSE:781JK51-SG,182.45,0,0,0,,,0.0,0,0,0,0,0,0.0,0
2026-08-10 13:22:01.634875,NSE:781KL37-SG,99.9,100,0,0,,,0.0,0,200,700,1000,0,1.0,400
2026-08-10 13:22:00.148010,NSE:781RJ49-SG,99.0,100,0,0,,,0.0,0,200,400,100,0,1.0,0
2026-08-10 13:22:00.152725,NSE:781UP32-SG,102.18,100,0,0,,,0.0,0,200,400,100,0,1.0,0
2026-08-10 13:21:59.591057,NSE:781UP34A-SG,101.45,8000,0,0,,,0.0,0,16000,32000,100,0,1.0,0
2026-08-10 13:22:00.853765,NSE:781UP41-SG,99.75,400,0,0,,,0.0,0,800,1600,0,0,0.0,0
2026-08-10 13:21:59.484091,NSE:782AS32A-SG,101.0,100,0,0,,,0.0,0,200,500,0,0,0.0,0
2026-08-10 13:22:00.069298,NSE:782GJ32-SG,100.0,200,0,0,,,0.0,0,400,800,100,0,1.0,0
2026-08-10 13:22:00.192881,NSE:782PN42-SG,99.0,300,0,0,,,0.0,0,600,1200,100,0,1.0,0
2026-08-10 13:22:01.476455,NSE:782TN32-SG,98.0,100,0,0,,,0.0,0,200,400,100,0,1.0,0
2026-08-10 13:22:01.816571,NSE:782UP46-SG,100.25,100,0,0,,,0.0,0,200,400,100,0,1.0,0
2026-08-10 13:22:00.917319,NSE:782WB32-SG,101.0,200,0,0,,,0.0,0,400,800,100,0,1.0,0
2026-08-10 13:22:01.544065,NSE:783GA32-SG,97.35,100,0,0,,,0.0,0,200,400,1000,100,0.8181818181818182,100
2026-08-10 13:22:01.030309,NSE:783HR32-SG,100.0,200,0,0,,,0.0,0,400,800,1000,600,0.25,0
2026-08-10 13:22:00.781691,NSE:783KL49-SG,100.0,500,0,0,,,0.0,0,1000,2000,100,1000,-0.8181818181818182,0
2026-08-10 13:27:32.308984,NSE:783MP48-SG,99.0,100,0,3,,100.0,0.0,300,500,700,200,400,-0.3333333333333333,100
2026-08-10 13:21:59.529840,NSE:783RJ50-SG,106.0,2000,0,0,,,0.0,0,4000,8000,0,0,0.0,0
2026-08-10 13:22:01.531277,NSE:784AS32-SG,97.17,100,0,0,,,0.0,0,200,500,0,0,0.0,0
2026-08-10 13:22:01.474121,NSE:784RJ32-SG,97.17,100,0,0,,,0.0,0,200,400,100,0,1.0,0
2026-08-10 13:21:59.649509,NSE:784TN52-SG,110.7,9000,0,0,,,0.0,0,18000,36000,0,100,-1.0,0
2026-08-10 13:21:59.479885,NSE:784TS39-SG,101.69,100,0,0,,,0.0,0,200,400,0,0,0.0,0
2026-08-10 13:21:59.640178,NSE:785AP37-SG,105.0,100,0,0,,,0.0,0,200,400,0,0,0.0,0
2026-08-10 13:22:01.544065,NSE:785BR32A-SG,101.8,100,0,0,,,0.0,0,200,400,100,0,1.0,0
2026-08-10 13:22:00.479266,NSE:785KL35-SG,104.95,100,0,0,,,0.0,0,200,400,0,0,0.0,0
2026-08-10 13:21:59.485722,NSE:785WB42-SG,100.0,100,0,0,,,0.0,0,200,400,0,0,0.0,0
2026-08-10 13:22:01.417792,NSE:787TN33-SG,103.6,6600,0,0,,,0.0,0,13200,26400,0,0,0.0,0
2026-08-10 13:22:01.444223,NSE:788GS2030-GS,104.77,443400,0,0,,,0.0,0,886800,1773600,260,0,1.0,0
2026-08-10 13:22:01.487734,NSE:788MP33-SG,99.0,100,0,0,,,0.0,0,200,400,100,0,1.0,0
2026-08-10 13:22:01.667007,NSE:788UP46-SG,95.0,100,0,0,,,0.0,0,200,400,100,0,1.0,0
2026-08-10 13:22:01.601072,NSE:789MH32-SG,101.83,2000,0,0,,,0.0,0,4000,8000,100,0,1.0,0
2026-08-10 13:22:01.493789,NSE:789TS36-SG,95.48,100,0,0,,,0.0,0,200,400,100,0,1.0,0
2026-08-10 13:21:59.508044,NSE:789WB40-SG,101.8,400,0,0,,,0.0,0,800,1600,0,0,0.0,0
2026-08-10 13:22:01.483814,NSE:78GJ32A-SG,99.7,1800,0,0,,,0.0,0,3600,7200,0,0,0.0,0
2026-08-10 13:21:59.888867,NSE:791MH39-SG,100.0,100,0,0,,,0.0,0,200,400,100,100,0.0,0
2026-08-10 13:21:59.900860,NSE:791PN36-SG,96.47,100,0,0,,,0.0,0,200,400,100,0,1.0,0
2026-08-10 13:22:00.453812,NSE:791PN41-SG,95.0,4200,0,0,,,0.0,0,8400,16800,100,0,1.0,0
2026-08-10 13:22:00.426232,NSE:792PN44-SG,95.0,800,0,0,,,0.0,0,1600,3200,100,1000,-0.8181818181818182,0
2026-08-10 13:22:00.825782,NSE:793TS34-SG,100.08,100,0,0,,,0.0,0,200,400,100,0,1.0,0
2026-08-10 13:22:01.496888,NSE:793WB37-SG,98.0,100,0,0,,,0.0,0,200,400,100,0,1.0,0
2026-08-10 13:21:59.558300,NSE:794TN32-SG,101.0,3800,0,0,,,0.0,0,7600,15200,100,0,1.0,0
2026-08-10 13:21:59.851932,NSE:795GS2032-GS,108.0,100,0,0,,,0.0,0,200,400,1400,1000,0.16666666666666666,0
2026-08-10 13:21:59.882005,NSE:796AP38-SG,96.0,400,0,0,,,0.0,0,800,1600,100,0,1.0,0
2026-08-10 13:21:59.891907,NSE:797TS43-SG,100.64,100,0,0,,,0.0,0,200,400,100,0,1.0,0
2026-08-10 13:21:59.450355,NSE:797WB42-SG,100.0,1900,0,0,,,0.0,0,3800,7600,100,0,1.0,0
2026-08-10 13:22:00.633915,NSE:799RJ41-SG,96.59,100,0,0,,,0.0,0,200,400,100,0,1.0,0
2026-08-10 13:21:58.083834,NSE:79NHIT35-N1,310.0,1,0,0,,,0.0,0,2,280,100,700,-0.75,1344
2026-08-10 13:21:58.130156,NSE:79NHIT40-N2,317.5,1,0,0,,,0.0,0,2,4,15,485,-0.94,22
2026-08-10 13:21:58.125586,NSE:79NHIT47-N3,421.7,10,0,0,,,0.0,0,20,1070,20,10,0.3333333333333333,510
2026-08-10 13:22:01.256205,NSE:802AP38-SG,97.0,300,0,0,,,0.0,0,600,1200,100,0,1.0,0
2026-08-10 13:22:01.248619,NSE:802WB37-SG,103.95,100,0,0,,,0.0,0,200,400,0,0,0.0,0
2026-08-10 13:22:01.607586,NSE:803AP35-SG,99.39,100,0,0,,,0.0,0,200,400,100,0,1.0,0
2026-08-10 13:21:59.781124,NSE:806RJ57-SG,100.0,100,0,0,,,0.0,0,200,400,100,0,1.0,0
2026-08-10 13:21:59.818809,NSE:807AP51-SG,95.5,1400,0,0,,,0.0,0,2800,5600,100,0,1.0,0
2026-08-10 13:21:59.786938,NSE:807MH49-SG,101.0,200,0,0,,,0.0,0,400,800,100,100,0.0,0
2026-08-10 13:21:59.571978,NSE:807WB38-SG,95.0,100,0,0,,,0.0,0,200,400,100,0,1.0,0
2026-08-10 13:22:01.444223,NSE:813GS2045-GS,113.0,1,0,0,,,0.0,0,2,4,160,139,0.07023411371237458,0
2026-08-10 13:22:01.383899,NSE:815GS2026-GS,105.1,1,0,0,,,0.0,0,2,4,1000,0,1.0,0
2026-08-10 13:22:01.375186,NSE:817GS2044-GS,125.1,400,0,0,,,0.0,0,800,1600,0,57,-1.0,0
2026-08-10 13:28:06.209003,NSE:824GS2027-GS,104.21,10,0,1,,10.0,0.0,10,40,60,3000,10,0.9933554817275747,0
2026-08-10 13:22:01.403102,NSE:824GS2033-GS,109.75,1000,0,0,,,0.0,0,2000,4000,1000,0,1.0,0
2026-08-10 13:21:59.631526,NSE:826GS2027-GS,102.8,1,0,0,,,0.0,0,2,4,1010,10,0.9803921568627451,0
2026-08-10 13:22:00.623911,NSE:828GS2027-GS,167.35,2,0,0,,,0.0,0,4,8,0,100,-1.0,0
2026-08-10 13:29:15.553784,NSE:828GS2032-GS,111.3,200,0,5,,200.0,0.0,1000,1400,3400,200,200,0.0,3201
2026-08-10 13:21:59.637682,NSE:832GS2032-GS,110.9,100,0,0,,,0.0,0,200,400,1000,0,1.0,0
2026-08-10 13:22:00.627206,NSE:833GS2032-GS,107.33,0,0,0,,,0.0,0,0,0,1000,0,1.0,0
2026-08-10 13:21:59.722197,NSE:833GS2036-GS,108.58,4,0,0,,,0.0,0,8,16,1000,0,1.0,0
2026-08-10 13:22:00.418323,NSE:83GS2040-GS,108.91,50,0,0,,,0.0,0,100,200,400,0,1.0,0
2026-08-10 13:22:00.736188,NSE:83GS2042-GS,105.1,200,0,0,,,0.0,0,400,1000,568,0,1.0,0
2026-08-10 13:22:00.718122,NSE:86GS2028-GS,108.39,214,0,0,,,0.0,0,428,856,1000,0,1.0,0
2026-08-10 13:22:00.874722,NSE:883GS2041-GS,110.0,40,0,0,,,0.0,0,80,160,100,0,1.0,0
2026-08-10 13:26:16.783928,NSE:890SFIL23A-NZ,420.0,17,0,0,,,0.0,0,51,85,7,45,-0.7307692307692307,0
2026-08-10 13:22:00.864111,NSE:897GS2030-GS,111.0,150,0,0,,,0.0,0,300,2100,100,553,-0.6937212863705973,1850
2026-08-10 13:22:01.717932,NSE:91D011026-TB,99.08,700,0,0,,,0.0,0,1400,2800,100,100,0.0,0
2026-08-10 13:22:01.782438,NSE:91D030926-TB,99.53,100,0,0,,,0.0,0,200,400,5000,0,1.0,100
2026-08-10 13:22:00.399686,NSE:91D051126-TB,98.71,0,0,0,,,0.0,0,0,0,200,2000,-0.8181818181818182,0
2026-08-10 13:22:00.760618,NSE:91D081026-TB,98.9,300,0,0,,,0.0,0,600,2400,400,1000,-0.42857142857142855,800
2026-08-10 13:21:59.909742,NSE:91D100926-TB,99.3,200,0,0,,,0.0,0,400,800,100,0,1.0,0
2026-08-10 13:21:59.579754,NSE:91D130826-TB,99.28,51700,0,0,,,0.0,0,103400,206800,5000,0,1.0,0
2026-08-10 13:22:01.434209,NSE:91D151026-TB,98.15,100,0,0,,,0.0,0,200,400,100,100,0.0,0
2026-08-10 13:22:00.387918,NSE:91D170926-TB,99.0,100,0,0,,,0.0,0,200,400,200,0,1.0,0
2026-08-10 13:22:00.452002,NSE:91D200826-TB,99.9,200,0,0,,,0.0,0,400,800,100,0,1.0,0
2026-08-10 13:21:59.410673,NSE:91D221026-TB,98.45,200,0,0,,,0.0,0,400,800,500,0,1.0,0
2026-08-10 13:21:59.504302,NSE:91D240926-TB,99.0,100,0,0,,,0.0,0,200,400,100,100,0.0,0
2026-08-10 13:22:01.125332,NSE:91D280826-TB,99.63,100,0,0,,,0.0,0,200,400,5000,1000,0.6666666666666666,100
2026-08-10 13:22:00.280049,NSE:91D291026-TB,102.9,100,0,0,,,0.0,0,200,400,100,1600,-0.8823529411764706,0
2026-08-10 13:22:00.710772,NSE:923GS2043-GS,114.99,1,0,0,,,0.0,0,2,4,400,0,1.0,0
2026-08-10 13:22:00.734056,NSE:92GS2030-GS,114.98,700,0,0,,,0.0,0,1400,3500,100,180,-0.2857142857142857,1101
2026-08-10 13:21:56.428064,NSE:948SCL26A-NN,332.72,285,0,0,,,0.0,0,570,1140,10,66,-0.7368421052631579,0
2026-08-10 13:21:54.552340,NSE:965SCL25C-N0,451.8,10,0,0,,,0.0,0,20,40,200,390,-0.3220338983050847,0
2026-08-10 13:21:58.345459,NSE:965SCL28-AK,427.8,23,0,0,,,0.0,0,46,92,190,0,1.0,0
2026-08-10 13:21:58.351775,NSE:971SCL28-AN,459.9,201,0,0,,,0.0,0,402,804,25,196,-0.7737556561085973,0
2026-08-10 13:21:56.342922,NSE:985SFIL28-NO,385.25,15,0,0,,,0.0,0,30,60,10,3,0.5384615384615384,15
2026-08-10 13:21:55.675923,NSE:990SCL26-N7,360.0,22,0,0,,,0.0,0,44,88,600,41,0.8720748829953198,0
2026-08-10 13:21:56.473966,NSE:990SCL26A-NL,325.2,10,0,0,,,0.0,0,20,40,1,1,0.0,0
2026-08-10 13:31:17.647937,NSE:AAATECH-EQ,96.37,25,3,16,25.0,83.5625,0.2991772625280479,1337,8189,17632,30,25,0.09090909090909091,45693
2026-08-10 13:21:53.556824,NSE:AAKAAR-SM,57.5,3200,0,0,,,0.0,0,6400,12800,0,1600,-1.0,28800
2026-08-10 13:21:56.277757,NSE:AARADHYA-SM,72.0,1200,0,0,,,0.0,0,2400,4800,1200,1200,0.0,0
2026-08-10 13:29:41.467852,NSE:AAREYDRUGS-BE,80.0,1,1,2,1.0,1.0,0.0,2,7,6532,50,73,-0.18699186991869918,6317
2026-08-10 13:31:36.349263,NSE:AARNAV-EQ,31.21,1,20,85,5.1,9.223529411764705,0.5529336734693877,784,5289,6165,1,19,-0.9,26858
2026-08-10 13:30:50.153949,NSE:AARON-EQ,138.39,2,7,9,5.714285714285714,4.666666666666667,1.2244897959183674,42,49,534,8,5,0.23076923076923078,18426
2026-08-10 13:30:10.621393,NSE:AARTECH-BE,46.05,100,1,4,100.0,100.0,0.0,400,700,1210,20,49,-0.42028985507246375,15461
2026-08-10 13:31:30.224098,NSE:AARTIDRUGS-EQ,421.35,20,27,55,17.85185185185185,16.763636363636362,1.0649152406202298,922,1148,13597,2,7,-0.5555555555555556,137472
2026-08-10 13:31:23.727795,NSE:AARVI-EQ,153.83,1,1,1,1.0,1.0,0.0,1,127,996,94,3,0.9381443298969072,11211
2026-08-10 13:31:34.769610,NSE:AASTHA-EQ,73.73,39,40,99,63.1,72.71717171717172,0.8677455202111404,7199,11998,42416,2,373,-0.9893333333333333,1841341
2026-08-10 13:31:36.283645,NSE:ABCAPITAL-EQ,410.8,459,138,381,24.195652173913043,23.64829396325459,1.023145780051151,9010,13507,50308,79,2562,-0.940174176448315,1352449
2026-08-10 13:24:31.785228,NSE:ABCOTS-EQ,202.19,1,0,0,,,0.0,0,3,39,1,2,-0.3333333333333333,2890
2026-08-10 13:31:34.853998,NSE:ABFRL-EQ,61.06,65,52,126,300.8269230769231,220.15079365079364,1.366458499141725,27739,54555,388161,1000,291,0.5491866769945778,26520978
2026-08-10 13:24:38.608619,NSE:ABGSEC-EQ,114.9,1,0,0,,,0.0,0,3,6,50,6,0.7857142857142857,16
2026-08-10 13:31:33.818004,NSE:ABLBL-EQ,91.29,29,23,59,29.47826086956522,21.084745762711865,1.3980847196980288,1244,5488,28785,123,16,0.7697841726618705,746819
2026-08-10 13:21:54.363730,NSE:ABMINTLLTD-EQ,43.8,58,0,0,,,0.0,0,116,290,10,95,-0.8095238095238095,398
2026-08-10 13:25:44.224027,NSE:ABMKNO-EQ,190.0,15,0,0,,,0.0,0,75,2106,6,4,0.2,875
2026-08-10 13:31:34.675747,NSE:ABSL10BANK-EQ,170.1,10,45,113,10.0,10.0,1.0,1130,1920,9325,4,1800,-0.9955654101995566,888
2026-08-10 13:31:34.293634,NSE:ABSLBANETF-EQ,59.09,2,47,115,7.829787234042553,7.71304347826087,1.0151358871644798,887,958,39939,30431,499,0.9677335919818946,8353
2026-08-10 13:31:23.778898,NSE:ABSLMSCIN-EQ,30.23,331,14,38,331.0,331.0,1.0,12578,22839,25312,320,3000,-0.8072289156626506,643
2026-08-10 13:31:33.668164,NSE:ABSLNN50ET-EQ,78.69,2,27,69,23.77777777777778,70.17391304347827,0.33884069943549494,4842,12498,25173,254355,3,0.9999764111999623,16562
2026-08-10 13:28:11.598648,NSE:ABSMARINE-ST,225.95,500,0,4,,500.0,0.0,2000,5500,25000,500,500,0.0,15500
2026-08-10 13:21:55.318036,NSE:ACCORD-ST,198.35,2000,0,0,,,0.0,0,4000,8000,0,130000,-1.0,0
2026-08-10 13:21:59.234046,NSE:ACCPL-ST,190.0,1200,0,0,,,0.0,0,2400,16800,1200,2400,-0.3333333333333333,16800
2026-08-10 13:21:58.741687,NSE:ACETEC-SM,131.55,1200,0,0,,,0.0,0,2400,4800,1200,1200,0.0,0
2026-08-10 13:30:00.329192,NSE:ACL-EQ,47.35,40,1,7,40.0,233.85714285714286,0.0,1637,1737,5224,742,211,0.5571878279118573,10096
2026-08-10 13:31:29.343733,NSE:ACMESOLAR-EQ,364.25,7,35,88,15.657142857142857,12.738636363636363,1.2291066649675035,1121,6197,13841,247,21,0.8432835820895522,342886
2026-08-10 13:31:35.816108,NSE:ACSTECH-EQ,50.6,66,6,22,198.66666666666666,313.8181818181818,0.6330629586713017,6904,50687,105602,43725,0,1.0,698405
2026-08-10 13:21:54.399619,NSE:ACTIVEINFR-SM,171.0,600,0,0,,,0.0,0,1200,2400,600,600,0.0,0
2026-08-10 13:31:36.507090,NSE:ADANIPOWER-EQ,208.96,14,80,194,50.425,56.402061855670105,0.8940276000731127,10942,22076,143735,25,255,-0.8214285714285714,6676544
2026-08-10 13:23:27.594030,NSE:ADDICTIVE-SM,42.15,500,0,0,,,0.0,0,2000,5000,6000,0,1.0,19500
2026-08-10 13:31:03.613944,NSE:ADFFOODS-EQ,262.05,1,13,28,9.538461538461538,5.142857142857143,1.8547008547008546,144,689,9345,7,15,-0.36363636363636365,87703
2026-08-10 13:28:32.154205,NSE:ADISOFT-SM,188.25,800,0,3,,800.0,0.0,2400,4800,17600,800,1600,-0.3333333333333333,30400
2026-08-10 13:27:15.394063,NSE:ADL-EQ,71.0,10,0,1,,10.0,0.0,10,19,34,5,9,-0.2857142857142857,209
2026-08-10 13:31:36.135669,NSE:ADSL-EQ,115.8,5,6,15,5.0,4.2,1.1904761904761905,63,225,5076,7,2,0.5555555555555556,94748
2026-08-10 13:29:32.213997,NSE:ADVANCE-EQ,122.55,1,0,9,,1.0,0.0,9,556,15792,3,3,0.0,290894
2026-08-10 13:31:16.773889,NSE:ADVANIHOTR-EQ,50.49,9,4,10,9.0,47.1,0.19108280254777069,471,520,2998,37,20,0.2982456140350877,15510
2026-08-10 13:31:20.753849,NSE:ADVENTHTL-EQ,145.75,10,6,14,12.166666666666666,8.642857142857142,1.4077134986225897,121,167,2074,1,1,0.0,28293
2026-08-10 13:31:35.110368,NSE:ADVENZYMES-EQ,296.65,5,52,111,32.28846153846154,23.153153153153152,1.3945600119724635,2570,4910,25393,10,39,-0.5918367346938775,886755
2026-08-10 13:31:36.357881,NSE:AEGISVOPAK-EQ,279.5,8,28,69,18.571428571428573,22.333333333333332,0.8315565031982943,1541,8425,34748,32,484,-0.875968992248062,474200
2026-08-10 13:31:35.003768,NSE:AEQUS-EQ,249.15,1,55,158,3.6363636363636362,11.575949367088608,0.3141309210199314,1829,2979,13747,132,13,0.8206896551724138,2976636
2026-08-10 13:31:36.365062,NSE:AEROENTER-EQ,127.78,20,18,45,998.3333333333334,468.4222222222222,2.1312680867213816,21079,23912,51606,980,1,0.9979612640163099,278534
2026-08-10 13:31:35.198081,NSE:AEROFLEX-EQ,420.4,5,46,118,43.28260869565217,43.70338983050848,0.9903718879361947,5157,9304,51638,701,16,0.9553695955369595,949656
2026-08-10 13:28:49.123975,NSE:AERON-SM,81.0,1000,0,3,,1000.0,0.0,3000,5000,27000,1000,1000,0.0,14000
2026-08-10 13:31:13.256194,NSE:AERONEU-EQ,84.75,2,4,5,2.0,2.0,1.0,10,16,170,1,1,0.0,33241
2026-08-10 13:31:15.874042,NSE:AEROPLANE-EQ,193.99,3,3,22,3.0,58.86363636363637,0.05096525096525096,1295,7511,16779,141,37,0.5842696629213483,94919
2026-08-10 13:30:27.607385,NSE:AESTHETIK-SM,74.95,1000,1,1,1000.0,1000.0,0.0,1000,3000,5000,1000,1000,0.0,0
2026-08-10 13:31:33.553829,NSE:AFCONS-EQ,261.05,1,76,225,46.0,65.70666666666666,0.7000811688311689,14784,25999,79116,38,100,-0.4492753623188406,1342676
2026-08-10 13:28:21.691281,NSE:AFFORDABLE-BE,197.83,8,0,3,,8.0,0.0,24,369,1790,20,140,-0.75,10085
2026-08-10 13:22:27.377303,NSE:AFSL-EQ,201.06,118,0,0,,,0.0,0,472,584,1,2,-0.3333333333333333,1541
2026-08-10 13:21:59.238874,NSE:AGARWALFT-SM,36.85,1500,0,0,,,0.0,0,3000,9000,0,1500,-1.0,0
2026-08-10 13:30:12.170122,NSE:AGARWALTUF-SM,148.0,1200,1,2,1200.0,1200.0,0.0,2400,4800,45600,2400,1200,0.3333333333333333,10800
2026-08-10 13:31:31.107868,NSE:AGIIL-EQ,301.5,9,20,38,7.0,7.473684210526316,0.9366197183098591,284,2359,26036,1066,1,0.9981255857544518,97784
2026-08-10 13:25:22.044153,NSE:AGRITECH-BE,109.2,1,0,0,,,0.0,0,4,313,62,40,0.21568627450980393,420
2026-08-10 13:21:59.157929,NSE:AGUL-SM,56.45,2000,0,0,,,0.0,0,4000,8000,2000,2000,0.0,0
2026-08-10 13:25:50.863980,NSE:AHLADA-EQ,38.5,45,0,0,,,0.0,0,284,926,160,20,0.7777777777777778,4537
2026-08-10 13:29:20.218055,NSE:AHLEAST-EQ,143.0,1,0,2,,1.0,0.0,2,606,7250,1066,13,0.9759036144578314,3948
2026-08-10 13:21:54.864371,NSE:AILIMITED-SM,35.85,1500,0,0,,,0.0,0,3000,6000,1500,0,1.0,0
2026-08-10 13:30:56.823748,NSE:AIROLAM-EQ,89.0,28,1,1,28.0,28.0,0.0,28,84,452,59,1,0.9666666666666667,563
2026-08-10 13:21:58.346278,NSE:AISL-SM,55.1,600,0,0,,,0.0,0,1200,2400,1200,600,0.3333333333333333,600
2026-08-10 13:31:29.127670,NSE:AJMERA-EQ,123.65,31,16,44,31.5,33.72727272727273,0.9339622641509434,1484,4032,11369,14,27,-0.3170731707317073,115531
2026-08-10 13:29:16.067129,NSE:AKANKSHA-ST,111.1,1000,0,1,,1000.0,0.0,1000,10000,25000,1000,1000,0.0,131000
2026-08-10 13:22:20.699783,NSE:AKIKO-ST,318.0,800,0,0,,,0.0,0,2400,16800,6400,800,0.7777777777777778,24800
2026-08-10 13:30:29.904095,NSE:AKSHARCHEM-BE,278.7,25,1,1,25.0,25.0,0.0,25,75,313,15,5,0.5,6068
2026-08-10 13:21:54.684190,NSE:ALCODIS-SM,67.6,625,0,0,,,0.0,0,1250,3125,625,625,0.0,0
2026-08-10 13:31:36.282129,NSE:ALEMBICLTD-EQ,85.6,45,42,102,39.0,37.03921568627451,1.0529380624669138,3778,5122,42339,43,116,-0.4591194968553459,134528
2026-08-10 13:29:53.607987,NSE:ALGOQUANT-EQ,67.14,1,4,33,1.0,13.06060606060606,0.0765661252900232,431,519,11201,257,202,0.11982570806100218,756422
2026-08-10 13:29:57.286345,NSE:ALKALI-BE,66.0,2,2,2,2.0,2.0,0.0,4,34,155,39,452,-0.8411405295315683,3657
2026-08-10 13:21:55.197870,NSE:ALLETEC-ST,135.75,400,0,0,,,0.0,0,800,4000,400,800,-0.3333333333333333,6800
2026-08-10 13:28:32.774164,NSE:ALLTIME-EQ,218.25,1,0,2,,1.0,0.0,2,475,1096,150,4,0.948051948051948,16590
2026-08-10 13:23:53.210508,NSE:ALPA-EQ,68.23,2,0,0,,,0.0,0,66,322,9,10,-0.05263157894736842,5021
2026-08-10 13:31:34.453934,NSE:ALPHA-EQ,53.97,445,45,110,13567.08888888889,5819.6,2.3312751544588783,640156,684467,754955,582823,21441,0.9290343293659725,542417
2026-08-10 13:30:35.446906,NSE:ALPHAGEO-EQ,247.5,90,3,15,187.66666666666666,89.26666666666667,2.1023151605675876,1339,1662,5128,1,1,0.0,32795
2026-08-10 13:31:04.647082,NSE:ALPINETEX-EQ,63.67,2,10,35,71.6,71.6,1.0,2506,9762,23268,31,36,-0.07462686567164178,213807
2026-08-10 13:21:54.978915,NSE:ALUWIND-SM,49.5,1500,0,0,,,0.0,0,3000,10500,1500,1500,0.0,3000
2026-08-10 13:21:55.518078,NSE:AMANTA-BE,162.83,50,0,0,,,0.0,0,100,1100,0,195589,-1.0,2980
2026-08-10 13:21:58.367897,NSE:AMBAAUTO-SM,108.4,1000,0,0,,,0.0,0,2000,5000,1000,1000,0.0,10000
2026-08-10 13:31:10.915198,NSE:AMBALALSA-EQ,49.4,100,7,24,71.42857142857143,72.58333333333333,0.9840905363293424,1742,2502,65773,50,202,-0.6031746031746031,580642
2026-08-10 13:21:58.065056,NSE:AMBANIORGO-SM,106.6,1000,0,0,,,0.0,0,2000,4000,1000,0,1.0,0
2026-08-10 13:31:36.327972,NSE:AMBUJACEM-EQ,431.5,37,69,174,37.30434782608695,31.103448275862068,1.1993637327677624,5412,9337,37394,6,4,0.2,1011557
2026-08-10 13:21:53.550257,NSE:AMCL-SM,395.0,800,0,0,,,0.0,0,1600,3200,400,400,0.0,2000
2026-08-10 13:31:31.514486,NSE:AMDIND-EQ,46.65,1000,3,8,1000.0,1000.0,1.0,8000,17000,17547,18,22,-0.1,5080
2026-08-10 13:21:54.300100,NSE:AMEYA-SM,109.0,1000,0,0,,,0.0,0,2000,13000,2000,0,1.0,2000
2026-08-10 13:21:57.047144,NSE:AMIABLE-SM,72.9,1600,0,0,,,0.0,0,3200,9600,1600,3200,-0.3333333333333333,0
2026-08-10 13:24:46.488474,NSE:AMJLAND-EQ,38.52,20,0,0,,,0.0,0,80,3432,2,7,-0.5555555555555556,4131
2026-08-10 13:31:01.793825,NSE:AMNPLST-EQ,199.32,1,10,10,20.2,20.2,1.0,202,229,667,1,9,-0.8,9911
2026-08-10 13:26:43.417391,NSE:ANANTAM-IV,105.5,1,0,1,,1.0,0.0,1,4,30830,750,10273,-0.863920892678944,82839
2026-08-10 13:31:35.793815,NSE:ANDHRAPAP-EQ,60.62,1,7,16,12.285714285714286,50.375,0.24388514711095358,806,8254,26074,15,24,-0.23076923076923078,54927
2026-08-10 13:31:36.161378,NSE:ANDHRSUGAR-EQ,99.46,99,113,338,201.72566371681415,202.1360946745562,0.9979695315752347,68322,177722,489401,550,68,0.7799352750809061,14069347
2026-08-10 13:31:36.373810,NSE:ANGELONE-EQ,293.55,10,101,263,27.831683168316832,23.634980988593156,1.1775631713750525,6216,9828,68031,184,272,-0.19298245614035087,3056745
2026-08-10 13:21:56.152762,NSE:ANIKINDS-EQ,43.0,1,0,0,,,0.0,0,2,693,1,27,-0.9285714285714286,2327
2026-08-10 13:26:54.768182,NSE:ANNAPURNA-SM,160.9,250,0,2,,250.0,0.0,500,4750,15750,250,250,0.0,35250
2026-08-10 13:31:11.136552,NSE:ANUHPHR-EQ,77.97,1,5,13,8.6,12.538461538461538,0.6858895705521472,163,9364,10478,600,48,0.8518518518518519,86674
2026-08-10 13:21:57.244165,NSE:APCL-EQ,103.96,17,0,0,,,0.0,0,34,278,1,3,-0.5,4187
2026-08-10 13:31:33.687903,NSE:APEX-EQ,377.55,14,8,29,5.0,14.206896551724139,0.3519417475728155,412,478,3428,1,2,-0.3333333333333333,64739
2026-08-10 13:29:15.006350,NSE:APEXECO-ST,285.5,800,0,3,,800.0,0.0,2400,4000,6400,800,800,0.0,9600
2026-08-10 13:31:36.194803,NSE:APOLLO-EQ,387.9,4,67,170,37.19402985074627,38.811764705882354,0.9583184411377487,6598,17630,65829,68,1188,-0.89171974522293,5130381
2026-08-10 13:31:34.268190,NSE:APOLLOTYRE-EQ,449.8,2,38,99,2.236842105263158,2.1515151515151514,1.0396590066716087,213,429,2968,22,2887,-0.9848745273289791,551489
2026-08-10 13:30:22.360876,NSE:APRAMEYA-SM,145.95,500,1,1,500.0,500.0,0.0,500,1500,2500,500,500,0.0,3500
2026-08-10 13:31:32.913736,NSE:APS-SM,247.65,250,16,27,250.0,250.0,1.0,6750,14500,45750,250,500,-0.3333333333333333,19750
2026-08-10 13:21:57.599995,NSE:APSISAERO-ST,475.4,1200,0,0,,,0.0,0,2400,6000,18000,0,1.0,9600
2026-08-10 13:31:14.007771,NSE:APTECHT-BE,95.0,292,3,6,292.0,485.5,0.6014418125643667,2913,9713,12776,186,1168,-0.725258493353028,23245
2026-08-10 13:31:31.388257,NSE:APTUS-EQ,257.25,11,28,78,9.25,23.807692307692307,0.38852988691437806,1857,4669,31784,1677,344,0.6595744680851063,415379
2026-08-10 13:22:36.777185,NSE:ARABIAN-SM,90.0,2000,0,0,,,0.0,0,6000,32000,2000,2000,0.0,36000
2026-08-10 13:31:02.615945,NSE:ARCHIDPLY-EQ,95.96,12,8,14,11.125,32.214285714285715,0.34534368070953436,451,899,7720,113,52,0.3696969696969697,155874
2026-08-10 13:21:56.492572,NSE:ARCIIL-SM,37.5,1000,0,0,,,0.0,0,2000,4000,1000,1000,0.0,0
2026-08-10 13:31:28.643288,NSE:ARENTERP-EQ,37.0,4,1,1,4.0,4.0,0.0,4,16,49,1,46,-0.9574468085106383,1313
2026-08-10 13:30:54.833946,NSE:ARFIN-EQ,88.34,8,8,35,8.0,20.97142857142857,0.38147138964577654,734,90698,92358,170,472,-0.470404984423676,1087129
2026-08-10 13:21:54.706646,NSE:ARHAM-SM,188.8,1000,0,0,,,0.0,0,2000,34000,1000,1000,0.0,45000
2026-08-10 13:30:29.074171,NSE:ARIES-EQ,347.7,55,2,8,55.0,55.0,0.0,440,777,1524,3,6,-0.3333333333333333,7351
2026-08-10 13:21:56.705114,NSE:ARIHANTACA-SM,481.0,400,0,0,,,0.0,0,800,1600,400,400,0.0,0
2026-08-10 13:31:36.227703,NSE:ARIHANTCAP-EQ,76.0,75,41,66,75.0,75.0,1.0,4950,5707,23273,125,300,-0.4117647058823529,86617
2026-08-10 13:29:43.264160,NSE:ARIHANTSUP-EQ,260.9,1,1,1,1.0,1.0,0.0,1,1831,2947,11,7,0.2222222222222222,3631
2026-08-10 13:31:15.434168,NSE:ARIS-EQ,136.0,13,15,34,21.733333333333334,53.05882352941177,0.4096082779009608,1804,8301,31135,85,65,0.13333333333333333,1442402
2026-08-10 13:21:53.831846,NSE:ARISTO-ST,109.3,1600,0,0,,,0.0,0,3200,6400,0,800,-1.0,0
2026-08-10 13:31:31.444499,NSE:ARKADE-EQ,135.5,147,16,40,31.125,148.425,0.2097018696311268,5937,6379,10097,650,5,0.9847328244274809,245071
2026-08-10 13:31:31.704129,NSE:ARTEMISMED-EQ,319.85,208,23,54,84.78260869565217,63.75925925925926,1.3297301392870222,3443,4290,9482,36,14,0.44,371226
2026-08-10 13:21:56.871500,NSE:ARTNIRMAN-EQ,43.25,20,0,0,,,0.0,0,40,190,1,13,-0.8571428571428571,2851
2026-08-10 13:31:33.534924,NSE:ARVEE-EQ,157.38,1,5,7,1.0,1.0,1.0,7,32,173,1,1,0.0,5180
2026-08-10 13:31:34.799725,NSE:ARVINDFASN-EQ,461.15,1,40,92,4.025,3.760869565217391,1.0702312138728325,346,509,1619,1,18,-0.8947368421052632,122013
2026-08-10 13:21:58.591639,NSE:ARVINDPORT-SM,31.25,1500,0,0,,,0.0,0,3000,7500,3000,1500,0.3333333333333333,6000
2026-08-10 13:26:42.254006,NSE:ASAHISONG-BE,359.6,8,0,1,,8.0,0.0,8,24,53,22,93,-0.6173913043478261,4716
2026-08-10 13:24:43.083890,NSE:ASCOM-ST,245.85,500,0,0,,,0.0,0,1500,3000,0,1000,-1.0,1500
2026-08-10 13:21:55.353803,NSE:ASHALOG-SM,60.95,1000,0,0,,,0.0,0,2000,6000,1000,1000,0.0,16000
2026-08-10 13:31:35.160260,NSE:ASHIANA-EQ,383.0,64,11,34,22.90909090909091,95.55882352941177,0.23973810123394612,3249,5163,7745,3,7,-0.4,39537
2026-08-10 13:31:36.758019,NSE:ASHIKAG-EQ,437.55,2,25,91,1.16,36.1978021978022,0.0320461445051609,3294,7794,8756,4,4,0.0,239724
2026-08-10 13:31:34.612142,NSE:ASHOKA-EQ,117.94,12,15,35,13.533333333333333,19.542857142857144,0.6924951267056529,684,3505,35218,373,64,0.7070938215102975,343331
2026-08-10 13:31:36.778020,NSE:ASHOKLEY-EQ,176.0,10,134,258,81.51492537313433,69.51162790697674,1.1726804252408085,17934,35961,97916,576,1218,-0.35785953177257523,10558575
2026-08-10 13:28:30.249179,NSE:ASHWINI-SM,199.0,1000,0,1,,1000.0,0.0,1000,3000,23000,1000,1000,0.0,104000
2026-08-10 13:31:33.798022,NSE:ASIANENE-EQ,406.25,15,28,61,27.642857142857142,18.868852459016395,1.4649993794216207,1151,2065,8146,4,13,-0.5294117647058824,163042
2026-08-10 13:31:02.983854,NSE:ASIANHOTNR-EQ,317.0,5,1,1,5.0,5.0,0.0,5,17,53,1,3,-0.5,14572
2026-08-10 13:29:43.328081,NSE:ASIANTILES-EQ,54.73,399,1,14,399.0,178.35714285714286,0.0,2497,3471,24186,59,273,-0.6445783132530121,2364489
2026-08-10 13:26:54.385867,NSE:ASPINWALL-EQ,232.07,35,0,3,,35.0,0.0,105,269,400,10,8,0.1111111111111111,1265
2026-08-10 13:31:36.457737,NSE:ATALREAL-EQ,35.08,155,11,62,359.8181818181818,214.79032258064515,1.675206673629742,13317,262652,292797,285,112,0.4357682619647355,10901927
2026-08-10 13:24:02.612752,NSE:ATAM-EQ,65.6,1,0,0,,,0.0,0,3,10,58,194,-0.5396825396825397,971
2026-08-10 13:31:17.473926,NSE:ATLANTAA-EQ,41.5,21,2,5,21.0,9.0,0.0,45,965,11312,252,12,0.9090909090909091,154468
2026-08-10 13:25:25.263901,NSE:ATLASCYCLE-EQ,97.08,9,0,0,,,0.0,0,54,418,22,60,-0.4634146341463415,2257
2026-08-10 13:29:32.029968,NSE:ATMASTCO-ST,147.0,400,0,1,,400.0,0.0,400,1200,3600,400,400,0.0,5600
2026-08-10 13:31:01.009127,NSE:AURUM-EQ,228.52,13,19,35,15.473684210526315,12.314285714285715,1.2565636829893758,431,761,2650,1,1,0.0,192479
2026-08-10 13:27:32.170665,NSE:AUSOMENT-BE,141.57,1,0,8,,1.0,0.0,8,10,21,68,47,0.1826086956521739,335
2026-08-10 13:31:36.293910,NSE:AUTOBEES-EQ,308.67,281,60,131,220.66666666666666,167.2824427480916,1.3191262815247482,21914,26717,205707,1,768,-0.9973992197659298,286863
2026-08-10 13:31:33.363718,NSE:AUTOIETF-EQ,30.86,3,26,92,608.1153846153846,252.42391304347825,2.4091037068688537,23223,39089,92156,2353,13488,-0.7029227952780759,563860
2026-08-10 13:30:55.947667,NSE:AUTOIND-BE,93.79,46,6,11,46.0,122.45454545454545,0.37564959168522644,1347,17367,23285,20,709,-0.9451303155006858,88380
2026-08-10 13:29:50.227837,NSE:AVANA-ST,144.4,2000,1,4,2000.0,2000.0,0.0,8000,50000,102000,2000,2000,0.0,8000
2026-08-10 13:31:34.284112,NSE:AVANTEL-EQ,162.55,200,19,60,159.73684210526315,208.81666666666666,0.7649621299637472,12529,17253,52381,100,437,-0.62756052141527,345365
2026-08-10 13:21:58.524138,NSE:AVATAR-ST,207.6,2000,0,0,,,0.0,0,4000,20000,2000,2000,0.0,8000
2026-08-10 13:29:32.013737,NSE:AVG-BE,200.1,65,0,1,,65.0,0.0,65,195,914,55,84,-0.20863309352517986,4321
2026-08-10 13:21:53.462934,NSE:AVIANSH-SM,104.0,1000,0,0,,,0.0,0,2000,6000,1000,1000,0.0,1000
2026-08-10 13:21:56.277757,NSE:AVIENCE-SM,249.75,600,0,0,,,0.0,0,1200,3600,600,600,0.0,9000
2026-08-10 13:31:01.679596,NSE:AVPINFRA-SM,62.1,800,3,8,800.0,800.0,1.0,6400,8000,20800,800,3200,-0.6,16000
2026-08-10 13:21:58.386117,NSE:AVSL-ST,119.7,1000,0,0,,,0.0,0,2000,4000,0,0,0.0,0
2026-08-10 13:31:20.897716,NSE:AVTNPL-EQ,71.7,135,5,9,135.0,113.66666666666667,1.187683284457478,1023,1376,1505,781,19,0.9525,33420
2026-08-10 13:31:15.923931,NSE:AWFIS-EQ,269.95,5,9,18,10.11111111111111,10.666666666666666,0.9479166666666666,192,1426,3740,37,21,0.27586206896551724,98253
2026-08-10 13:31:36.818241,NSE:AWHCL-EQ,415.1,3,23,44,28.82608695652174,20.5,1.4061505832449628,902,999,3026,11,7,0.2222222222222222,122681
2026-08-10 13:31:33.523833,NSE:AWL-EQ,196.29,50,38,106,45.078947368421055,48.74528301886792,0.9247858372464935,5167,10337,33084,235,868,-0.5738893925657298,592867
2026-08-10 13:31:34.893769,NSE:AYE-EQ,176.52,20,29,72,12.931034482758621,10.958333333333334,1.1800183558410908,789,4427,42296,13,8,0.23809523809523808,581238
2026-08-10 13:31:12.235432,NSE:AYMSYNTEX-EQ,259.0,5,5,5,9.2,9.2,1.0,46,79,1101,7,6,0.07692307692307693,20678
2026-08-10 13:31:19.574403,NSE:BAFNAPH-BE,284.5,500,5,5,500.0,500.0,1.0,2500,3500,3590,2000,329,0.7174753112924002,20503
2026-08-10 13:21:56.190765,NSE:BAGDIGITAL-SM,109.6,1600,0,0,,,0.0,0,3200,8000,1600,1600,0.0,0
2026-08-10 13:31:35.076955,NSE:BAGMANE-RR,108.7,9,41,112,16.21951219512195,21.696428571428573,0.7475659941784603,2430,3656,26195,2,1841,-0.9978296256104178,439763
2026-08-10 13:31:30.612513,NSE:BAJAJELEC-EQ,365.45,2,23,55,7.130434782608695,7.236363636363636,0.9853615905615031,398,1352,8888,60,67,-0.05511811023622047,332247
2026-08-10 13:31:19.153757,NSE:BAJAJHCARE-EQ,329.95,2,16,36,31.25,27.27777777777778,1.145621181262729,982,2388,4315,20,7,0.48148148148148145,62465
2026-08-10 13:31:36.423876,NSE:BAJAJHFL-EQ,85.18,24,64,164,58.09375,50.84756097560975,1.1425080944957429,8339,20499,64378,801,409,0.3239669421487603,2281091
2026-08-10 13:31:20.959856,NSE:BAJAJINDEF-EQ,233.49,22,6,10,22.0,22.0,1.0,220,398,834,5,20,-0.6,12094
2026-08-10 13:27:52.823921,NSE:BAJAJST-EQ,392.45,1,0,2,,1.0,0.0,2,68,1516,1,1,0.0,38456
2026-08-10 13:31:36.874924,NSE:BAJEL-EQ,194.82,1,35,102,54.94285714285714,39.166666666666664,1.4027963525835867,3995,12995,182126,1,2,-0.3333333333333333,950437
2026-08-10 13:21:53.818853,NSE:BALAJIPHOS-SM,89.0,3000,0,0,,,0.0,0,6000,15000,1000,2000,-0.3333333333333333,0
2026-08-10 13:31:34.783953,NSE:BALAJITELE-EQ,91.38,24,27,31,318.3333333333333,278.258064516129,1.1440219491459926,8626,12663,71873,26,50,-0.3157894736842105,673273
2026-08-10 13:31:28.916526,NSE:BALMLAWRIE-EQ,174.4,1,13,28,13.846153846153847,23.571428571428573,0.5874125874125874,660,990,10049,21,2,0.8260869565217391,48372
2026-08-10 13:29:10.693957,NSE:BALPHARMA-EQ,90.11,2,0,3,,2.0,0.0,6,38,3946,1,7,-0.75,32980
2026-08-10 13:31:31.367950,NSE:BALUFORGE-EQ,465.25,50,14,43,18.5,31.209302325581394,0.5927719821162445,1342,4299,29925,254,69,0.5727554179566563,712376
2026-08-10 13:28:56.243998,NSE:BANARBEADS-EQ,115.14,331,0,2,,331.0,0.0,662,3320,3974,259,10,0.9256505576208178,1435
2026-08-10 13:31:36.397729,NSE:BANDHANBNK-EQ,173.75,37,74,181,20.445945945945947,46.1767955801105,0.44277533096628574,8358,20485,133610,184,203,-0.04909560723514212,3746582
2026-08-10 13:21:53.627071,NSE:BANG-EQ,30.22,1,0,0,,,0.0,0,2,34,89,62,0.17880794701986755,12462
2026-08-10 13:29:50.550755,NSE:BANKA-EQ,84.5,1,4,9,1.0,1.0,1.0,9,159,220,59,47,0.11320754716981132,2287
2026-08-10 13:31:34.430155,NSE:BANKADD-EQ,59.07,2,35,94,8.514285714285714,40.202127659574465,0.2117869428798246,3779,8322,253453,100,17,0.7094017094017094,36760
2026-08-10 13:31:35.087799,NSE:BANKBARODA-EQ,247.7,72,88,216,64.95454545454545,52.69444444444444,1.2326640149518377,11382,26822,116671,179,1930,-0.8302513039355145,4415828
2026-08-10 13:31:32.459635,NSE:BANKBETA-EQ,59.66,1,25,67,6.44,3.388059701492537,1.9007929515418505,227,1394,50041601,38,488,-0.8555133079847909,705928
2026-08-10 13:31:34.304108,NSE:BANKBETF-EQ,58.75,10,15,51,10.0,10.0,1.0,510,1374,1092923,29995,199997,-0.7391648405161919,31406
2026-08-10 13:31:29.228086,NSE:BANKIETF-EQ,59.23,2,32,87,5.34375,31.551724137931036,0.16936475409836066,2745,11328,263098,3,1339,-0.9955290611028316,207833
2026-08-10 13:31:36.344070,NSE:BANKINDIA-EQ,141.58,4,121,242,301.08264462809916,210.4297520661157,1.4307988374833085,50924,109248,242939,274,304,-0.05190311418685121,5029603
2026-08-10 13:31:33.964030,NSE:BANKNIFTY1-EQ,59.91,3,23,69,3.739130434782609,4.159420289855072,0.8989547038327527,287,6752,340144,10,431,-0.9546485260770975,100839
2026-08-10 13:31:34.908102,NSE:BANKPSU-EQ,87.52,50,37,83,33.945945945945944,39.51807228915663,0.8589980224126564,3280,8467,81091,300,14670,-0.9599198396793587,23116
2026-08-10 13:31:29.363878,NSE:BANSALWIRE-EQ,324.0,8,9,43,17.333333333333332,111.3953488372093,0.15560194850382741,4790,5073,10148,2,3,-0.2,125637
2026-08-10 13:27:54.478738,NSE:BANSWRAS-EQ,124.19,36,0,1,,36.0,0.0,36,108,762,1,72,-0.9726027397260274,10777
2026-08-10 13:29:41.277943,NSE:BARFLEX-SM,53.7,2000,1,5,2000.0,2000.0,0.0,10000,24000,40000,4000,2000,0.3333333333333333,4000
2026-08-10 13:21:55.599869,NSE:BASILIC-SM,198.9,300,0,0,,,0.0,0,600,18300,300,300,0.0,19200
2026-08-10 13:31:35.803981,NSE:BATLIBOI-EQ,88.27,20,12,21,36.083333333333336,30.38095238095238,1.1876959247648904,638,780,1233,17,29,-0.2608695652173913,74253
2026-08-10 13:31:33.881738,NSE:BBNPNBETF-EQ,58.0,6,35,86,6.0,6.0,1.0,516,918,2449,102,11297,-0.9821036933064304,1779
2026-08-10 13:27:56.501273,NSE:BBNPPGOLD-EQ,146.35,65,0,3,,65.0,0.0,195,1235,4773,46984,6,0.99974462651628,6831
2026-08-10 13:21:57.984091,NSE:BBTCL-EQ,223.8,21,0,0,,,0.0,0,42,359,1,3,-0.5,1037
2026-08-10 13:31:36.213673,NSE:BCLIND-EQ,37.59,82,22,39,93.13636363636364,178.69230769230768,0.5212108167338474,6969,12393,56756,362,206,0.2746478873239437,693773
2026-08-10 13:29:59.765408,NSE:BCONCEPTS-EQ,170.5,6,1,9,6.0,20.444444444444443,0.0,184,196,217,172,1,0.9884393063583815,7428
2026-08-10 13:31:30.605310,NSE:BCPL-EQ,70.04,100,4,7,100.0,72.85714285714286,1.3725490196078431,510,595,1224,10,18,-0.2857142857142857,1982
2026-08-10 13:21:55.539482,NSE:BDR-IT,87.65,16667,0,0,,,0.0,0,33334,66668,0,0,0.0,0
2026-08-10 13:28:30.348479,NSE:BEACON-ST,90.8,1000,0,1,,1000.0,0.0,1000,3000,6000,1000,1000,0.0,5000
2026-08-10 13:31:36.776006,NSE:BECTORFOOD-EQ,234.15,70,112,306,128.85714285714286,86.90196078431373,1.4827875193398659,26592,49903,172153,30,46,-0.21052631578947367,7905530
2026-08-10 13:24:43.090160,NSE:BEDMUTHA-EQ,114.0,700,0,0,,,0.0,0,9800,10692,11,1,0.8333333333333334,4410
2026-08-10 13:22:48.608741,NSE:BEEKAY-EQ,390.05,18,0,0,,,0.0,0,38,1265,12,1,0.8461538461538461,2961
2026-08-10 13:31:36.809887,NSE:BEL-EQ,402.95,70,97,244,183.659793814433,91.98770491803279,1.9965689325338225,22445,93771,190724,356,4490,-0.8530747007841519,5112850
2026-08-10 13:28:45.234019,NSE:BELLACASA-EQ,245.01,16,0,1,,16.0,0.0,16,62,839,3,1,0.5,4210
2026-08-10 13:31:34.264055,NSE:BELRISE-EQ,252.66,10,54,138,61.907407407407405,42.108695652173914,1.4701810742079198,5811,12561,67641,956,151,0.7271906052393857,5427851
2026-08-10 13:31:30.434056,NSE:BEPL-EQ,125.86,64,30,70,370.0,216.52857142857144,1.7087814211255525,15157,22512,74610,74,2072,-0.9310344827586207,2192166
2026-08-10 13:31:19.333816,NSE:BEWLTD-SM,53.5,500,2,4,500.0,500.0,0.0,2000,3000,16000,500,500,0.0,12000
2026-08-10 13:31:30.834531,NSE:BFINVEST-EQ,481.9,25,17,36,16.294117647058822,9.972222222222221,1.6339505161396035,359,580,4309,1,25,-0.9230769230769231,23024
2026-08-10 13:26:24.798105,NSE:BGRENERGY-BE,264.95,153,0,0,,,0.0,0,329,2496,1049,103,0.8211805555555556,20535
2026-08-10 13:28:35.250887,NSE:BHADORA-ST,96.4,1200,0,1,,1200.0,0.0,1200,3600,8400,1200,1200,0.0,19200
2026-08-10 13:30:25.388295,NSE:BHAGCHEM-EQ,279.2,3,2,6,3.0,3.0,0.0,18,33,682,10,4,0.42857142857142855,52598
2026-08-10 13:29:24.820644,NSE:BHAGERIA-BE,207.0,10,0,3,,10.0,0.0,30,50,758,32,10,0.5238095238095238,19034
2026-08-10 13:31:08.583780,NSE:BHAGYANGR-BE,380.0,42,7,21,39.142857142857146,31.047619047619047,1.2607361963190185,652,793,10433,1032,141,0.7595907928388747,67383
2026-08-10 13:31:34.264055,NSE:BHARATCOAL-EQ,34.09,100,33,94,50.515151515151516,73.2872340425532,0.6892762726700888,6889,37340,138015,468,504,-0.037037037037037035,4100584
2026-08-10 13:30:43.239745,NSE:BHARATGEAR-BE,109.29,20,1,5,20.0,5.6,0.0,28,1900,6178,33,481,-0.8715953307392996,24032
2026-08-10 13:31:29.343733,NSE:BHARATSE-EQ,236.27,3,13,34,3.3846153846153846,12.088235294117647,0.2799925135691559,411,1530,7370,10,19,-0.3103448275862069,238420
2026-08-10 13:31:20.265453,NSE:BHARATWIRE-EQ,194.1,4,14,46,4.0,103.54347826086956,0.03863111484358597,4763,5487,9656,27,12,0.38461538461538464,159191
2026-08-10 13:31:34.958276,NSE:BHEL-EQ,408.2,3,84,236,25.511904761904763,43.686440677966104,0.5839776453743476,10310,22131,62527,104,426,-0.6075471698113207,3270564
2026-08-10 13:21:54.090450,NSE:BI-EQ,61.98,1,0,0,,,0.0,0,2,263,5,20,-0.6,4420
2026-08-10 13:31:25.699551,NSE:BIGBLOC-EQ,46.85,2,8,15,13.25,27.666666666666668,0.47891566265060237,415,721,14731,21,23,-0.045454545454545456,100780
2026-08-10 13:21:53.471882,NSE:BIKEWO-ST,82.4,2000,0,0,,,0.0,0,4000,16000,46000,0,1.0,34000
2026-08-10 13:31:36.122520,NSE:BIOCON-EQ,424.45,45,64,170,23.171875,21.976470588235294,1.0543947403640257,3736,6347,43458,1211,9,0.9852459016393442,1764949
2026-08-10 13:31:27.677924,NSE:BIOFILCHEM-EQ,32.99,6,6,8,6.0,8.0,0.75,64,92,6839,40,26,0.21212121212121213,9128
2026-08-10 13:30:46.248204,NSE:BIOPOL-SM,102.25,1200,5,8,1200.0,1200.0,1.0,9600,19200,169200,1200,1200,0.0,237600
2026-08-10 13:21:56.904008,NSE:BIRDYS-ST,88.5,31200,0,0,,,0.0,0,62400,124800,1200,1200,0.0,0
2026-08-10 13:31:36.439370,NSE:BIRET-RR,345.95,30,37,96,10.18918918918919,11.875,0.8580369843527739,1140,4849,13029,113,414,-0.571157495256167,180139
2026-08-10 13:31:29.865164,NSE:BIRLACABLE-BE,261.0,25,27,68,145.62962962962962,145.60294117647058,1.0001832961130002,9901,14803,29950,340,343,-0.004392386530014641,205381
2026-08-10 13:30:20.262518,NSE:BIRLAMONEY-EQ,133.51,3,1,3,3.0,3.0,0.0,9,24,34831,17,8,0.36,24548
2026-08-10 13:31:05.563689,NSE:BIRLAPREC-EQ,35.37,10,1,2,10.0,10.0,0.0,20,56,988,2,22,-0.8333333333333334,6387
2026-08-10 13:28:32.084083,NSE:BLACKROSE-BE,111.31,9,0,9,,38.55555555555556,0.0,347,772,1156,25,90,-0.5652173913043478,5901
2026-08-10 13:30:38.259104,NSE:BLAL-EQ,172.26,36,3,5,36.0,22.8,1.5789473684210527,114,123,669,100,3,0.941747572815534,4551
2026-08-10 13:31:20.919694,NSE:BLIL-EQ,70.96,20,2,5,20.0,20.0,0.0,100,111,1039,10,9,0.05263157894736842,14389
2026-08-10 13:31:36.138183,NSE:BLISSGVS-BE,480.0,25,31,57,52.41935483870968,64.3859649122807,0.8141425683396327,3670,5652,49630,45,49,-0.0425531914893617,346413
2026-08-10 13:31:34.573921,NSE:BLKASHYAP-EQ,54.8,63,17,57,63.0,74.66666666666667,0.84375,4256,7896,47147,26,38,-0.1875,205694
2026-08-10 13:31:33.828177,NSE:BLS-EQ,260.06,29,82,178,54.59756097560975,39.70224719101124,1.375175584216575,7067,20565,58323,35,87,-0.4262295081967213,6187362
2026-08-10 13:31:36.263759,NSE:BLSE-EQ,315.5,68,12,32,15.333333333333334,11.5,1.3333333333333335,368,1525,8556,2,4,-0.3333333333333333,297412
2026-08-10 13:21:55.546302,NSE:BLUEPEBBLE-SM,79.9,3200,0,0,,,0.0,0,6400,35200,400,800,-0.3333333333333333,3600
2026-08-10 13:28:57.548370,NSE:BLUEWATER-ST,419.5,1000,0,2,,1000.0,0.0,2000,4000,16000,1000,1000,0.0,30000
2026-08-10 13:30:56.703976,NSE:BLUSPRING-EQ,113.18,5,5,10,5.0,5.0,1.0,50,97,6847,24,20,0.09090909090909091,126857
2026-08-10 13:21:55.124004,NSE:BMETRICS-SM,38.5,800,0,0,,,0.0,0,1600,3200,800,2400,-0.5,0
2026-08-10 13:28:10.148852,NSE:BMLL-SM,146.5,1000,0,7,,1000.0,0.0,7000,12000,28000,1000,1000,0.0,9000
2026-08-10 13:31:04.403929,NSE:BMWVENTLTD-EQ,59.1,30,8,10,20.625,17.5,1.1785714285714286,175,228,1854,4,10,-0.42857142857142855,61429
2026-08-10 13:21:56.287930,NSE:BNAGROCHEM-BE,265.05,20,0,0,,,0.0,0,40,226,9,33,-0.5714285714285714,137
2026-08-10 13:21:56.283799,NSE:BNALTD-BE,406.0,10,0,0,,,0.0,0,20,60,50,59,-0.08256880733944955,60
2026-08-10 13:31:20.293954,NSE:BODALCHEM-BE,68.75,90,4,16,334.25,280.375,1.1921533660276415,4486,6959,18606,10,250,-0.9230769230769231,75612
2026-08-10 13:31:19.158118,NSE:BOMDYEING-EQ,120.16,30,9,41,21.333333333333332,60.58536585365854,0.35212023617820715,2484,6988,40903,67,23,0.4888888888888889,312149
2026-08-10 13:31:23.484056,NSE:BONLON-EQ,40.61,39,1,2,39.0,39.0,0.0,78,312,362,11,35,-0.5217391304347826,6968
2026-08-10 13:31:30.813822,NSE:BORANA-EQ,344.95,2,2,9,2.0,6.0,0.0,54,739,10001,11,6,0.29411764705882354,24581
2026-08-10 13:31:16.078283,NSE:BOROLTD-EQ,242.26,4,4,6,22.5,28.666666666666668,0.7848837209302325,172,336,1382,5,1,0.6666666666666666,29971
2026-08-10 13:31:35.145565,NSE:BOROSCI-EQ,138.94,12,8,17,19.625,31.0,0.6330645161290323,527,797,1541,5,4,0.1111111111111111,39034
2026-08-10 13:21:56.124271,NSE:BOSS-SM,45.7,2000,0,0,,,0.0,0,4000,8000,2000,2000,0.0,0
2026-08-10 13:31:36.188978,NSE:BPCL-EQ,319.85,1,79,200,29.835443037974684,31.35,0.9516887731411382,6270,12173,46138,10,277,-0.9303135888501742,2210956
2026-08-10 13:31:36.186965,NSE:BPL-EQ,53.69,580,2,5,500.0,200.6,0.0,1003,1150,22802,70,9,0.7721518987341772,25114
2026-08-10 13:21:58.717956,NSE:BRACEPORT-SM,71.5,1600,0,0,,,0.0,0,3200,6400,1600,1600,0.0,3200
2026-08-10 13:30:31.929780,NSE:BRANDMAN-SM,189.0,800,1,2,800.0,800.0,0.0,1600,3200,20800,800,800,0.0,15200
2026-08-10 13:31:36.816733,NSE:BRIGHOTEL-EQ,60.18,17,10,11,11.6,10.636363636363637,1.0905982905982905,117,127,2119,2,3,-0.2,85776
2026-08-10 13:27:40.393993,NSE:BROOKS-BE,59.9,50,0,1,,50.0,0.0,50,200,805,118,48,0.42168674698795183,8958
2026-08-10 13:31:28.229891,NSE:BSE500IETF-EQ,40.19,1,33,111,32.93939393939394,13.756756756756756,2.3944156694647853,1527,2400,34956,61,41,0.19607843137254902,87359
2026-08-10 13:30:18.060487,NSE:BSHSL-BE,90.0,16,1,1,16.0,16.0,0.0,16,48,1085,100,87,0.06951871657754011,9003
2026-08-10 13:21:53.697675,NSE:BSL-EQ,124.2,1,0,0,,,0.0,0,2,62,100,12,0.7857142857142857,1404
2026-08-10 13:31:36.273736,NSE:BSLGOLDETF-EQ,132.7,300,76,145,424.42105263157896,233.72413793103448,1.8159059495892285,33890,54967,98609,547,920,-0.25426039536468986,127264
2026-08-10 13:31:34.368083,NSE:BSLSENETFG-EQ,79.28,1,33,87,1.0,48.41379310344828,0.020655270655270654,4212,7532,8997,50001,11601,0.6233563845329697,10636
2026-08-10 13:31:34.478295,NSE:BSOFT-EQ,318.8,1,34,82,51.470588235294116,23.841463414634145,2.158868662554536,1955,3651,10390,51,4,0.8545454545454545,721519
2026-08-10 13:22:32.024629,NSE:BTTL-BE,44.08,10,0,0,,,0.0,0,30,1240,85,50,0.25925925925925924,2341
2026-08-10 13:28:54.943740,NSE:BULKCORP-SM,63.3,1200,0,1,,1200.0,0.0,1200,3600,9600,1200,1200,0.0,2400
2026-08-10 13:30:48.032989,NSE:BVCL-EQ,41.53,18,1,1,18.0,18.0,0.0,18,90,107,1,38,-0.9487179487179487,2991
2026-08-10 13:29:50.504223,NSE:BYKE-BE,33.0,349,2,3,349.0,1783.0,0.0,5349,14212,16781,151,45,0.5408163265306123,27320
2026-08-10 13:31:28.684006,NSE:C2C-SM,260.45,150,13,23,150.0,150.0,1.0,3450,4050,14850,150,150,0.0,69750
2026-08-10 13:21:59.125931,NSE:CADSYS-ST,53.45,1500,0,0,,,0.0,0,3000,6000,0,500,-1.0,0
2026-08-10 13:31:34.663822,NSE:CAMLINFINE-EQ,124.31,58,23,56,44.82608695652174,22.821428571428573,1.964210383071375,1278,7101,15372,100,40,0.42857142857142855,446066
2026-08-10 13:31:33.863879,NSE:CAMPUS-EQ,222.83,1,29,68,44.206896551724135,29.029411764705884,1.5228312895224119,1974,2478,9092,56,33,0.25842696629213485,292814
2026-08-10 13:31:36.465758,NSE:CANBK-EQ,129.45,1,175,448,58.51428571428571,99.75223214285714,0.5865962541117501,44689,72446,250129,985,1368,-0.16277093072673182,15799322
2026-08-10 13:30:36.940987,NSE:CANHLIFE-EQ,151.06,1,7,16,52.42857142857143,30.25,1.7331759149940968,484,1284,14886,28,44,-0.2222222222222222,169499
2026-08-10 13:30:24.010078,NSE:CANTABIL-EQ,232.6,179,3,8,179.0,113.75,1.5736263736263736,910,935,10333,3,82,-0.9294117647058824,43613
2026-08-10 13:31:30.234054,NSE:CAPACITE-EQ,209.3,44,8,20,12.25,8.45,1.4497041420118344,169,698,11473,196,3,0.9698492462311558,224576
2026-08-10 13:31:35.827996,NSE:CAPINVIT-IV,75.9,1,22,60,57.59090909090909,154.95,0.3716741470855702,9297,13225,75496,118,3005,-0.9244316362471982,195782
2026-08-10 13:31:24.813804,NSE:CAPITALSFB-EQ,297.3,78,7,13,65.42857142857143,45.84615384615385,1.4271332694151486,596,600,3876,59,113,-0.313953488372093,28761
2026-08-10 13:31:34.857994,NSE:CASTROLIND-EQ,192.62,2,68,174,83.79411764705883,75.94252873563218,1.1033885629323623,13214,20359,137840,487,521,-0.03373015873015873,3020067
2026-08-10 13:31:33.307812,NSE:CHEMICAL-EQ,30.84,100,31,70,95.35483870967742,204.78571428571428,0.465632278317225,14335,28707,127646,5000,1000483,-0.9900545310064914,273544
2026-08-10 13:31:18.553633,NSE:CHOICEGOLD-EQ,149.91,64,5,10,62.8,61.9,1.0145395799676897,619,7387,102243,6,57,-0.8095238095238095,10497
2026-08-10 13:31:18.403710,NSE:COMMOIETF-EQ,102.06,2,32,80,5.6875,42.725,0.1331187829139848,3418,5935,35676,5,10,-0.3333333333333333,24127
2026-08-10 13:31:34.567882,NSE:CONSUMAXIS-EQ,126.05,5,36,90,5.0,3.311111111111111,1.5100671140939599,298,364,1342,70,1974,-0.9315068493150684,388
2026-08-10 13:31:34.368083,NSE:CONSUMBEES-EQ,136.42,150,49,118,28.0,68.66101694915254,0.4078005430757838,8102,10615,72666,178036,2052,0.9772111412198481,52218
2026-08-10 13:31:34.304108,NSE:CONSUMIETF-EQ,126.99,31,47,116,21.74468085106383,10.0,2.174468085106383,1160,1330,22905,69,23,0.5,7373
2026-08-10 13:31:34.705997,NSE:CPSEETF-EQ,94.03,15,51,147,68.25490196078431,62.70748299319728,1.088465023674907,9218,12173,102708,1215,9843,-0.7802495930548019,778768
2026-08-10 13:31:34.560115,NSE:DEFENCE-EQ,81.28,123,40,97,30.8,15.793814432989691,1.950130548302872,1532,4246,345973,38,47036,-0.9983855206695841,72685
2026-08-10 13:31:33.239699,NSE:DIGITIDE-EQ,104.31,1,6,20,83.5,88.55,0.9429700734048561,1771,2264,8907,50,192,-0.5867768595041323,354175
2026-08-10 13:31:01.722869,NSE:DIGJAMLMTD-EQ,49.6,110,1,1,110.0,110.0,0.0,110,440,461,42,35,0.09090909090909091,19323
2026-08-10 13:31:02.537239,NSE:DIVIDEND-EQ,36.39,1,7,24,1.0,1.0,1.0,24,315,2886,5,37488,-0.999733283546262,3053
2026-08-10 13:29:41.464171,NSE:DIVINEHIRA-ST,110.8,1200,1,3,1200.0,1200.0,0.0,3600,6000,24000,1200,1200,0.0,44400
2026-08-10 13:31:33.793788,NSE:DIVOPPBEES-EQ,79.82,30,49,122,104.3265306122449,236.91803278688525,0.44034862768799743,28904,30476,79176,60,130,-0.3684210526315789,47740
2026-08-10 13:21:55.173823,NSE:DIVYADHAN-ST,51.5,2000,0,0,,,0.0,0,4000,10000,2000,4000,-0.3333333333333333,8000
2026-08-10 13:29:31.104034,NSE:DJML-EQ,112.9,1,0,4,,1.0,0.0,4,48,329,2,1,0.3333333333333333,70938
2026-08-10 13:22:32.422707,NSE:DKEGL-SM,66.05,1500,0,0,,,0.0,0,6000,39000,1500,1500,0.0,0
2026-08-10 13:31:27.294022,NSE:DLINKINDIA-EQ,436.8,18,10,34,20.0,15.588235294117647,1.2830188679245282,530,1099,4226,1,1,0.0,57524
2026-08-10 13:31:27.429803,NSE:DMCC-EQ,282.0,17,20,76,12.5,9.078947368421053,1.3768115942028984,690,1829,10367,5,19,-0.5833333333333334,211684
2026-08-10 13:30:31.350266,NSE:DOLATALGO-EQ,72.79,10,12,32,38.416666666666664,48.1875,0.7972330306960657,1542,2030,16168,29,15,0.3181818181818182,119484
2026-08-10 13:31:36.874924,NSE:DOLLAR-EQ,279.0,23,6,13,74.33333333333333,42.92307692307692,1.7317801672640383,558,1494,12911,24,29,-0.09433962264150944,211267
2026-08-10 13:26:37.357564,NSE:DOLLEX-SM,31.85,4000,0,1,,4000.0,0.0,4000,28000,480000,4000,4000,0.0,256000
2026-08-10 13:31:28.263936,NSE:DOLPHIN-EQ,421.0,39,7,10,39.0,39.0,1.0,390,840,4770,1,167,-0.9880952380952381,22135
2026-08-10 13:21:58.062470,NSE:DONEAR-EQ,83.75,4,0,0,,,0.0,0,8,145,7,62,-0.7971014492753623,4955
2026-08-10 13:30:20.983952,NSE:DPWIRES-BE,165.0,1,1,3,1.0,1.0,0.0,3,138,435,30,384,-0.855072463768116,6901
2026-08-10 13:31:23.627733,NSE:DREAMFOLKS-EQ,69.65,29,18,27,94.22222222222223,108.14814814814815,0.8712328767123287,2920,5086,8366,5,15,-0.5,16768
2026-08-10 13:21:58.434164,NSE:DRONE-SM,39.95,500,0,0,,,0.0,0,1000,3500,500,500,0.0,5500
2026-08-10 13:21:57.172377,NSE:DRSDILIP-SM,109.9,800,0,0,,,0.0,0,1600,3200,0,3200,-1.0,0
2026-08-10 13:29:54.174017,NSE:DTIL-EQ,133.11,12,1,3,12.0,12.0,0.0,36,84,941,25,1,0.9230769230769231,1506
2026-08-10 13:21:55.023762,NSE:DTL-SM,120.0,1200,0,0,,,0.0,0,2400,4800,1200,1200,0.0,1200
2026-08-10 13:21:56.978667,NSE:DUCOL-SM,109.0,800,0,0,,,0.0,0,2400,6400,800,800,0.0,2400
2026-08-10 13:23:08.438043,NSE:DURLAX-SM,54.3,4000,0,0,,,0.0,0,16000,64000,2000,2000,0.0,28000
2026-08-10 13:31:32.515789,NSE:DVL-EQ,268.48,5,25,69,5.0,3.8115942028985508,1.311787072243346,263,721,2032,7,1,0.75,21345
2026-08-10 13:31:32.923885,NSE:DWARKESH-EQ,42.1,76,15,32,67.13333333333334,56.875,1.1803663003663005,1820,5666,73378,56,451,-0.7790927021696252,1055480
2026-08-10 13:31:36.758019,NSE:DYCL-EQ,420.0,50,39,110,24.82051282051282,33.82727272727273,0.7337426525816744,3721,12714,34363,21,50,-0.4084507042253521,939741
2026-08-10 13:27:02.194053,NSE:DYNAMIC-ST,133.1,500,0,1,,500.0,0.0,500,1500,6500,500,500,0.0,7000
2026-08-10 13:21:56.874016,NSE:DYNPRO-EQ,266.7,9,0,0,,,0.0,0,18,381,10,1,0.8181818181818182,5620
2026-08-10 13:21:57.649652,NSE:E2ERAIL-ST,263.0,800,0,0,,,0.0,0,1600,6400,800,800,0.0,13600
2026-08-10 13:21:58.090432,NSE:EASTSILK-BE,66.15,20,0,0,,,0.0,0,40,53,5,263,-0.9626865671641791,2662
2026-08-10 13:31:34.933517,NSE:EBANKNIFTY-EQ,58.08,14,15,47,14.0,14.0,1.0,658,1134,2404,16985,16959,0.0007659674758425642,119
2026-08-10 13:31:17.583851,NSE:ECOLINE-ST,195.45,2000,2,3,2000.0,1666.6666666666667,0.0,5000,8000,13000,0,1000,-1.0,37000
2026-08-10 13:31:32.547202,NSE:ECOSMOBLTY-BE,130.2,397,3,13,397.0,397.0,1.0,5161,16511,19320,30,58,-0.3181818181818182,28614
2026-08-10 13:31:27.735707,NSE:EDELWEISS-EQ,119.38,1,22,66,20.227272727272727,71.8030303030303,0.2817050010550749,4739,29461,57052,4,253,-0.9688715953307393,1625454
2026-08-10 13:31:02.754544,NSE:EEPL-SM,158.05,1000,2,4,1000.0,1000.0,0.0,4000,6000,47000,8000,0,1.0,326000
2026-08-10 13:31:27.240123,NSE:EFACTOR-SM,190.0,400,4,4,400.0,400.0,0.0,1600,2400,4000,400,400,0.0,8800
2026-08-10 13:31:21.824416,NSE:EFCIL-EQ,184.09,29,8,18,23.75,14.833333333333334,1.601123595505618,267,1504,5658,26,4,0.7333333333333333,155351
2026-08-10 13:21:56.453933,NSE:EFFWA-ST,380.0,400,0,0,,,0.0,0,800,8000,400,400,0.0,32400
2026-08-10 13:31:33.964030,NSE:EGOLD-EQ,150.85,10,10,22,10.0,14.909090909090908,0.6707317073170732,328,1231,8168,495,135,0.5714285714285714,10403
2026-08-10 13:31:36.771910,NSE:EIEL-EQ,217.0,66,28,62,19.178571428571427,31.725806451612904,0.6045101314547171,1967,3112,35941,65,46,0.17117117117117117,528927
2026-08-10 13:30:24.620422,NSE:EIFFL-BE,282.75,10,1,2,10.0,91.0,0.0,182,610,3056,368,0,1.0,17618
2026-08-10 13:31:27.411840,NSE:EIHAHOTELS-EQ,298.9,44,5,18,44.0,49.5,0.8888888888888888,891,979,1833,1,3,-0.5,25849
2026-08-10 13:31:09.877037,NSE:EIHOTEL-EQ,305.45,1,22,39,6.590909090909091,4.3076923076923075,1.5300324675324677,168,221,3031,11,23,-0.35294117647058826,141614
2026-08-10 13:31:36.210135,NSE:EKC-EQ,114.91,5,30,90,34.53333333333333,153.43333333333334,0.22507060612643925,13809,28201,29745,9,26,-0.4857142857142857,164275
2026-08-10 13:31:36.778020,NSE:ELECON-EQ,440.65,6,44,107,13.204545454545455,10.242990654205608,1.289129893828799,1096,1876,12655,38,7,0.6888888888888889,260451
2026-08-10 13:31:32.563649,NSE:ELECTCAST-EQ,74.84,60,42,108,277.64285714285717,152.59259259259258,1.8195041608876563,16480,19464,47068,12,1819,-0.9868924085199344,3133955
2026-08-10 13:30:41.566882,NSE:ELGIRUBCO-EQ,61.07,25,7,9,32.42857142857143,34.111111111111114,0.95067473243369,307,939,2379,31,34,-0.046153846153846156,39776
2026-08-10 13:29:45.663881,NSE:ELGNZ-SM,86.9,1000,2,13,1000.0,1000.0,0.0,13000,20000,62000,0,1000,-1.0,83000
2026-08-10 13:28:05.199151,NSE:ELIN-EQ,96.5,28,0,5,,28.4,0.0,142,404,1839,14,11,0.12,58101
2026-08-10 13:31:36.337986,NSE:ELLEN-EQ,301.9,200,40,83,122.35,67.86746987951807,1.8027782709036038,5633,8975,21487,145,101,0.17886178861788618,1690944
2026-08-10 13:31:09.577175,NSE:ELMDIV-EQ,37.05,3,3,14,3.0,3.0,1.0,42,66,3687,318,9165,-0.932932616260677,8154
2026-08-10 13:29:57.186228,NSE:ELPROINTL-EQ,175.5,2,1,3,2.0,2.0,0.0,6,1948,9844,28,28,0.0,61476
2026-08-10 13:31:35.793815,NSE:EMAMILTD-EQ,409.65,3,45,107,8.066666666666666,4.626168224299065,1.7437037037037038,495,887,2517,44,8,0.6923076923076923,181031
2026-08-10 13:27:10.593774,NSE:EMAMIPAP-BE,111.4,2,0,2,,102.5,0.0,205,1220,4538,187,803,-0.6222222222222222,25509
2026-08-10 13:31:17.010393,NSE:EMAMIREAL-BE,74.79,60,3,6,60.0,60.0,1.0,360,600,2429,10,198,-0.9038461538461539,2937
2026-08-10 13:29:09.468009,NSE:EMAPARTNER-SM,81.5,1000,0,1,,1000.0,0.0,1000,3000,5000,1000,1000,0.0,1000
2026-08-10 13:31:36.443912,NSE:EMBASSY-RR,438.85,5,52,145,14.865384615384615,14.882758620689655,0.9988326085406716,2158,4366,15093,9,583,-0.9695945945945946,551898
2026-08-10 13:31:36.746790,NSE:EMBDL-EQ,64.46,14,48,126,624.1041666666666,329.1746031746032,1.895966944739126,41476,115700,142116,1,165,-0.9879518072289156,2500340
2026-08-10 13:31:36.820592,NSE:EMIL-EQ,185.35,50,193,460,83.8238341968912,109.14347826086957,0.7680150525947088,50206,108481,425488,139,111,0.112,76564000
2026-08-10 13:27:31.000932,NSE:EMKAY-EQ,240.72,3,0,1,,3.0,0.0,3,66,216,4,1,0.6,3712
2026-08-10 13:21:56.966817,NSE:EMKAYTOOLS-SM,91.0,300,0,0,,,0.0,0,600,1500,150,150,0.0,600
2026-08-10 13:30:40.953962,NSE:EMMBI-BE,85.89,3,1,5,3.0,32.4,0.0,162,762,771,34,12,0.4782608695652174,8392
2026-08-10 13:29:14.973695,NSE:EMMIL-SM,124.65,250,0,1,,250.0,0.0,250,1000,2750,250,250,0.0,3250
2026-08-10 13:31:33.243738,NSE:EMMVEE-EQ,326.1,8,52,135,162.42307692307693,129.57777777777778,1.2534794137435195,17493,25096,73478,70,151,-0.3665158371040724,3158657
2026-08-10 13:31:26.560968,NSE:EMSLIMITED-EQ,399.6,5,7,26,3.2857142857142856,18.76923076923077,0.17505854800936765,488,690,3698,27,32,-0.0847457627118644,75146
2026-08-10 13:31:27.220433,NSE:EMULTIMQ-EQ,41.99,88,4,20,88.0,88.0,1.0,1760,4430,48771,5000,533,0.8073377914332188,23215
2026-08-10 13:28:35.043766,NSE:ENCOMPAS-SM,244.0,400,0,2,,400.0,0.0,800,2000,3200,400,400,0.0,2000
2026-08-10 13:31:24.038008,NSE:ENERGY-EQ,38.96,5,24,63,3.5,33.0,0.10606060606060606,2079,14789,52843,84,68,0.10526315789473684,101490
2026-08-10 13:31:24.761096,NSE:ENEXT50-EQ,74.23,842,22,47,842.0,842.0,1.0,39574,57256,166772,29149,725,0.9514628104706434,967
2026-08-10 13:26:47.050516,NSE:ENFUSE-SM,164.95,600,0,2,,600.0,0.0,1200,2400,4200,600,600,0.0,1200
2026-08-10 13:31:35.884142,NSE:ENGINERSIN-EQ,244.5,9,68,161,12.544117647058824,15.211180124223603,0.8246643287776524,2449,5327,29361,41,449,-0.8326530612244898,1617239
2026-08-10 13:28:59.343883,NSE:ENIL-EQ,102.1,3,0,11,,3.0,0.0,33,441,8973,13,1,0.8571428571428571,48660
2026-08-10 13:22:13.576054,NSE:ENVIRO-SM,75.0,2000,0,0,,,0.0,0,8000,15000,1000,1000,0.0,27000
2026-08-10 13:31:36.154078,NSE:EPACK-EQ,231.9,1,18,43,19.0,71.46511627906976,0.26586397657012695,3073,4479,20802,6,40,-0.7391304347826086,322237
2026-08-10 13:31:33.964030,NSE:EPACKPEB-EQ,253.15,2,13,37,5.076923076923077,2.7837837837837838,1.823749066467513,103,342,2129,97,225,-0.39751552795031053,380746
2026-08-10 13:31:27.261604,NSE:EPL-EQ,230.85,40,16,29,40.0,24.275862068965516,1.6477272727272727,704,796,3553,30,91,-0.5041322314049587,241235
2026-08-10 13:21:54.267479,NSE:EPWINDIA-ST,240.0,1200,0,0,,,0.0,0,2400,4800,4800,6000,-0.1111111111111111,0
2026-08-10 13:31:34.363947,NSE:EQUAL50-EQ,340.44,3,42,110,3.0,3.0,1.0,330,2374,4105,4997,4507,0.05155723905723906,528
2026-08-10 13:31:34.584047,NSE:EQUAL50ADD-EQ,352.81,1,41,102,1.0,2.323529411764706,0.430379746835443,237,328,1058,10,55,-0.6923076923076923,2789
2026-08-10 13:31:32.543843,NSE:EQUITASBNK-EQ,76.57,7,41,103,18.78048780487805,23.45631067961165,0.8006582135357778,2416,12163,71622,86,8005,-0.9787418118897541,1570084
2026-08-10 13:31:36.393636,NSE:ESAFSFB-EQ,40.03,19,12,26,39.75,24.23076923076923,1.6404761904761904,630,5900,46570,55,396,-0.7560975609756098,1537916
2026-08-10 13:24:32.800111,NSE:ESCONET-SM,165.35,400,0,0,,,0.0,0,1200,3600,11600,0,1.0,80800
2026-08-10 13:31:24.198820,NSE:ESENSEX-EQ,79.04,6,22,50,6.0,6.0,1.0,300,576,1990,7,6,0.07692307692307693,436
2026-08-10 13:30:30.557630,NSE:ESFL-SM,137.9,360,2,11,360.0,360.0,0.0,3960,5400,15840,360,360,0.0,39960
2026-08-10 13:31:03.043987,NSE:ESG-EQ,42.45,50,19,43,50.0,50.0,1.0,2150,4050,69904,1100,58727,-0.9632273053972287,2137
2026-08-10 13:31:33.534924,NSE:ESILVER-EQ,230.64,4,38,100,4.947368421052632,33.73,0.1466756128387973,3373,7040,37245,6,7,-0.07692307692307693,40583
2026-08-10 13:21:53.465268,NSE:ESPRIT-SM,68.0,1600,0,0,,,0.0,0,3200,24000,1600,1600,0.0,24000
2026-08-10 13:31:32.704114,NSE:ESTER-EQ,98.55,50,28,86,93.71428571428571,63.08139534883721,1.4856089532587227,5425,27951,152801,20,2394,-0.9834299917149959,859200
2026-08-10 13:31:36.743637,NSE:ETERNAL-EQ,313.7,2,84,210,55.45238095238095,54.65238095238095,1.0146379715953646,11477,18998,78483,6,3251,-0.9963156278784158,5862560
2026-08-10 13:29:41.600167,NSE:ETML-SM,81.0,1200,1,1,1200.0,1200.0,0.0,1200,3600,19200,1200,1200,0.0,4800
2026-08-10 13:31:27.475928,NSE:EUREKAFORB-EQ,452.0,33,15,28,13.0,21.964285714285715,0.5918699186991869,615,906,4864,6,54,-0.8,56232
2026-08-10 13:26:59.423983,NSE:EUROBOND-EQ,162.75,2,0,1,,2.0,0.0,2,8,41,5,3,0.25,7555
2026-08-10 13:31:32.563649,NSE:EUROPRATIK-EQ,319.0,12,7,15,4.142857142857143,2.6666666666666665,1.5535714285714288,40,220,1691,1,2,-0.3333333333333333,202475
2026-08-10 13:31:36.131386,NSE:EVEREADY-EQ,357.75,150,38,89,57.94736842105263,59.70786516853933,0.9705148267733692,5314,7493,16951,44,63,-0.17757009345794392,304483
2026-08-10 13:29:04.101065,NSE:EVERESTIND-BE,469.25,109,0,2,,109.0,0.0,218,436,538,126,6,0.9090909090909091,7567
2026-08-10 13:31:23.127083,NSE:EVIETF-EQ,34.35,450,34,76,152.85294117647058,128.35526315789474,1.1908583833328308,9755,15549,51133,250,129957,-0.9961599606779974,663380
2026-08-10 13:31:34.513690,NSE:EVINDIA-EQ,34.38,28,46,109,23.847826086956523,20.146788990825687,1.1837035717114122,2196,18314,99159,364,39565,-0.9817676375566631,1255863
2026-08-10 13:21:56.673912,NSE:EXCELLENT-ST,207.0,1600,0,0,,,0.0,0,3200,8000,1600,1600,0.0,0
2026-08-10 13:31:31.554508,NSE:EXCELSOFT-EQ,77.57,2,28,58,240.57142857142858,157.77586206896552,1.524767004386718,9151,23510,105768,58,144,-0.42574257425742573,804029
2026-08-10 13:31:33.347673,NSE:EXICOM-EQ,158.29,20,13,33,39.76923076923077,56.696969696969695,0.7014348558977099,1871,4445,13405,57,40,0.17525773195876287,1061915
2026-08-10 13:31:35.104085,NSE:EXIDEIND-EQ,485.55,1,62,171,8.016129032258064,7.695906432748538,1.0416094715168154,1316,2328,12288,1,43,-0.9545454545454546,2088870
2026-08-10 13:26:40.938334,NSE:EXIMROUTES-SM,109.0,800,0,1,,800.0,0.0,800,3200,4800,800,800,0.0,0
2026-08-10 13:30:20.549842,NSE:FABTECH-EQ,148.0,2,4,11,3.5,5.090909090909091,0.6875,56,1395,3396,9,48,-0.6842105263157895,39184
2026-08-10 13:31:31.117098,NSE:FCL-EQ,43.07,1871,50,139,442.36,299.2086330935252,1.4784332772301034,41590,86501,200209,285,814,-0.4813466787989081,10911708
2026-08-10 13:31:36.432539,NSE:FDC-EQ,368.15,1,31,68,8.483870967741936,81.08823529411765,0.10462517696888858,5514,5937,18337,6,11,-0.29411764705882354,157688
2026-08-10 13:29:44.678079,NSE:FEDDERSHOL-EQ,42.98,150,1,10,150.0,142.0,0.0,1420,2220,3228,800,8,0.9801980198019802,62602
2026-08-10 13:31:36.888020,NSE:FEDERALBNK-EQ,355.0,1,85,229,20.741176470588236,18.532751091703055,1.1191633863724568,4244,8316,43243,1843,7,0.9924324324324324,1522953
2026-08-10 13:31:26.407795,NSE:FEDFINA-EQ,149.22,2,32,75,9.75,24.30666666666667,0.4011245200219418,1823,3014,21414,83,62,0.14482758620689656,533940
2026-08-10 13:30:50.843369,NSE:FELIX-SM,181.5,500,3,4,500.0,500.0,0.0,2000,4000,17000,1000,500,0.3333333333333333,20000
2026-08-10 13:21:53.864046,NSE:FIDEL-SM,140.0,1000,0,0,,,0.0,0,2000,5000,1000,1000,0.0,5000
2026-08-10 13:31:36.467775,NSE:FILATEX-EQ,82.73,1,37,85,47.37837837837838,106.47058823529412,0.4449902941615649,9050,13679,180354,3606,98,0.9470842332613391,2678138
2026-08-10 13:21:54.784180,NSE:FINBUD-SM,141.0,1000,0,0,,,0.0,0,2000,6000,5000,1000,0.6666666666666666,9000
2026-08-10 13:31:34.627825,NSE:FINIETF-EQ,33.45,76,35,85,68.97142857142858,78.49411764705883,0.8786827680712572,6672,7655,32357,540490,199,0.9992639021692692,276843
2026-08-10 13:31:07.868116,NSE:FINKURVE-EQ,59.95,173,4,5,173.0,173.0,1.0,865,1211,3741,350,1303,-0.5765275257108288,11055
2026-08-10 13:31:32.797909,NSE:FINOPB-EQ,157.08,61,20,41,28.7,35.0,0.82,1435,2798,11874,1,1,0.0,212415
2026-08-10 13:31:36.499974,NSE:FINPIPE-EQ,161.3,1,55,127,9.309090909090909,5.669291338582677,1.642020202020202,720,979,3405,776,19,0.9522012578616352,450471
2026-08-10 13:31:05.774118,NSE:FIRSTCRY-EQ,213.42,107,14,40,70.14285714285714,44.625,1.571828731492597,1785,2874,13446,1,1765,-0.9988674971687429,149222
2026-08-10 13:30:46.113771,NSE:FISCHER-EQ,39.03,165,4,10,165.0,692.4,0.23830155979202775,6924,14622,16480,1059,136,0.7723849372384938,1587563
2026-08-10 13:31:33.318062,NSE:FLAIR-EQ,253.55,35,6,26,26.666666666666668,15.576923076923077,1.711934156378601,405,597,3180,15,264,-0.8924731182795699,56602
2026-08-10 13:31:32.865288,NSE:FLYSBS-SM,445.0,200,18,65,200.0,701.5384615384615,0.2850877192982456,45600,57800,83600,200,400,-0.3333333333333333,65600
2026-08-10 13:31:30.106105,NSE:FMCGADD-EQ,49.47,3,33,89,3.0,3.0,1.0,267,471,891,22402,429,0.9624195173229381,2695
2026-08-10 13:31:33.839317,NSE:FMCGIETF-EQ,53.02,9,42,112,218.88095238095238,130.48214285714286,1.6774782172346152,14614,23674,114127,400,1,0.9950124688279302,712064
2026-08-10 13:31:27.267000,NSE:FMGOETZE-EQ,492.7,2,5,19,2.4,1.5789473684210527,1.52,30,146,16679,3,95,-0.9387755102040817,33484
2026-08-10 13:31:27.297449,NSE:FOCUS-BE,68.51,30,1,2,30.0,15.5,0.0,31,41,2040,50,1244,-0.9227202472952086,18753
2026-08-10 13:21:55.766504,NSE:FONEBOX-SM,98.1,1000,0,0,,,0.0,0,2000,4000,1000,2000,-0.3333333333333333,1000
2026-08-10 13:31:33.824077,NSE:FOODSIN-EQ,53.64,2,4,4,12.25,12.25,0.0,49,264,7855,19,14,0.15151515151515152,36427
2026-08-10 13:21:58.665007,NSE:FORCAS-ST,196.45,1600,0,0,,,0.0,0,3200,6400,1600,1600,0.0,1600
2026-08-10 13:23:19.560913,NSE:FORGEAUTO-SM,114.05,1200,0,0,,,0.0,0,8400,32400,6000,1200,0.6666666666666666,62400
2026-08-10 13:31:27.621726,NSE:FRESHARA-ST,371.0,600,3,3,600.0,600.0,0.0,1800,3000,12600,600,600,0.0,25800
2026-08-10 13:30:22.135896,NSE:FROG-ST,216.0,400,1,1,400.0,400.0,0.0,400,1200,2000,400,800,-0.3333333333333333,2400
2026-08-10 13:31:36.453364,NSE:FSL-EQ,275.8,383,44,133,33.68181818181818,17.270676691729324,1.950231527288558,2297,3524,23907,81,11,0.7608695652173914,1733950
2026-08-10 13:31:36.828095,NSE:FUSION-EQ,207.4,31,30,59,60.9,33.559322033898304,1.8146969696969697,1980,4779,44156,61,67,-0.046875,434744
2026-08-10 13:21:54.436164,NSE:FWSTC-SM,185.0,600,0,0,,,0.0,0,1200,2400,600,1200,-0.3333333333333333,1800
2026-08-10 13:31:36.839858,NSE:GAEL-EQ,169.8,10,23,76,3.869565217391304,8.644736842105264,0.4476209383892528,657,2455,19075,73,6,0.8481012658227848,485390
2026-08-10 13:31:36.808133,NSE:GAIL-EQ,170.5,20,75,211,92.98666666666666,146.00947867298578,0.6368536310914914,30808,50441,121200,1031,1522,-0.19232275754014885,5411613
2026-08-10 13:31:35.127911,NSE:GANDHAR-EQ,238.8,6,30,88,27.6,66.48863636363636,0.4151085284566741,5851,10036,35646,170,194,-0.06593406593406594,962150
2026-08-10 13:28:35.132228,NSE:GANESHBE-BE,121.5,79,0,4,,439.5,0.0,1758,3228,11084,193,653,-0.5437352245862884,43842
2026-08-10 13:31:12.176423,NSE:GANESHCP-EQ,162.05,1,5,23,18.2,52.08695652173913,0.3494156928213689,1198,1249,2835,170,1,0.9883040935672515,113048
2026-08-10 13:23:12.758449,NSE:GANESHIN-ST,118.8,800,0,0,,,0.0,0,5600,28000,800,800,0.0,71200
2026-08-10 13:21:56.487992,NSE:GANGESSECU-EQ,119.8,7,0,0,,,0.0,0,14,45,2,63,-0.9384615384615385,9
2026-08-10 13:31:32.929018,NSE:GARUDA-EQ,194.92,35,54,127,88.70370370370371,66.11023622047244,1.3417544509731265,8396,22310,160251,133,97,0.1565217391304348,10197781
2026-08-10 13:31:36.747817,NSE:GATEWAY-EQ,57.84,1,20,64,6.4,10.5625,0.6059171597633136,676,6379,11627,45,193,-0.6218487394957983,1387745
2026-08-10 13:31:31.148132,NSE:GAUDIUMIVF-BE,128.35,350,18,18,350.0,350.0,1.0,6300,7000,7067,1,600,-0.9966722129783694,47769
2026-08-10 13:21:56.805834,NSE:GCHOTELS-ST,105.9,600,0,0,,,0.0,0,1200,18000,600,1200,-0.3333333333333333,46800
2026-08-10 13:21:55.067205,NSE:GEECEE-BE,369.95,50,0,0,,,0.0,0,100,3340,5,30,-0.7142857142857143,5971
2026-08-10 13:31:32.704114,NSE:GEMAROMA-EQ,181.0,153,29,46,130.6551724137931,126.91304347826087,1.02948577098912,5838,11704,18510,10,7,0.17647058823529413,54965
2026-08-10 13:31:33.683717,NSE:GENCON-EQ,39.49,1,5,7,1.0,1.0,1.0,7,18,652,18,7,0.44,227812
2026-08-10 13:31:31.568160,NSE:GENESYS-EQ,223.4,42,17,52,26.529411764705884,18.01923076923077,1.4722832569527278,937,1980,4155,88,8,0.8333333333333334,116435
2026-08-10 13:31:30.314453,NSE:GENUSPOWER-EQ,305.75,13,33,81,171.42424242424244,92.9753086419753,1.8437609396313421,7531,10081,33000,123,31,0.5974025974025974,739046
2026-08-10 13:30:26.117151,NSE:GENXAI-SM,81.35,1200,2,4,1200.0,1200.0,0.0,4800,13200,27600,1200,1200,0.0,24000
2026-08-10 13:31:17.107140,NSE:GEOJITFSL-EQ,78.54,20,20,37,51.0,48.54054054054054,1.0506681514476615,1796,3515,67398,16,109,-0.744,186336
2026-08-10 13:31:27.433791,NSE:GFLLIMITED-EQ,49.65,50,1,7,50.0,29.0,0.0,203,2804,10679,108,35,0.5104895104895105,40258
2026-08-10 13:29:19.551264,NSE:GGBL-SM,249.05,300,0,1,,300.0,0.0,300,900,3300,300,600,-0.3333333333333333,15600
2026-08-10 13:31:27.283837,NSE:GHCL-EQ,435.0,22,9,19,6.555555555555555,7.315789473684211,0.8960831334932055,139,1085,2884,28,48,-0.2631578947368421,76942
2026-08-10 13:31:32.733657,NSE:GHCLTEXTIL-EQ,121.45,48,10,26,7.7,88.34615384615384,0.0871571615150196,2297,12449,22378,25,14,0.28205128205128205,354912
2026-08-10 13:31:23.643952,NSE:GICHSGFIN-EQ,152.0,25,1,5,25.0,12.8,0.0,64,149,1178,1717,17,0.9803921568627451,81803
2026-08-10 13:31:36.213673,NSE:GICRE-EQ,354.7,12,28,74,9.178571428571429,19.89189189189189,0.461422748447205,1472,3780,28802,401,269,0.19701492537313434,262880
2026-08-10 13:31:01.828558,NSE:GILLANDERS-EQ,91.0,7,1,1,7.0,7.0,0.0,7,35,218,68,25,0.46236559139784944,4871
2026-08-10 13:29:05.310332,NSE:GILT5BETA-EQ,66.98,1,0,4,,1.0,0.0,4,13,31,21,5,0.6153846153846154,342
2026-08-10 13:31:32.814048,NSE:GILT5YBEES-EQ,66.43,2,4,6,1.5,1.3333333333333333,1.125,8,1376,11310,740,4355,-0.7095191364082434,315540
2026-08-10 13:28:49.738182,NSE:GINNIFILA-BE,45.5,56,0,3,,370.6666666666667,0.0,1112,3112,23540,100,159,-0.2277992277992278,37093
2026-08-10 13:31:36.765886,NSE:GIPCL-EQ,164.04,23,13,40,23.0,225.45,0.10201818585052118,9018,11472,29584,16,71,-0.632183908045977,512483
2026-08-10 13:30:31.386601,NSE:GIRIRAJ-SM,52.5,5000,2,4,5000.0,2625.0,0.0,10500,11250,14750,250,250,0.0,8000
2026-08-10 13:24:02.712582,NSE:GJL-ST,190.0,800,0,0,,,0.0,0,2400,5600,800,800,0.0,1600
2026-08-10 13:31:36.310252,NSE:GKENERGY-EQ,134.81,129,19,48,96.6842105263158,51.166666666666664,1.8895936910680613,2456,10803,37800,60,146,-0.4174757281553398,646890
2026-08-10 13:29:46.611648,NSE:GKSL-EQ,135.42,1,1,3,1.0,1.0,0.0,3,347,4985,80,8,0.8181818181818182,1093515
2026-08-10 13:31:18.857890,NSE:GLOBAL-EQ,101.67,19,3,3,19.0,19.0,0.0,57,63,156,2,2,0.0,31083
2026-08-10 13:21:55.828531,NSE:GLOBALPET-ST,162.0,750,0,0,,,0.0,0,1500,3750,750,750,0.0,0
2026-08-10 13:30:22.623974,NSE:GLOBALVECT-EQ,162.35,1,3,12,1.0,1.0,1.0,12,56,125,18,1,0.8947368421052632,2829
2026-08-10 13:31:33.763974,NSE:GLOBECIVIL-EQ,43.12,50,43,109,39.372093023255815,194.57798165137615,0.20234608607359536,21209,21311,60179,1,72,-0.9726027397260274,412067
2026-08-10 13:30:58.149778,NSE:GLOTTIS-BE,68.0,51,2,6,51.0,61.5,0.0,369,617,15764,630,245,0.44,19597
2026-08-10 13:31:36.158192,NSE:GMRAIRPORT-EQ,106.43,1,67,162,36.73134328358209,43.08024691358025,0.8526261086029946,6979,14819,53788,998,34,0.9341085271317829,2786429
2026-08-10 13:31:36.147839,NSE:GMRP&UI-EQ,96.98,5,7,30,4.142857142857143,15.7,0.26387625113739765,471,1649,6431,123,149,-0.09558823529411764,218090
2026-08-10 13:31:33.733786,NSE:GNRL-EQ,102.87,5,29,101,33.51724137931034,89.56435643564356,0.3742252243323397,9046,10140,34074,13,20,-0.21212121212121213,548485
2026-08-10 13:31:17.224136,NSE:GOACARBON-EQ,381.65,1,7,7,1.0,1.0,1.0,7,13,9323,45,1,0.9565217391304348,3321
2026-08-10 13:31:36.354025,NSE:GOCLCORP-EQ,427.65,1,14,31,22.214285714285715,12.67741935483871,1.752271901126863,393,652,3178,42,2,0.9090909090909091,81820
2026-08-10 13:31:36.803879,NSE:GOCOLORS-EQ,328.4,154,18,35,45.77777777777778,30.02857142857143,1.5244740458822286,1051,1780,11156,26,156,-0.7142857142857143,78508
2026-08-10 13:31:21.767774,NSE:GODAVARIB-EQ,241.25,59,10,22,52.2,29.227272727272727,1.7860031104199068,643,968,1832,41,14,0.4909090909090909,172268
2026-08-10 13:31:36.156167,NSE:GODIGIT-EQ,268.0,7,39,115,7.717948717948718,6.530434782608696,1.1818430127351565,751,1367,5290,159,43,0.5742574257425742,94731
2026-08-10 13:31:27.327722,NSE:GOKUL-EQ,40.18,50,2,3,50.0,50.0,0.0,150,13858,15562,7,15,-0.36363636363636365,136985
2026-08-10 13:31:01.651807,NSE:GOKULAGRO-EQ,228.41,5,13,24,7.769230769230769,9.541666666666666,0.8142425260329191,229,791,4011,1,22,-0.9130434782608695,163334
2026-08-10 13:31:32.453658,NSE:GOLD1-EQ,126.05,20,47,120,13.893617021276595,61.49166666666667,0.22594308748518654,7379,16548,75400,500,5938,-0.8446722584653619,5257641
2026-08-10 13:28:46.568079,NSE:GOLD360-EQ,147.4,10,0,4,,10.75,0.0,43,266,1429,48,75,-0.21951219512195122,10769
2026-08-10 13:31:34.502504,NSE:GOLDADD-EQ,146.74,224,48,118,899.0625,397.22033898305085,2.2633848566308243,46872,47548,57760,6,92883,-0.9998708135516584,171551
2026-08-10 13:31:33.466095,NSE:GOLDAXIS-EQ,126.07,8,48,120,219.47916666666666,315.01666666666665,0.6967223956404424,37802,42510,273380,591,86,0.7459379615952733,429614
2026-08-10 13:31:35.073874,NSE:GOLDBEES-EQ,124.83,12,80,225,153.45,99.59555555555555,1.540731402561471,22409,64866,298051,14184,8277,0.26298918124749565,22723898
2026-08-10 13:31:32.584028,NSE:GOLDBETA-EQ,127.05,5,41,77,18.146341463414632,43.27272727272727,0.4193482270957163,3332,3950,67056,12,2788,-0.9914285714285714,594581
2026-08-10 13:30:16.334157,NSE:GOLDBND-EQ,150.87,47,1,11,47.0,47.0,0.0,517,4921,5033,6,7,-0.07692307692307693,4605
2026-08-10 13:31:33.993784,NSE:GOLDETF-EQ,146.6,7,50,126,30.14,51.29365079365079,0.5875970911341483,6463,34537,100360,550,80601,-0.9864450222424862,1262078
2026-08-10 13:31:26.542288,NSE:GOLDIAM-EQ,373.2,92,30,76,136.23333333333332,135.31578947368422,1.0067807597562555,10284,12393,31306,35,3,0.8421052631578947,1249833
2026-08-10 13:31:35.084013,NSE:GOLDIETF-EQ,129.45,100,59,266,107.89830508474576,25.353383458646615,4.255775378490862,6744,7873,222393,369,11154,-0.9359541785993231,6216890
2026-08-10 13:21:55.519762,NSE:GOLDKART-SM,100.0,2500,0,0,,,0.0,0,5000,10000,0,0,0.0,0
2026-08-10 13:29:19.321987,NSE:GOLDTECH-BE,53.0,1,0,4,,1.0,0.0,4,504,744,50,149,-0.49748743718592964,9784
2026-08-10 13:31:36.843696,NSE:GOPAL-EQ,274.0,13,31,82,12.161290322580646,8.487804878048781,1.4327956989247312,696,1619,15488,25,7,0.5625,299206
2026-08-10 13:25:07.113884,NSE:GOYALSALT-SM,115.0,600,0,0,,,0.0,0,1800,3000,600,1800,-0.5,1200
2026-08-10 13:27:11.024041,NSE:GPECO-ST,397.0,200,0,1,,200.0,0.0,200,1200,2400,200,200,0.0,15800
2026-08-10 13:31:32.953821,NSE:GPIL-EQ,240.18,10,51,121,36.1764705882353,35.87603305785124,1.0083743241595189,4341,8080,50929,26,42,-0.23529411764705882,1369736
2026-08-10 13:31:36.334064,NSE:GPPL-EQ,150.26,163,40,101,37.15,40.04950495049505,0.9276019777503091,4045,7260,40285,88,161,-0.2931726907630522,456060
2026-08-10 13:31:06.147611,NSE:GPTHEALTH-EQ,159.27,38,4,7,14.25,12.571428571428571,1.1335227272727273,88,566,5911,15,19,-0.11764705882352941,56862
2026-08-10 13:31:32.863750,NSE:GPTINFRA-EQ,114.57,6,6,11,6.0,8.090909090909092,0.7415730337078651,89,800,3016,4,18,-0.6363636363636364,40107
2026-08-10 13:21:55.894522,NSE:GRANDOAK-EQ,42.9,1,0,0,,,0.0,0,2,22,129,1,0.9846153846153847,4659
2026-08-10 13:31:17.153833,NSE:GRAUWEIL-EQ,68.35,254,4,20,254.0,80.95,3.137739345274861,1619,1779,8071,71,106,-0.1977401129943503,138272
2026-08-10 13:21:57.694137,NSE:GRAVISSHO-EQ,31.1,21,0,0,,,0.0,0,42,199,15,72,-0.6551724137931034,518
2026-08-10 13:31:30.563708,NSE:GREAVESCOT-EQ,196.1,19,41,99,29.341463414634145,25.181818181818183,1.1651844677291536,2493,5298,35212,484,177,0.46444780635400906,648172
2026-08-10 13:26:40.714401,NSE:GREENCHEF-SM,49.8,800,0,1,,800.0,0.0,800,10400,20000,800,800,0.0,10400
2026-08-10 13:31:36.202677,NSE:GREENLAM-EQ,238.25,12,72,163,46.013888888888886,65.3558282208589,0.7040518059597192,10653,18650,56759,4,7,-0.2727272727272727,979947
2026-08-10 13:21:56.208024,NSE:GREENLEAF-ST,113.0,1000,0,0,,,0.0,0,2000,4000,1000,1000,0.0,0
2026-08-10 13:31:07.763920,NSE:GREENPANEL-EQ,191.05,1,10,25,3.8,3.56,1.0674157303370786,89,122,1962,2,3,-0.2,139351
2026-08-10 13:31:36.847799,NSE:GREENPLY-EQ,285.85,9,13,17,245.07692307692307,255.1764705882353,0.960421321417172,4338,5615,8558,103,4,0.9252336448598131,31557
2026-08-10 13:21:54.820219,NSE:GRETEX-SM,289.0,750,0,0,,,0.0,0,1500,3000,0,750,-1.0,0
2026-08-10 13:31:36.763800,NSE:GRMOVER-EQ,90.1,116,18,49,1133.5,916.9387755102041,1.2361784998887158,44930,131552,381151,395,18,0.9128329297820823,685424
2026-08-10 13:31:36.248080,NSE:GROWW-EQ,193.7,10,94,280,118.74468085106383,167.48928571428573,0.7089688175853012,46897,93139,201860,37,194,-0.6796536796536796,14988432
2026-08-10 13:31:33.055887,NSE:GROWWCHEM-EQ,30.81,16,8,25,16.0,13.12,1.2195121951219512,328,373,75818,149,5084,-0.9430536976877508,34713
2026-08-10 13:31:33.789828,NSE:GROWWDEFNC-EQ,97.51,50,44,120,20.363636363636363,19.85,1.0258758873368443,2382,14460,44044,23,6752,-0.993210332103321,149038
2026-08-10 13:31:34.373874,NSE:GROWWEV-EQ,34.25,10,37,95,28.27027027027027,35.07368421052632,0.8060251127478018,3332,12343,175413,77,113,-0.18947368421052632,543099
2026-08-10 13:31:07.328469,NSE:GROWWHOSPI-EQ,54.66,8,5,19,5.4,3.4210526315789473,1.5784615384615386,65,168,39010,844,183718,-0.9908540219546819,151197
2026-08-10 13:29:10.715759,NSE:GROWWLIQID-EQ,110.28,4,0,2,,4.0,0.0,8,12,8411,8338415,8470402,-0.007852248019595906,195660
2026-08-10 13:31:28.141209,NSE:GROWWMC150-EQ,236.94,1,33,93,1.0,1.0,1.0,93,167,1359025,6000,13,0.9956760352569433,6154
2026-08-10 13:31:23.713958,NSE:GROWWNXT50-EQ,75.2,2,16,38,47.9375,49.71052631578947,0.9643329804129169,1889,3725,18237,14,486,-0.944,6672
2026-08-10 13:31:34.883859,NSE:GROWWPSE-EQ,98.81,7,32,82,7.0,7.0,1.0,574,1050,14700,13,207,-0.8818181818181818,696
2026-08-10 13:31:34.011168,NSE:GROWWPSUBK-EQ,87.28,45,36,82,71.94444444444444,37.02439024390244,1.9431635192504757,3036,3491,32840,1198,17777,-0.8737285902503293,6546
2026-08-10 13:22:01.086407,NSE:GS151226C-GS,74.94,19500,0,0,,,0.0,0,39000,78000,0,0,0.0,0
2026-08-10 13:22:01.108488,NSE:GS220230C-GS,57.86,0,0,0,,,0.0,0,0,0,0,0,0.0,0
2026-08-10 13:22:01.135322,NSE:GS220231C-GS,52.81,100,0,0,,,0.0,0,200,400,0,0,0.0,0
2026-08-10 13:22:01.018092,NSE:GS220236C-GS,37.1,0,0,0,,,0.0,0,0,0,0,0,0.0,0
2026-08-10 13:22:01.110510,NSE:GS220830C-GS,57.48,0,0,0,,,0.0,0,0,0,0,0,0.0,0
2026-08-10 13:22:01.023809,NSE:GS220831C-GS,52.05,0,0,0,,,0.0,0,0,0,0,0,0.0,0
2026-08-10 13:22:01.004170,NSE:GS220836C-GS,35.78,0,0,0,,,0.0,0,0,0,0,0,0.0,0
2026-08-10 13:22:00.842589,NSE:GSEC10ABSL-EQ,113.27,1,0,0,,,0.0,0,2,4,5000,1000,0.6666666666666666,0
2026-08-10 13:22:00.577318,NSE:GSEC10IETF-EQ,267.11,74,0,0,,,0.0,0,148,296,4904,4919,-0.0015270284027282908,188
2026-08-10 13:22:00.091373,NSE:GSEC10YEAR-EQ,30.69,486,0,0,,,0.0,0,972,39922,186,15,0.8507462686567164,2483
2026-08-10 13:30:16.629332,NSE:GSEC5IETF-EQ,66.27,115,4,5,115.0,92.4,1.2445887445887445,462,470,1074,186,4596,-0.9222082810539524,851
2026-08-10 13:31:31.044505,NSE:GSFC-EQ,162.05,1,12,37,1.0,20.756756756756758,0.04817708333333333,768,1919,16036,6,3,0.3333333333333333,207993
2026-08-10 13:30:10.588395,NSE:GSMFOILS-SM,119.8,10000,1,2,10000.0,10000.0,0.0,20000,50000,52000,0,1119000,-1.0,50500
2026-08-10 13:30:12.604146,NSE:GTECJAINX-BE,30.3,99,1,6,99.0,99.16666666666667,0.0,595,1095,1140,300,342,-0.06542056074766354,4764
2026-08-10 13:31:27.231300,NSE:GTPL-EQ,59.47,100,8,15,26.5,15.066666666666666,1.758849557522124,226,492,18595,12,18,-0.2,15318
2026-08-10 13:31:31.397796,NSE:GUFICBIO-EQ,434.0,98,11,27,45.09090909090909,23.185185185185187,1.9448155678187626,626,2442,16800,2,12,-0.7142857142857143,142012
2026-08-10 13:26:35.814207,NSE:GUJAPOLLO-EQ,365.0,50,0,0,,,0.0,0,380,768,50,50,0.0,2432
2026-08-10 13:31:36.263759,NSE:GUJENERGY-EQ,264.5,9,42,98,7.142857142857143,16.806122448979593,0.42501517911353975,1647,2414,14990,170,13,0.8579234972677595,349631
2026-08-10 13:21:58.966707,NSE:GUJRAFFIA-EQ,40.1,22,0,0,,,0.0,0,44,176,10,10,0.0,162
2026-08-10 13:31:36.528121,NSE:GUJTHEM-EQ,369.5,100,20,27,74.9,77.18518518518519,0.9703934740882918,2084,2147,13069,596,56,0.8282208588957055,75578
2026-08-10 13:30:14.774175,NSE:GULFPETRO-BE,59.56,100,1,9,100.0,120.55555555555556,0.0,1085,5244,31767,29165,0,1.0,354652
2026-08-10 13:31:32.060170,NSE:GULPOLY-EQ,200.45,42,25,53,96.8,79.26415094339623,1.2212330397524398,4201,18497,42747,24,183,-0.7681159420289855,412155
2026-08-10 13:25:02.570468,NSE:GURUNANAK-SM,41.75,1600,0,0,,,0.0,0,4800,11200,1600,1600,0.0,20800
2026-08-10 13:29:30.424097,NSE:GYFTR-EQ,163.45,65,0,1,,65.0,0.0,65,565,4138,16,5,0.5238095238095238,47173
2026-08-10 13:29:14.963854,NSE:HALDER-EQ,265.0,50,0,2,,50.0,0.0,100,254,307,28,1,0.9310344827586207,23776
2026-08-10 13:28:59.508056,NSE:HALDYNGL-BE,131.5,600,0,3,,600.0,0.0,1800,2220,2646,24,1200,-0.9607843137254902,14895
2026-08-10 13:31:23.163888,NSE:HAPPSTMNDS-EQ,406.7,1,31,77,125.90322580645162,78.14285714285714,1.6111930176328362,6017,10914,20258,123,715,-0.7064439140811456,481173
2026-08-10 13:28:40.589252,NSE:HAPPY-SM,66.6,2000,0,3,,2000.0,0.0,6000,12000,30000,2000,2000,0.0,48000
2026-08-10 13:31:36.872048,NSE:HARIOMPIPE-EQ,400.55,1,23,52,23.73913043478261,20.346153846153847,1.166762554450563,1058,1985,15797,19,5,0.5833333333333334,86206
2026-08-10 13:21:56.444891,NSE:HARRMALAYA-EQ,223.0,100,0,0,,,0.0,0,200,365,3,2,0.2,9688
2026-08-10 13:31:21.828683,NSE:HARSHA-EQ,428.65,10,8,26,22.75,33.88461538461539,0.6713961407491487,881,979,12581,72,156,-0.3684210526315789,254020
2026-08-10 13:29:09.537781,NSE:HBESD-EQ,75.06,1,0,1,,1.0,0.0,1,5,11,9,6,0.2,25
2026-08-10 13:31:03.196338,NSE:HBSL-EQ,59.78,130,2,11,130.0,100.0,0.0,1100,1415,2043,38,106,-0.4722222222222222,5108
2026-08-10 13:30:38.895509,NSE:HDFCBSE500-EQ,38.3,2,8,16,20535.5,30806.375,0.6665990399714344,492902,493646,507987,123,45238,-0.9945768391349397,1363953
2026-08-10 13:31:36.492885,NSE:HDFCGOLD-EQ,128.92,4,78,150,250.75641025641025,217.08,1.1551336385498905,32562,58536,355507,9333,45628,-0.660377358490566,2208876
2026-08-10 13:31:34.621682,NSE:HDFCGROWTH-EQ,124.59,4387,45,116,2778.6,1634.8793103448277,1.699574997627158,189646,295770,345466,57,74,-0.1297709923664122,40772
2026-08-10 13:31:34.519331,NSE:HDFCMOMENT-EQ,31.6,3,45,108,388.4888888888889,464.27777777777777,0.8367596027282518,50142,61103,174840,939655,516,0.9989023273425792,89716
2026-08-10 13:31:34.553981,NSE:HDFCNEXT50-EQ,76.4,20,42,105,1086.9761904761904,1866.1904761904761,0.5824572595049757,195950,196628,366773,2817,10367,-0.5726638349514563,257395
2026-08-10 13:31:33.248460,NSE:HDFCNIFBAN-EQ,59.38,2,29,86,2.0344827586206895,2.6744186046511627,0.76071964017991,230,543,14529,489,245,0.33242506811989103,29940
2026-08-10 13:31:34.603712,NSE:HDFCNIFIT-EQ,33.86,400,37,101,400.0,357.1980198019802,1.1198270366161267,36077,40522,150431,4143,5520,-0.14250232846941943,149678
2026-08-10 13:31:33.788057,NSE:HDFCNIFTY-EQ,277.69,1,42,113,2.142857142857143,3.327433628318584,0.6439969604863222,376,2915,18900,50,2485,-0.960552268244576,41826
2026-08-10 13:31:34.823759,NSE:HDFCNIMEG-EQ,132.15,53,48,119,53.0,53.0,1.0,6307,12570,66823,47,64,-0.15315315315315314,9675
2026-08-10 13:31:34.413726,NSE:HDFCPSUBK-EQ,87.62,22,47,113,9.829787234042554,12.15929203539823,0.808417727399424,1374,38811,272644,195082,137,0.9985964480916304,224172
2026-08-10 13:31:28.293902,NSE:HDFCQUAL-EQ,60.33,1,35,87,1.0,1.0,1.0,87,28577,56225,90462,5013,0.8949882168106834,18158
2026-08-10 13:31:32.753860,NSE:HDFCSENSEX-EQ,89.17,1,36,92,13.222222222222221,59.34782608695652,0.22279202279202276,5460,10791,88978,1250,21,0.9669551534225019,21171
2026-08-10 13:31:36.192174,NSE:HDFCSILVER-EQ,221.04,22,153,384,104.93464052287581,86.95052083333333,1.2068316499680827,33389,108263,416605,1587,3246,-0.3432650527622595,2032636
2026-08-10 13:31:34.687799,NSE:HDFCSML250-EQ,185.62,34,102,192,15.754901960784315,76.625,0.20561046604612482,14712,20343,105724,72,200,-0.47058823529411764,696188
2026-08-10 13:31:34.609856,NSE:HDFCVALUE-EQ,128.63,35,42,110,26.904761904761905,10.89090909090909,2.470387153191828,1198,1282,6170,238,69476,-0.9931721031643572,1212
2026-08-10 13:31:34.623766,NSE:HEALTHAXIS-EQ,169.6,8,40,104,8.0,8.0,1.0,832,1220,20786,42,4203,-0.9802120141342756,8387
2026-08-10 13:31:36.893992,NSE:HEALTHIETF-EQ,171.18,72,155,419,19.6,17.610978520286395,1.1129421330803633,7379,11582,51233,116,100,0.07407407407407407,88787
2026-08-10 13:29:09.859390,NSE:HEALTHX-EQ,306.55,9,0,2,,9.0,0.0,18,36,616,5,5,0.0,10702
2026-08-10 13:26:01.392340,NSE:HECPROJECT-EQ,135.9,59,0,0,,,0.0,0,590,3210,1,50,-0.9607843137254902,3327
2026-08-10 13:31:33.055887,NSE:HEIDELBERG-EQ,155.9,120,4,20,91.5,32.8,2.789634146341464,656,3676,4241,1,5,-0.6666666666666666,26033
2026-08-10 13:31:31.644776,NSE:HEMIPROP-EQ,137.7,335,19,31,711.6842105263158,451.7741935483871,1.575309569890453,14005,14951,26294,144,150,-0.02040816326530612,134717
2026-08-10 13:31:21.821874,NSE:HERANBA-EQ,178.16,6,9,9,5.888888888888889,5.888888888888889,1.0,53,644,1914,2,3,-0.2,16012
2026-08-10 13:31:36.489432,NSE:HERITGFOOD-EQ,362.5,1,42,106,2.761904761904762,3.4056603773584904,0.8109748054346393,361,1604,12133,22,389,-0.8929440389294404,276410
2026-08-10 13:31:32.495497,NSE:HEXAGON-BE,63.1,100,9,16,58.666666666666664,50.5,1.1617161716171616,808,1461,7242,1133,468,0.41536539662710803,243256
2026-08-10 13:30:57.160805,NSE:HEXATRADEX-EQ,160.2,37,5,7,37.0,37.0,1.0,259,289,339,20,2,0.8181818181818182,747
2026-08-10 13:31:36.747817,NSE:HFCL-EQ,215.65,105,70,183,288.64285714285717,419.655737704918,0.6878086755621036,76797,95251,397258,128,402,-0.5169811320754717,14322509
2026-08-10 13:21:53.586279,NSE:HGM-EQ,48.72,2,0,0,,,0.0,0,4,1744,5,9,-0.2857142857142857,2027
2026-08-10 13:31:12.404025,NSE:HGS-EQ,413.85,2,15,30,7.533333333333333,9.6,0.7847222222222222,288,720,1721,46,1,0.9574468085106383,39680
2026-08-10 13:30:25.756275,NSE:HIGREEN-SM,139.0,800,1,2,800.0,800.0,0.0,1600,3200,5600,800,800,0.0,9600
2026-08-10 13:31:21.833638,NSE:HIKAL-EQ,222.54,17,13,32,110.23076923076923,101.875,1.0820198206701275,3260,4339,7704,7,20,-0.48148148148148145,107893
2026-08-10 13:31:32.838163,NSE:HILINFRA-EQ,45.47,1,46,119,10.934782608695652,38.08403361344538,0.2871224912698108,4532,18586,19724,1,69,-0.9714285714285714,55276
2026-08-10 13:31:26.873748,NSE:HIMATSEIDE-EQ,79.6,200,3,17,133.33333333333334,85.94117647058823,1.5514487793748575,1461,2777,17157,24,50,-0.35135135135135137,245326
2026-08-10 13:31:17.273983,NSE:HINDCOMPOS-EQ,418.95,1,2,3,1.0,1.0,0.0,3,289,563,1,1,0.0,2773
2026-08-10 13:31:36.858032,NSE:HINDOILEXP-EQ,162.58,4,33,53,1944.3939393939395,1230.3584905660377,1.5803474794564982,65209,67646,142335,596,46,0.8566978193146417,881025
2026-08-10 13:31:36.854139,NSE:HINDPETRO-EQ,393.35,15,143,295,36.86013986013986,39.735593220338984,0.9276353232162821,11722,19458,106304,35,372,-0.828009828009828,4266138
2026-08-10 13:30:56.846342,NSE:HINDWAREAP-EQ,219.29,21,5,14,21.0,15.285714285714286,1.3738317757009346,214,1076,2362,2,3,-0.2,52823
2026-08-10 13:21:55.966822,NSE:HISARMETAL-EQ,161.49,45,0,0,,,0.0,0,90,153,1,9,-0.8,6941
2026-08-10 13:31:11.977822,NSE:HITECH-EQ,85.0,229,5,14,99.2,43.142857142857146,2.299337748344371,604,4298,11920,758,66,0.8398058252427184,243446
2026-08-10 13:30:01.650870,NSE:HITECHCORP-BE,323.0,100,1,1,100.0,100.0,0.0,100,380,656,944,2,0.9957716701902748,10923
2026-08-10 13:31:36.403876,NSE:HLEGLAS-EQ,468.0,1,20,59,16.6,27.8135593220339,0.5968312004875076,1641,2400,13536,12,5,0.4117647058823529,312042
2026-08-10 13:27:45.643881,NSE:HMT-BZ,60.79,1,0,3,,1.0,0.0,3,347,945,752,244,0.5100401606425703,13550
2026-08-10 13:28:09.957282,NSE:HMVL-BE,93.8,191,0,2,,191.0,0.0,382,1170,2875,120,285,-0.4074074074074074,37766
2026-08-10 13:31:33.901518,NSE:HNGSNGBEES-EQ,487.5,3,35,96,11.342857142857143,8.25,1.374891774891775,792,1758,6152,42,36,0.07692307692307693,54484
2026-08-10 13:21:59.144104,NSE:HOLMARC-SM,108.0,750,0,0,,,0.0,0,1500,5250,1500,3750,-0.42857142857142855,6750
2026-08-10 13:21:53.962119,NSE:HOMESFY-SM,121.1,300,0,0,,,0.0,0,600,1200,300,300,0.0,0
2026-08-10 13:31:26.868148,NSE:HONASA-EQ,477.9,28,21,62,21.571428571428573,38.483870967741936,0.5605316728535505,2386,4482,15078,1,39,-0.95,607332
2026-08-10 13:30:52.823804,NSE:HPAL-EQ,34.11,5,7,17,87.85714285714286,42.94117647058823,2.045988258317026,730,2093,25508,18,866,-0.9592760180995475,53234
2026-08-10 13:25:17.144173,NSE:HPIL-EQ,129.91,5,0,0,,,0.0,0,25,70,8,1,0.7777777777777778,112
2026-08-10 13:31:32.070861,NSE:HPL-EQ,343.0,44,6,21,280.3333333333333,149.66666666666666,1.8730512249443207,3143,3751,14403,106,15,0.7520661157024794,72138
2026-08-10 13:22:54.020750,NSE:HPTL-SM,310.85,600,0,0,,,0.0,0,1800,3000,600,600,0.0,0
2026-08-10 13:31:28.353654,NSE:HSBCGOLD-EQ,131.77,11,14,38,11.0,11.0,1.0,418,770,76585,17509,17113,0.011437814106637398,23908
2026-08-10 13:30:55.455657,NSE:HUBTOWN-EQ,178.23,1,5,16,12.2,41.125,0.2966565349544073,658,927,21903,12,4,0.5,178900
2026-08-10 13:31:36.853405,NSE:HUDCO-EQ,199.8,1,35,105,5.257142857142857,4.419047619047619,1.189655172413793,464,965,5307,5628,292,0.9013513513513514,1167181
2026-08-10 13:31:27.475928,NSE:HUHTAMAKI-EQ,284.45,23,11,27,9.909090909090908,19.555555555555557,0.5067148760330578,528,1017,9784,12,5,0.4117647058823529,169572
2026-08-10 13:21:56.759208,NSE:IBLFL-SM,61.0,2000,0,0,,,0.0,0,4000,8000,2000,2000,0.0,0
2026-08-10 13:23:03.953929,NSE:ICDSLTD-EQ,42.8,48,0,0,,,0.0,0,144,288,26,20,0.13043478260869565,973
2026-08-10 13:31:23.253677,NSE:ICELCO-SM,142.5,3600,1,2,3600.0,3600.0,0.0,7200,32400,134400,1200,1200,0.0,33600
2026-08-10 13:31:33.597934,NSE:ICICIB22-EQ,116.71,8,48,120,121.125,221.475,0.5469014561462919,26577,31422,47679,50,92,-0.29577464788732394,233811
2026-08-10 13:31:22.363746,NSE:ICIL-EQ,426.5,1,13,44,1.0,5.840909090909091,0.17120622568093385,257,1293,5967,27,14,0.3170731707317073,233992
2026-08-10 13:31:36.538754,NSE:IDBI-EQ,83.7,1,38,90,62.1578947368421,37.08888888888889,1.6759168742707578,3338,6317,63789,498,250,0.3315508021390374,1533652
2026-08-10 13:29:09.964049,NSE:IDEALTECHO-SM,181.5,500,0,1,,500.0,0.0,500,2500,4000,500,500,0.0,0
2026-08-10 13:31:35.854064,NSE:IDFCFIRSTB-EQ,84.7,407,79,207,120.07594936708861,105.70048309178743,1.136001897577118,21880,35867,152353,2658,408,0.7338551859099804,8375936
2026-08-10 13:31:24.575570,NSE:IDFNIFTYET-EQ,272.0,5,26,72,5.0,5.0,1.0,360,579,1716,4,3972,-0.9979879275653923,837
2026-08-10 13:30:46.024211,NSE:IEML-SM,44.0,500,3,5,500.0,500.0,1.0,2500,4000,18000,500,500,0.0,42500
2026-08-10 13:31:36.261948,NSE:IEX-EQ,126.58,3,67,189,15.835820895522389,24.857142857142858,0.6370732544175673,4698,9079,32467,150,993,-0.7375328083989501,1459197
2026-08-10 13:31:36.517799,NSE:IFCI-EQ,76.17,8,58,142,502.1896551724138,307.5633802816901,1.6328005457361991,43674,83205,232253,3728,435,0.7910160941628633,13964577
2026-08-10 13:31:33.893649,NSE:IFGLEXPOR-EQ,226.0,1,28,38,1.0,1.0,1.0,38,65,180896,1,1,0.0,149392
2026-08-10 13:31:32.673906,NSE:IGARASHI-EQ,470.0,1,36,75,39.833333333333336,23.866666666666667,1.6689944134078214,1790,3354,9835,131,10,0.8581560283687943,127946
2026-08-10 13:31:23.780911,NSE:IGCL-EQ,74.01,184,2,2,184.0,184.0,0.0,368,736,1424,37,41,-0.05128205128205128,34129
2026-08-10 13:31:36.822600,NSE:IGIL-EQ,354.45,1,21,50,10.380952380952381,28.8,0.36044973544973546,1440,5533,9191,54,12,0.6363636363636364,347598
2026-08-10 13:31:36.443912,NSE:IGL-EQ,152.22,5,28,64,42.392857142857146,34.453125,1.2304502753482347,2205,3869,15399,19,143,-0.7654320987654321,797740
2026-08-10 13:30:35.163984,NSE:IGPL-EQ,489.4,3,5,23,3.0,8.08695652173913,0.3709677419354839,186,458,7619,21,1,0.9090909090909091,66670
2026-08-10 13:31:36.213673,NSE:IIFLCAPS-EQ,333.85,1,30,69,1.9333333333333333,2.550724637681159,0.7579545454545455,176,575,6634,274,45,0.7178683385579937,104560
2026-08-10 13:31:13.724097,NSE:IITL-EQ,147.4,3300,7,7,3300.0,3300.0,1.0,23100,42979,43061,6,36,-0.7142857142857143,92307
2026-08-10 13:31:36.809887,NSE:IKIO-EQ,195.51,15,8,20,11.5,12.2,0.9426229508196722,244,768,5220,143,31,0.6436781609195402,290896
2026-08-10 13:31:27.615867,NSE:IL&FSENGG-BZ,35.52,700,1,1,700.0,700.0,0.0,700,3794,4454,1,908,-0.9977997799779978,6896
2026-08-10 13:31:36.149860,NSE:IMAGICAA-EQ,49.7,23,13,38,25.076923076923077,20.657894736842106,1.2139147476727095,785,2633,54083,35,18,0.32075471698113206,1390745
2026-08-10 13:21:56.656312,NSE:IMC1-N1,250.0,20,0,0,,,0.0,0,40,80,20,55,-0.4666666666666667,50
2026-08-10 13:21:59.005209,NSE:IMC1-N2,250.0,10,0,0,,,0.0,0,20,40,55,1245,-0.9153846153846154,20
2026-08-10 13:21:59.029270,NSE:IMC1-N3,250.0,10,0,0,,,0.0,0,20,40,20,10,0.3333333333333333,20
2026-08-10 13:31:32.917840,NSE:INA-EQ,109.3,30,16,53,36.5,35.37735849056604,1.0317333333333334,1875,5369,20402,52,14,0.5757575757575758,386514
2026-08-10 13:23:42.305315,NSE:INCREDIBLE-EQ,34.49,99,0,0,,,0.0,0,495,895,30,29,0.01694915254237288,3855
2026-08-10 13:28:00.360210,NSE:INDBANK-EQ,33.35,1,0,1,,1.0,0.0,1,3,2850,546,598,-0.045454545454545456,15774
2026-08-10 13:31:32.431431,NSE:INDIACEM-EQ,395.1,1,5,31,1.0,1.5161290322580645,0.6595744680851063,47,108,322,10,2,0.6666666666666666,75141
2026-08-10 13:27:22.552220,NSE:INDIANCARD-EQ,221.5,1,0,2,,1.0,0.0,2,9,19,6,4,0.2,232
2026-08-10 13:31:27.210409,NSE:INDIANHUME-EQ,391.7,1,3,11,1.0,1.0,1.0,11,29,169,2,1,0.3333333333333333,13290
2026-08-10 13:31:30.414415,NSE:INDIGRID-IV,178.9,18,30,68,74.86666666666666,46.23529411764706,1.6192536047497879,3144,8163,59224,791,1418,-0.2838388411045722,651494
2026-08-10 13:31:22.388157,NSE:INDIQUBE-EQ,185.99,17,5,17,38.6,53.8235294117647,0.7171584699453553,915,2372,8984,1,1,0.0,241351
2026-08-10 13:29:55.279024,NSE:INDOAMIN-BE,131.5,99,1,3,99.0,99.0,0.0,297,792,2667,3,40,-0.8604651162790697,29458
2026-08-10 13:31:32.475715,NSE:INDOBORAX-EQ,427.55,3,33,76,24.848484848484848,38.21052631578947,0.6503046998914768,2904,5233,18953,34,37,-0.04225352112676056,271093
2026-08-10 13:31:36.482348,NSE:INDOCO-EQ,220.89,38,18,28,35.77777777777778,29.428571428571427,1.2157497303128373,824,3244,10246,150,9,0.8867924528301887,62415
2026-08-10 13:31:32.479276,NSE:INDOFARM-EQ,153.24,33,18,29,13.944444444444445,11.689655172413794,1.19288757784333,339,4793,15353,4,24,-0.7142857142857143,257847
2026-08-10 13:31:32.693800,NSE:INDORAMA-EQ,58.33,214,3,14,172.66666666666666,153.5,1.1248642779587403,2149,5424,9941,25,12,0.35135135135135137,77488
2026-08-10 13:31:27.524422,NSE:INDOSTAR-EQ,242.55,1,15,29,16.6,31.24137931034483,0.5313465783664459,906,1621,3300,5,29,-0.7058823529411765,153317
2026-08-10 13:31:30.033932,NSE:INDOTHAI-EQ,94.62,1000,6,15,519.0,351.2,1.4777904328018223,5268,6353,118958,0,4663637,-1.0,215632
2026-08-10 13:31:13.123885,NSE:INDOUS-EQ,81.21,1,6,10,5.5,7.3,0.7534246575342466,73,142,720,17,1,0.8888888888888888,961
2026-08-10 13:31:36.317025,NSE:INDRAMEDCO-EQ,391.05,5,25,68,53.44,43.1764705882353,1.2377111716621252,2936,4964,32684,102,120,-0.08108108108108109,409236
2026-08-10 13:31:36.425710,NSE:INDSWFTLAB-EQ,238.82,14,31,61,31.322580645161292,42.83606557377049,0.7312198313642705,2613,4167,15664,32,106,-0.5362318840579711,724432
2026-08-10 13:22:12.437653,NSE:INDTERRAIN-EQ,32.15,7,0,0,,,0.0,0,28,57,50,1,0.9607843137254902,8059
2026-08-10 13:31:32.593975,NSE:INDUSINVIT-IV,134.98,17,23,72,13.043478260869565,12.708333333333334,1.0263720598717034,915,1539,14118,4,33,-0.7837837837837838,103806
2026-08-10 13:31:36.787983,NSE:INDUSTOWER-EQ,372.15,5,86,231,25.406976744186046,20.796536796536795,1.221692678581802,4804,6525,56658,1855,99,0.8986693961105425,2949545
2026-08-10 13:30:48.036360,NSE:INFINIUM-SM,220.0,500,2,2,500.0,500.0,0.0,1000,3500,5500,500,500,0.0,6500
2026-08-10 13:31:23.095053,NSE:INFLUX-SM,291.0,600,2,3,600.0,600.0,0.0,1800,5400,9600,600,600,0.0,4800
2026-08-10 13:31:32.577967,NSE:INFOBEAN-EQ,162.82,142,12,36,36.25,35.611111111111114,1.017940717628705,1282,1707,4843,50,58,-0.07407407407407407,154668
2026-08-10 13:27:16.437803,NSE:INFOLLION-SM,160.0,800,0,2,,800.0,0.0,1600,3200,8800,400,400,0.0,8400
2026-08-10 13:31:36.874924,NSE:INFRAIETF-EQ,97.83,1,85,172,6.552941176470588,6.267441860465116,1.04555276656117,1078,1861,10173,105,9,0.8421052631578947,78601
2026-08-10 13:30:02.193746,NSE:INM-SM,166.0,600,1,2,600.0,600.0,0.0,1200,3000,6600,600,600,0.0,0
2026-08-10 13:21:56.669852,NSE:INNOMET-ST,194.3,1200,0,0,,,0.0,0,2400,8400,85200,0,1.0,16800
2026-08-10 13:21:53.597437,NSE:INNOVANA-EQ,337.0,56,0,0,,,0.0,0,112,3752,10,8,0.1111111111111111,474
2026-08-10 13:31:36.543833,NSE:INNOVISION-EQ,282.65,28,6,19,14.833333333333334,11.368421052631579,1.304783950617284,216,513,797,7,16,-0.391304347826087,6561
2026-08-10 13:31:33.285821,NSE:INOXGREEN-BE,176.4,2,7,12,13.285714285714286,40.25,0.3300798580301686,483,895,6127,5000,48,0.9809825673534073,306238
2026-08-10 13:31:36.795403,NSE:INOXWIND-EQ,74.65,40,125,303,122.904,138.02640264026402,0.8904383338912534,41822,76443,309718,663,577,0.06935483870967742,42421622
2026-08-10 13:29:37.188081,NSE:INSPIRISYS-BE,102.98,7,1,5,7.0,121.8,0.0,609,1251,1751,4215,293,0.8700088731144632,10144
2026-08-10 13:21:58.497101,NSE:INTEGRITY-ST,156.8,1200,0,0,,,0.0,0,2400,4800,1200,1200,0.0,0
2026-08-10 13:29:09.399358,NSE:INTENTECH-EQ,81.8,12,0,4,,12.0,0.0,48,84,228,75,28,0.4563106796116505,18127
2026-08-10 13:21:54.700031,NSE:INTERISE-IV,109.75,50000,0,0,,,0.0,0,100000,200000,0,0,0.0,0
2026-08-10 13:31:36.324090,NSE:INTLCONV-EQ,75.0,25,17,31,22.764705882352942,33.41935483870968,0.6811832841244606,1036,1043,3269,23,104,-0.6377952755905512,39251
2026-08-10 13:21:57.252313,NSE:INVICTA-SM,77.7,1600,0,0,,,0.0,0,3200,8000,1600,1600,0.0,1600
2026-08-10 13:31:33.375249,NSE:IT-EQ,35.16,90,32,94,30.03125,62.98936170212766,0.4767670157068063,5921,98454,212187,249838,6579,0.948685149580566,387832
2026-08-10 13:31:32.873751,NSE:ITADD-EQ,33.67,45,26,85,45.0,45.0,1.0,3825,7110,77107,63,13462,-0.9906839186691312,26785
2026-08-10 13:31:36.803879,NSE:ITAXIS-EQ,349.47,1,132,312,7.4772727272727275,8.932692307692308,0.8370682062824151,2787,5271,153229,6,15,-0.42857142857142855,2583041
2026-08-10 13:31:34.887722,NSE:ITBEES-EQ,35.18,215,59,157,591.6271186440678,678.4713375796179,0.8720001654817746,106520,165782,561675,3900,44650,-0.839340885684861,8878036
2026-08-10 13:31:34.272329,NSE:ITBETA-EQ,333.95,15,40,93,15.0,15.0,1.0,1395,2325,180687,1,6,-0.7142857142857143,2229
2026-08-10 13:31:34.313864,NSE:ITETF-EQ,33.6,100,31,78,75.61290322580645,52.94871794871795,1.4280403030539717,4130,7790,80642,2643,991,0.4545954870665933,309286
2026-08-10 13:31:32.887802,NSE:ITIETF-EQ,35.22,1,42,107,306.14285714285717,432.5514018691589,0.7077606402844612,46283,50807,737914,29313,3228,0.8016041301742417,507538
2026-08-10 13:30:59.481756,NSE:IVZINGOLD-EQ,131.0,90,11,28,90.0,92.14285714285714,0.9767441860465117,2580,7038,12558,10,20,-0.3333333333333333,10047
2026-08-10 13:31:34.255496,NSE:IVZINNIFTY-EQ,283.0,1,46,114,1.0,1.0,1.0,114,202,7418,12818,4794,0.4555984555984556,548
2026-08-10 13:31:31.194379,NSE:KPEL-EQ,296.75,15,29,85,52.51724137931034,28.647058823529413,1.83325072576648,2435,4590,10166,58,17,0.5466666666666666,189189
2026-08-10 13:31:33.582174,NSE:KPIGREEN-EQ,374.2,8,51,123,84.47058823529412,73.98373983739837,1.1417453135100193,9100,12025,22331,24,48,-0.3333333333333333,575893
2026-08-10 13:31:36.234072,NSE:KRBL-EQ,375.75,43,13,43,43.0,34.41860465116279,1.2493243243243244,1480,2601,14538,38,54,-0.17391304347826086,216205
2026-08-10 13:25:36.526045,NSE:KREBSBIO-EQ,57.4,100,0,0,,,0.0,0,500,815,10,22,-0.375,4254
2026-08-10 13:31:31.134146,NSE:KRISHANA-EQ,184.22,16,21,51,17.095238095238095,19.686274509803923,0.868383608423449,1004,7126,27252,28,3,0.8064516129032258,357919
2026-08-10 13:21:54.166240,NSE:KRISHCA-SM,165.0,500,0,0,,,0.0,0,1000,3000,500,2500,-0.6666666666666666,1500
2026-08-10 13:31:33.633951,NSE:KRISHIVAL-EQ,398.1,79,26,31,79.0,135.61290322580646,0.5825404376784015,4204,4990,5519,1,1,0.0,8345
2026-08-10 13:24:17.404095,NSE:KRITI-EQ,70.48,250,0,0,,,0.0,0,4070,7902,110,250,-0.3888888888888889,13908
2026-08-10 13:30:55.292926,NSE:KRITINUT-EQ,86.99,103,3,3,103.0,103.0,0.0,309,824,3366,632,70,0.8005698005698005,12869
2026-08-10 13:30:05.856235,NSE:KRMAYURVED-SM,333.0,1000,2,4,1000.0,1000.0,0.0,4000,18000,350000,1000,1000,0.0,158000
2026-08-10 13:31:12.438324,NSE:KRONOX-EQ,166.29,50,3,14,35.333333333333336,28.428571428571427,1.2428810720268009,398,446,6825,21,10,0.3548387096774194,142453
2026-08-10 13:31:28.976294,NSE:KROSS-EQ,205.81,226,21,57,45.57142857142857,31.982456140350877,1.4248883316354517,1823,2911,26843,115,14,0.7829457364341085,197440
2026-08-10 13:31:36.722669,NSE:KRT-RR,117.07,6,54,149,9.018518518518519,18.107382550335572,0.49805754605606345,2698,3434,7214,4431,93,0.9588859416445623,177377
2026-08-10 13:30:28.089829,NSE:KSOLVES-EQ,279.75,37,6,10,15.0,14.2,1.0563380281690142,142,220,511,3,13,-0.625,11620
2026-08-10 13:31:34.949741,NSE:KTKBANK-EQ,305.35,4,32,88,13.0,11.511363636363637,1.1293188548864759,1013,1808,29570,283,28,0.819935691318328,1210202
2026-08-10 13:30:56.304111,NSE:KUANTUM-EQ,88.28,25,7,16,25.0,25.0,1.0,400,3974,9401,20,23,-0.06976744186046512,144720
2026-08-10 13:31:33.803778,NSE:KWIL-EQ,34.89,16,32,77,216.0,387.12987012987014,0.5579522962863565,29809,32796,118436,5406,2676,0.33778767631774315,7635591
2026-08-10 13:21:59.047124,NSE:LAGNAM-EQ,82.6,1,0,0,,,0.0,0,2,346,10,14,-0.16666666666666666,8570
2026-08-10 13:21:57.612826,NSE:LAHOTIOV-EQ,42.45,5,0,0,,,0.0,0,10,40,22,65,-0.4942528735632184,1688
2026-08-10 13:29:46.965023,NSE:LAKSHYA-SM,85.1,800,2,2,800.0,800.0,0.0,1600,4000,18400,800,800,0.0,5600
2026-08-10 13:29:10.246954,NSE:LAMBODHARA-EQ,116.5,4,0,1,,4.0,0.0,4,24,6459,62,70,-0.06060606060606061,16265
2026-08-10 13:29:45.581139,NSE:LAMOSAIC-ST,55.0,1200,2,4,1200.0,9600.0,0.0,38400,40200,57600,600,5400,-0.8,99000
2026-08-10 13:30:34.569112,NSE:LAOPALA-EQ,192.61,20,9,62,20.0,13.112903225806452,1.5252152521525215,813,1416,4873,10,12,-0.09090909090909091,122488
2026-08-10 13:31:34.958276,NSE:LASERPOWER-EQ,300.45,20,52,115,132.3846153846154,113.0695652173913,1.1708244842906075,13003,17003,63511,128,51,0.4301675977653631,1608832
2026-08-10 13:31:34.763849,NSE:LATENTVIEW-EQ,299.15,41,20,43,6.7,6.093023255813954,1.099618320610687,262,2558,15670,13,42,-0.5272727272727272,205077
2026-08-10 13:31:33.323933,NSE:LAXMIDENTL-EQ,216.8,6,10,43,6.0,110.76744186046511,0.054167541465462946,4763,6763,8819,46,14,0.5333333333333333,65809
2026-08-10 13:31:30.804120,NSE:LAXMIINDIA-BE,135.75,1,8,29,1.0,117.41379310344827,0.008516886930983847,3405,3927,7110,1,50,-0.9607843137254902,55298
2026-08-10 13:31:35.854064,NSE:LEMONTREE-EQ,108.26,53,66,163,104.68181818181819,53.54601226993865,1.954988125989501,8728,20354,96416,1,326,-0.9938837920489296,4625161
2026-08-10 13:29:09.935107,NSE:LFIC-EQ,141.99,3,0,1,,3.0,0.0,3,9,27,2,4,-0.3333333333333333,195
2026-08-10 13:21:57.211786,NSE:LGHL-EQ,200.94,4,0,0,,,0.0,0,8,40,1,1,0.0,8726
2026-08-10 13:31:01.406762,NSE:LIBERTSHOE-EQ,262.35,6,5,8,6.0,6.75,0.8888888888888888,54,90,730,3,2,0.2,7359
2026-08-10 13:31:34.727936,NSE:LICI-EQ,395.0,1,87,228,42.93103448275862,41.25877192982456,1.0405310792036744,9407,17216,75693,1364,7930,-0.706477297180977,14858832
2026-08-10 13:31:23.061830,NSE:LICMFGOLD-EQ,136.1,5,5,15,74.0,261.0,0.2835249042145594,3915,3926,6192,2,432,-0.9907834101382489,208675
2026-08-10 13:31:34.744061,NSE:LICNETFN50-EQ,276.22,30,46,113,30.0,30.0,1.0,3390,5880,14319,537,12957,-0.9204090706980881,247
2026-08-10 13:31:29.877623,NSE:LICNFNHGP-EQ,282.06,1,25,70,1.0,1.0,1.0,70,120,540,486,45,0.8305084745762712,93
2026-08-10 13:31:07.837694,NSE:LICNMID100-EQ,64.02,18,15,43,6.666666666666667,5.348837209302325,1.246376811594203,230,735,1027,146089,29,0.9996030605401114,3497
2026-08-10 13:31:36.140196,NSE:LIKHITHA-EQ,227.0,19,3,11,19.0,18.272727272727273,1.0398009950248757,201,209,4183,10,3,0.5384615384615384,42424
2026-08-10 13:31:31.564139,NSE:LINC-EQ,99.01,41,18,51,41.0,25.823529411764707,1.5876993166287015,1317,1484,2038,4,2,0.3333333333333333,16760
2026-08-10 13:31:35.177843,NSE:LIQUIDCASE-EQ,115.4,149,46,109,573.7826086956521,541.0825688073395,1.0604344729869795,58978,108628,720858,62300656,4216,0.9998646654791298,14714849
2026-08-10 13:21:55.050345,NSE:LLOYDS-ST,70.0,1000,0,0,,,0.0,0,2000,5000,1000,1000,0.0,5000
2026-08-10 13:31:36.449681,NSE:LLOYDSENGG-EQ,95.55,40,57,139,222.10526315789474,203.66187050359713,1.0905588886554582,28309,65652,229732,271,1383,-0.6723095525997581,16588599
2026-08-10 13:31:24.315850,NSE:LLOYDSENT-EQ,82.05,100,30,63,141.96666666666667,105.76190476190476,1.3423232778027916,6663,9309,99662,5,273,-0.9640287769784173,3791243
2026-08-10 13:30:55.971411,NSE:LOKESHMACH-BE,351.25,50,1,1,50.0,50.0,0.0,50,150,255,27389,0,1.0,14088
2026-08-10 13:31:13.748224,NSE:LORDSCHLO-EQ,145.29,18,4,13,18.0,18.0,1.0,234,544,918,2,4,-0.3333333333333333,13013
2026-08-10 13:31:34.874121,NSE:LOTUSDEV-EQ,184.98,10,42,88,438.4761904761905,387.4318181818182,1.1317505942953237,34094,107941,651058,471,471,0.0,3864744
2026-08-10 13:29:01.033993,NSE:LOTUSEYE-EQ,116.0,50,0,1,,50.0,0.0,50,1497,4377,1,1,0.0,6641
2026-08-10 13:29:18.211115,NSE:LOVABLE-EQ,72.37,199,0,1,,199.0,0.0,199,597,2190,94,3,0.9381443298969072,9525
2026-08-10 13:31:34.633773,NSE:LOWVOL-EQ,213.52,2,40,96,2.0,2.0,1.0,192,334,1362,50,14906,-0.9933137202460551,112
2026-08-10 13:30:25.956336,NSE:LOYALTEX-EQ,213.1,94,1,4,94.0,79.5,0.0,318,498,754,2,6,-0.5,310
2026-08-10 13:21:56.563763,NSE:LRRPL-SM,84.85,1500,0,0,,,0.0,0,3000,6000,1500,1500,0.0,3000
2026-08-10 13:31:34.967400,NSE:LTF-EQ,313.9,4,68,230,8.485294117647058,9.92608695652174,0.8548478524129756,2283,4892,37655,56,410,-0.759656652360515,1827842
2026-08-10 13:31:35.896195,NSE:LTFOODS-EQ,426.9,3,35,94,3.2857142857142856,10.797872340425531,0.304292751583392,1015,1381,4458,6,1,0.7142857142857143,144186
2026-08-10 13:30:26.487817,NSE:LTGILTBEES-EQ,30.07,1,2,5,1.0,28.4,0.0,142,162,88751,324690,7495,0.9548745427999458,1472548
2026-08-10 13:29:41.624086,NSE:LTGILTCASE-EQ,30.61,165,2,2,165.0,165.0,0.0,330,386,15435,35482,557,0.9690890424262605,132191
2026-08-10 13:31:34.726409,NSE:LXCHEM-EQ,179.15,194,22,61,25.181818181818183,134.45901639344262,0.1872824809913325,8202,21456,52946,61,50,0.0990990990990991,622845
2026-08-10 13:21:53.835241,NSE:LYKALABS-BE,68.07,45,0,0,,,0.0,0,90,6290,12547,0,1.0,3407
2026-08-10 13:31:36.427450,NSE:M&MFIN-EQ,411.45,5,101,227,5.871287128712871,8.123348017621145,0.7227669079272352,1844,3167,29191,225,64,0.5570934256055363,2935227
2026-08-10 13:30:34.296688,NSE:MAANALU-EQ,124.39,5,3,4,5.0,4.25,0.0,17,28,495,49,4,0.8490566037735849,16960
2026-08-10 13:21:57.913844,NSE:MACOBSTECH-SM,209.05,800,0,0,,,0.0,0,1600,4800,800,800,0.0,4800
2026-08-10 13:30:47.144288,NSE:MADHAV-EQ,33.92,1,2,10,1.0,17.2,0.0,172,176,266,29,20,0.1836734693877551,261
2026-08-10 13:21:55.186163,NSE:MADHAVBAUG-ST,180.9,400,0,0,,,0.0,0,800,1600,400,400,0.0,0
2026-08-10 13:29:04.009854,NSE:MADHUSUDAN-ST,231.0,1000,0,2,,1000.0,0.0,2000,4000,14000,1000,1000,0.0,7000
2026-08-10 13:30:29.895750,NSE:MADRASFERT-EQ,66.69,1,3,5,4.0,2.8,1.4285714285714286,14,23,1958,40,1,0.9512195121951219,20209
2026-08-10 13:31:33.854044,NSE:MAFANG-EQ,206.32,92,18,46,92.0,248.69565217391303,0.36993006993006994,11440,13305,35580,647827,0,1.0,63000
2026-08-10 13:31:35.183946,NSE:MAFATIND-EQ,129.08,1,23,29,54.56521739130435,43.48275862068966,1.254870185842844,1261,2476,7601,18,13,0.16129032258064516,67811
2026-08-10 13:28:58.983780,NSE:MAGSON-SM,187.0,1000,0,1,,1000.0,0.0,1000,7000,13000,1000,3000,-0.5,8000
2026-08-10 13:31:36.125947,NSE:MAHABANK-EQ,78.5,129,79,208,31.063291139240505,28.826923076923077,1.0775791455907313,5996,13071,74811,2452,5000,-0.34192163177670426,5594198
2026-08-10 13:31:12.143714,NSE:MAHAPEXLTD-EQ,48.84,11,8,14,9.625,5.928571428571429,1.6234939759036144,83,520,8165,1,2,-0.3333333333333333,74176
2026-08-10 13:30:55.841634,NSE:MAHEPC-EQ,109.18,1,5,16,1.0,1.0,1.0,16,344,497,20,7,0.48148148148148145,8492
2026-08-10 13:30:01.333854,NSE:MAHESHWARI-BE,73.0,700,1,4,700.0,550.0,0.0,2200,2320,4020,2000,146,0.863932898415657,2465
2026-08-10 13:29:24.996675,NSE:MAHICKRA-SM,255.3,750,0,7,,750.0,0.0,5250,6750,19500,750,750,0.0,750
2026-08-10 13:31:29.373757,NSE:MAHLIFE-EQ,387.9,12,8,18,15.75,20.444444444444443,0.7703804347826088,368,649,1900,45,36,0.1111111111111111,106385
2026-08-10 13:31:27.493661,NSE:MAHLOG-EQ,412.0,412,17,34,220.35294117647058,110.67647058823529,1.9909646558596865,3763,4015,6696,41,293,-0.7544910179640718,211113
2026-08-10 13:25:33.002176,NSE:MAITREYA-SM,124.3,400,0,0,,,0.0,0,1600,4800,400,400,0.0,0
2026-08-10 13:28:58.253728,NSE:MAJESAUT-BE,443.8,3,0,14,,2.857142857142857,0.0,40,62,445,0,10745,-1.0,8431
2026-08-10 13:31:29.343733,NSE:MAKEINDIA-EQ,169.98,1,42,108,79.4047619047619,214.21296296296296,0.3706814041804316,23135,46835,89817,28,30,-0.034482758620689655,59557
2026-08-10 13:22:38.283152,NSE:MAL-SM,32.0,1600,0,0,,,0.0,0,4800,57600,1600,1600,0.0,25600
2026-08-10 13:30:11.191988,NSE:MALUPAPER-EQ,32.35,1,1,6,1.0,1.0,0.0,6,9,47,1,50,-0.9607843137254902,12570
2026-08-10 13:31:16.665872,NSE:MAMATA-EQ,421.65,30,6,35,30.0,21.314285714285713,1.4075067024128687,746,782,1335,2,2,0.0,40994
2026-08-10 13:31:34.543752,NSE:MANAKALUCO-EQ,45.82,13,14,51,92.5,102.84313725490196,0.8994280266920877,5245,16583,41991,1000,78,0.8552875695732839,1758555
2026-08-10 13:31:01.591762,NSE:MANAKCOAT-EQ,115.84,15,7,14,15.0,18.071428571428573,0.8300395256916996,253,329,6843,2,15,-0.7647058823529411,283505
2026-08-10 13:31:15.333841,NSE:MANAKSIA-EQ,58.99,17,5,10,14.6,7.8,1.8717948717948718,78,82,786,6,3,0.3333333333333333,37982
2026-08-10 13:30:45.263963,NSE:MANAKSTEEL-EQ,81.26,154,6,10,154.0,172.0,0.8953488372093024,1720,5232,22187,14,4,0.5555555555555556,91036
2026-08-10 13:28:38.297837,NSE:MANALIPETC-EQ,65.06,30,0,5,,30.0,0.0,150,2130,7056,6,5,0.09090909090909091,184501
2026-08-10 13:31:36.373810,NSE:MANAPPURAM-EQ,367.65,9,65,162,23.43076923076923,25.209876543209877,0.9294281624350184,4084,6186,54973,72,25,0.4845360824742268,1914458
2026-08-10 13:31:32.007889,NSE:MANBA-EQ,132.0,1,16,16,1.0,1.0,1.0,16,645,726,20,6,0.5384615384615384,19791
2026-08-10 13:31:17.243941,NSE:MANCREDIT-EQ,235.69,2,11,21,2.0,2.0,1.0,42,540,7456,2,4,-0.3333333333333333,238246
2026-08-10 13:21:57.118265,NSE:MANILAM-SM,49.0,2000,0,0,,,0.0,0,4000,8000,2000,2000,0.0,0
2026-08-10 13:31:36.507090,NSE:MANINFRA-EQ,115.94,30,36,97,253.05555555555554,785.0309278350516,0.3223510648853402,76148,92786,303289,70,5,0.8666666666666667,2465616
2026-08-10 13:29:15.247971,NSE:MANOMAY-EQ,217.98,1,0,6,,21.0,0.0,126,153,545,6,1,0.7142857142857143,48727
2026-08-10 13:31:32.467948,NSE:MANORG-BE,454.0,1,1,9,1.0,1.1111111111111112,0.0,10,210,6779,1,14,-0.8666666666666667,5359
2026-08-10 13:31:28.890224,NSE:MANUFGBEES-EQ,167.85,50,24,62,50.0,50.0,1.0,3100,5550,10449,1550,106,0.8719806763285024,4312
2026-08-10 13:30:10.673850,NSE:MARALOVER-BE,53.24,50,1,5,50.0,50.0,0.0,250,400,4947,10,50,-0.6666666666666666,11012
2026-08-10 13:31:23.585473,NSE:MARATHON-EQ,387.6,1,11,24,3.1818181818181817,3.625,0.8777429467084639,87,147,1682,1,3,-0.5,40015
2026-08-10 13:24:42.149499,NSE:MARC-SM,131.95,1200,0,0,,,0.0,0,3600,6000,1200,1200,0.0,10800
2026-08-10 13:21:54.758407,NSE:MARCO-SM,32.2,1500,0,0,,,0.0,0,3000,19500,1500,3000,-0.3333333333333333,7500
2026-08-10 13:31:35.193738,NSE:MARINE-EQ,353.9,8,46,111,46.54347826086956,38.16216216216216,1.2196237221332675,4236,15006,39462,14,40,-0.48148148148148145,1364138
2026-08-10 13:31:06.505492,NSE:MARKOLINES-EQ,181.55,100,5,14,61.0,36.92857142857143,1.6518375241779497,517,535,30585,500,15,0.941747572815534,129156
2026-08-10 13:31:36.236163,NSE:MARKSANS-EQ,271.7,47,46,97,31.652173913043477,28.216494845360824,1.121761369954409,2737,12946,26921,263,5,0.9626865671641791,488132
2026-08-10 13:31:31.544013,NSE:MARSONS-EQ,104.52,50,11,30,27.636363636363637,57.96666666666667,0.4767630299545193,1739,6304,32675,200,434,-0.36908517350157727,1032859
2026-08-10 13:29:35.920576,NSE:MARUSHIKA-SM,111.0,1200,0,1,,1200.0,0.0,1200,6000,28800,1200,1200,0.0,16800
2026-08-10 13:31:26.284330,NSE:MASFIN-EQ,301.5,32,8,15,32.0,31.266666666666666,1.023454157782516,469,508,3558,16,104,-0.7333333333333333,102917
2026-08-10 13:21:54.464798,NSE:MASKINVEST-BE,158.57,2,0,0,,,0.0,0,4,10,5,91,-0.8958333333333334,2
2026-08-10 13:21:56.064876,NSE:MASON-SM,116.15,500,0,0,,,0.0,0,1000,2500,1000,500,0.3333333333333333,1000
2026-08-10 13:31:24.263675,NSE:MASPTOP50-EQ,80.65,500,10,20,500.0,400.4,1.2487512487512489,8008,23020,33928,330749,0,1.0,28329
2026-08-10 13:21:56.864074,NSE:MASTER-SM,500.0,1500,0,0,,,0.0,0,3000,7500,500,500,0.0,1500
2026-08-10 13:31:36.826081,NSE:MASTERTR-EQ,81.15,35,32,93,165.5,132.61290322580646,1.2479931890051081,12333,14659,43667,1,72,-0.9726027397260274,158720
2026-08-10 13:31:25.305825,NSE:MATRIMONY-EQ,476.2,42,5,12,25.6,11.416666666666666,2.242335766423358,137,179,1672,11,5,0.375,59495
2026-08-10 13:31:34.326463,NSE:MAWANASUG-EQ,119.06,9,38,94,3.789473684210526,4.627659574468085,0.8188747731397459,435,1368,23903,200,9,0.9138755980861244,488841
2026-08-10 13:30:29.528273,NSE:MAXESTATES-EQ,415.15,3,7,22,3.0,3.0,1.0,66,109,4283,10,25,-0.42857142857142855,54382
2026-08-10 13:31:15.393946,NSE:MAXIND-EQ,169.65,3,3,14,2.3333333333333335,1.2857142857142858,1.8148148148148149,18,755,12950,2,5,-0.42857142857142855,38182
2026-08-10 13:31:27.362730,NSE:MAXPOSURE-SM,33.5,1000,1,1,1000.0,1000.0,0.0,1000,3000,6000,1000,1000,0.0,2000
2026-08-10 13:28:10.794253,NSE:MAXVOLT-ST,333.0,400,0,1,,400.0,0.0,400,2000,7600,400,1600,-0.6,24800
2026-08-10 13:23:37.380129,NSE:MAYASHEEL-SM,39.5,3000,0,0,,,0.0,0,9000,18000,3000,3000,0.0,0
2026-08-10 13:31:32.738105,NSE:MAZDA-BE,236.2,2,6,15,1.6666666666666667,4.066666666666666,0.40983606557377056,61,73,222,20,8,0.42857142857142855,3894
2026-08-10 13:31:30.781733,NSE:MBAPL-EQ,163.7,4,9,21,11.0,44.095238095238095,0.24946004319654427,926,1243,10429,79,221,-0.47333333333333333,302897
2026-08-10 13:31:36.333048,NSE:MBEL-EQ,283.65,1,75,155,30.133333333333333,56.67741935483871,0.5316638209068487,8785,14251,86636,32,22,0.18518518518518517,1019941
2026-08-10 13:31:16.775803,NSE:MCL-EQ,58.99,9,10,13,6.0,20.846153846153847,0.2878228782287823,271,531,3204,144,1000,-0.7482517482517482,66325
2026-08-10 13:26:47.333865,NSE:MCLEODRUSS-BE,51.49,250,0,2,,250.0,0.0,500,1050,5860,46644,0,1.0,227527
2026-08-10 13:29:06.468127,NSE:MCON-SM,41.6,2000,0,1,,2000.0,0.0,2000,8000,14000,1000,1000,0.0,2000
2026-08-10 13:21:55.797872,NSE:MDL-ST,63.75,1000,0,0,,,0.0,0,2000,4000,2000,2000,0.0,0
2026-08-10 13:31:36.845786,NSE:MEDIASSIST-EQ,353.6,5,19,62,19.263157894736842,14.193548387096774,1.357177033492823,880,2347,8282,13,2,0.7333333333333333,422994
2026-08-10 13:28:40.172457,NSE:MEDICAMEQ-EQ,233.0,70,0,7,,34.0,0.0,238,311,793,3,1,0.5,11201
2026-08-10 13:29:44.793837,NSE:MEDICO-EQ,46.01,100,1,3,100.0,100.0,0.0,300,310,398,100,36,0.47058823529411764,399563
2026-08-10 13:31:35.013883,NSE:MEESHO-EQ,192.1,168,78,263,441.46153846153845,297.52851711026614,1.4837621037109856,78250,139842,340345,234,407,-0.2698907956318253,8231851
2026-08-10 13:21:55.662058,NSE:MEGAFLEX-SM,100.0,1000,0,0,,,0.0,0,2000,6000,0,3000,-1.0,0
2026-08-10 13:30:31.163959,NSE:MEGASTAR-EQ,321.0,1,1,2,1.0,1.0,0.0,2,7,438,6,2,0.5,2605
2026-08-10 13:30:47.933807,NSE:MEGATHERM-SM,204.0,400,3,6,400.0,400.0,1.0,2400,3200,9600,400,400,0.0,14400
2026-08-10 13:29:40.476260,NSE:MEIL-EQ,274.2,1,1,9,1.0,2.7777777777777777,0.0,25,123,1316,3,7,-0.4,23893
2026-08-10 13:27:50.123809,NSE:MENNPIS-EQ,75.2,12,0,2,,18.5,0.0,37,157,2303,8,63,-0.7746478873239436,35960
2026-08-10 13:31:25.206099,NSE:MENONBE-BE,248.75,100,2,6,100.0,100.0,0.0,600,2442,6983,300,1126,-0.5792426367461431,68067
2026-08-10 13:30:52.977781,NSE:MERCURYEV-EQ,35.18,2,4,9,2.0,84.0,0.023809523809523808,756,913,116148,11,46,-0.6140350877192983,120747
2026-08-10 13:31:12.023784,NSE:METALIC-ST,108.6,1600,3,3,1600.0,1600.0,0.0,4800,12800,54400,1600,1600,0.0,280000
2026-08-10 13:21:57.262983,NSE:METROGLOBL-EQ,130.1,47,0,0,,,0.0,0,94,987,1,15,-0.875,1448
2026-08-10 13:21:56.551044,NSE:MGSL-SM,73.95,1200,0,0,,,0.0,0,2400,38400,1200,1200,0.0,6000
2026-08-10 13:21:57.936177,NSE:MHHL-SM,35.15,3000,0,0,,,0.0,0,6000,12000,1500,1500,0.0,0
2026-08-10 13:31:33.353875,NSE:MHLXMIRU-EQ,155.0,100,3,9,100.0,50.0,2.0,450,662,672,200,12,0.8867924528301887,7473
2026-08-10 13:31:35.904088,NSE:MHRIL-EQ,230.0,2,18,46,2.2777777777777777,1.673913043478261,1.3607503607503606,77,139,1621,19,16,0.08571428571428572,105062
2026-08-10 13:31:00.582389,NSE:MICEL-BE,37.0,1,4,16,26.0,117.75,0.2208067940552017,1884,3300,18700,1031,329,0.5161764705882353,98419
2026-08-10 13:31:32.984060,NSE:MID150BEES-EQ,243.34,1,53,137,124.15094339622641,66.2043795620438,1.8752678329970252,9070,11279,134996,82,1246,-0.8765060240963856,597132
2026-08-10 13:31:34.753753,NSE:MIDCAPBETA-EQ,237.97,21,40,102,27.825,21.352941176470587,1.303099173553719,2178,2255,2748,671,2000,-0.49756645451141895,1149
2026-08-10 13:31:34.326463,NSE:MIDHANI-EQ,438.5,15,16,51,29.6875,25.764705882352942,1.1522545662100456,1314,3078,16005,41,113,-0.4675324675324675,532066
2026-08-10 13:31:34.403757,NSE:MIDSMALL-EQ,52.43,2,48,108,151.6875,198.4351851851852,0.7644183659185292,21431,175595,499356,97357,195,0.9960021321961621,137179
2026-08-10 13:27:45.599596,NSE:MILTON-SM,35.55,2200,0,1,,2200.0,0.0,2200,6600,11000,13200,0,1.0,6600
2026-08-10 13:21:58.936582,NSE:MINDPOOL-SM,71.1,1000,0,0,,,0.0,0,2000,4000,0,4000,-1.0,0
2026-08-10 13:31:36.864103,NSE:MINDSPACE-RR,495.5,1,36,106,2.4166666666666665,2.452830188679245,0.9852564102564102,260,1323,12447,7,16,-0.391304347826087,325486
2026-08-10 13:31:26.367875,NSE:MINDTECK-EQ,192.7,5,3,4,19.333333333333332,26.5,0.0,106,272,1037,5,7,-0.16666666666666666,17565
2026-08-10 13:30:40.967048,NSE:MIRZAINT-EQ,33.22,100,3,11,71.0,52.27272727272727,1.3582608695652174,575,2949,7639,56,81,-0.18248175182481752,92640
2026-08-10 13:26:55.960439,NSE:MITCON-BE,80.0,11,0,1,,11.0,0.0,11,44,58,100,1109,-0.8345740281224152,2187
2026-08-10 13:31:36.390066,NSE:MMP-EQ,335.95,10,87,264,5.712643678160919,33.99242424242424,0.1680563774275109,8974,24008,25841,2,2,0.0,216606
2026-08-10 13:31:30.787177,NSE:MMTC-EQ,64.36,25,19,53,71.52631578947368,91.0,0.7860034702139965,4823,15048,87730,545,144,0.5820029027576198,1825281
2026-08-10 13:31:32.787715,NSE:MNC-EQ,35.0,68,25,54,64.4,145.55555555555554,0.4424427480916031,7860,18321,103722,43929,2547,0.8903950426026336,54091
2026-08-10 13:31:33.633951,NSE:MOALPHA50-EQ,56.27,10,22,53,10.0,10.0,1.0,530,1020,114460,4,231,-0.9659574468085106,12196
2026-08-10 13:31:36.501983,NSE:MOBIKWIK-EQ,205.29,766,46,107,107.5,62.76635514018692,1.7127010125074449,6716,12740,54398,27,1,0.9285714285714286,1980174
2026-08-10 13:21:57.206024,NSE:MOBILISE-ST,118.4,1600,0,0,,,0.0,0,3200,11200,1600,1600,0.0,4800
2026-08-10 13:31:32.463704,NSE:MOCAPITAL-EQ,53.36,1,26,84,39.07692307692308,737.1666666666666,0.053009617558566244,61922,95921,332403,10,10686,-0.9981301421091997,3063986
2026-08-10 13:31:32.937965,NSE:MODEFENCE-EQ,106.82,235,46,123,176.84782608695653,220.71544715447155,0.8012480701597043,27148,36545,132862,922,376,0.4206471494607088,1053407
2026-08-10 13:28:33.893960,NSE:MODINATUR-BE,394.0,39,0,3,,39.0,0.0,117,237,295,6,2,0.5,1172
2026-08-10 13:28:44.884011,NSE:MODIRUBBER-EQ,124.4,14,0,3,,9.666666666666666,0.0,29,109,173,8,10,-0.1111111111111111,962
2026-08-10 13:30:55.098775,NSE:MODIS-EQ,391.5,18,4,4,18.0,18.0,0.0,72,93,386,9,3,0.5,8742
2026-08-10 13:30:24.221495,NSE:MODISONLTD-BE,292.85,1,1,6,1.0,50.5,0.0,303,1920,2468,17584,0,1.0,88558
2026-08-10 13:29:41.547829,NSE:MODTHREAD-EQ,47.0,45,1,2,45.0,45.0,0.0,90,180,1402,9,45,-0.6666666666666666,1847
2026-08-10 13:31:34.347999,NSE:MOENERGY-EQ,38.88,3,11,39,22.636363636363637,14.692307692307692,1.540694907187054,573,3477,17323,200,1345,-0.7411003236245954,86692
2026-08-10 13:31:23.221864,NSE:MOGOLD-EQ,149.35,1,19,39,25.63157894736842,39.666666666666664,0.6461742591773552,1547,1792,19248,92,9615,-0.9810446069846502,34868
2026-08-10 13:22:02.733920,NSE:MOGSEC-EQ,66.23,49,0,0,,,0.0,0,120,609,196,23,0.7899543378995434,3436
2026-08-10 13:31:23.703871,NSE:MOHEALTH-EQ,52.1,1,22,56,9.045454545454545,17.035714285714285,0.5309700781398895,954,1385,9707,46,647,-0.8672438672438673,39273
2026-08-10 13:31:29.373757,NSE:MOIL-EQ,283.1,91,34,72,48.44117647058823,29.444444444444443,1.6451720310765816,2120,3725,24531,259,21,0.85,433663
2026-08-10 13:31:34.703910,NSE:MOINFRA-EQ,60.3,33,30,64,30.333333333333332,24.484375,1.2388853435439269,1567,3176,11365,20,855,-0.9542857142857143,2031
2026-08-10 13:29:46.688592,NSE:MOIPO-EQ,48.33,232,2,20,232.0,232.0,0.0,4640,10904,12911,8937,60,0.9866622207402468,1516
2026-08-10 13:31:19.543947,NSE:MOL-EQ,55.3,1,20,42,24.1,29.357142857142858,0.8209245742092458,1233,13399,50769,123,96,0.1232876712328767,1671314
2026-08-10 13:31:34.934031,NSE:MOLDTECH-EQ,194.76,1,31,55,40.516129032258064,34.96363636363636,1.1588076426282858,1923,2655,4926,23,14,0.24324324324324326,520455
2026-08-10 13:31:28.203723,NSE:MOLOWVOL-EQ,37.62,3,11,21,3.0,3.0,1.0,63,135,5283,74887,1064,0.9719819357217153,892
2026-08-10 13:31:33.933846,NSE:MOM100-EQ,68.93,14,43,84,74.27906976744185,42.20238095238095,1.760068225801161,3545,28232,44878,4460,981,0.6394045212277155,293279
2026-08-10 13:31:34.435424,NSE:MOM30IETF-EQ,31.89,6,42,102,72.57142857142857,67.3529411764706,1.07747972551466,6870,12236,375255,1343388,3942,0.9941484268887355,732837
2026-08-10 13:31:33.263847,NSE:MOM50-EQ,258.06,1,32,82,2.125,6.926829268292683,0.3067781690140845,568,1228,6677,500,24386,-0.9598167644458732,1609
2026-08-10 13:31:33.383899,NSE:MOMENTUM-EQ,31.76,157,28,66,199.14285714285714,96.22727272727273,2.069505364734462,6351,48506,207170,310,41,0.7663817663817664,30314
2026-08-10 13:31:28.233930,NSE:MOMENTUM30-EQ,31.32,150,21,54,150.0,150.0,1.0,8100,23450,65612,372699,60,0.9996780761832712,18574
2026-08-10 13:31:33.673903,NSE:MOMENTUM50-EQ,54.35,1273,24,53,436.0416666666667,210.49056603773585,2.0715496892554084,11156,32135,111359,1339,756,0.2782816229116945,326442
2026-08-10 13:31:29.413646,NSE:MOMGF-EQ,166.93,5,21,49,5.0,5.0,1.0,245,440,2870,1000,2,0.9960079840319361,513
2026-08-10 13:31:33.923710,NSE:MOMIDMTM-EQ,65.2,1,21,39,54.04761904761905,30.94871794871795,1.746360516037401,1207,2120,34938,51,135,-0.45161290322580644,88968
2026-08-10 13:31:09.199931,NSE:MOMNC-EQ,33.88,15,7,22,15.0,15.0,1.0,330,608,82857,9512,1955,0.6590215400715096,23571
2026-08-10 13:31:34.273843,NSE:MOMOMENTUM-EQ,63.45,67,27,54,57.370370370370374,36.18518518518518,1.5854657113613102,1954,8097,95095,17341,205,0.9766328507922033,69896
2026-08-10 13:31:33.950775,NSE:MON100-EQ,328.08,3,35,77,963.6285714285714,544.3766233766233,1.770150535582222,41917,47659,82611,1718302,0,1.0,89551
2026-08-10 13:31:29.337664,NSE:MON50EQUAL-EQ,34.28,10,5,15,10.0,10.0,1.0,150,468,7908,9502,6114,0.21695696721311475,8414
2026-08-10 13:31:26.297700,NSE:MONARCH-EQ,391.9,38,14,23,22.285714285714285,56.869565217391305,0.3918741808650065,1308,1958,5839,185,9,0.9072164948453608,81780
2026-08-10 13:31:33.285821,NSE:MONEXT50-EQ,74.77,10,12,38,10.0,10.0,1.0,380,13534,13887,1,2,-0.3333333333333333,8924
2026-08-10 13:21:54.265461,NSE:MONEYBOXX-EQ,61.0,47,0,0,,,0.0,0,94,564,163,2,0.9757575757575757,1781
2026-08-10 13:31:32.803711,NSE:MONQ50-EQ,144.74,7,9,21,7.0,7.0,1.0,147,963,1149,276020,0,1.0,9228
2026-08-10 13:31:09.877037,NSE:MONTECARLO-EQ,510.35,15,13,33,15.923076923076923,18.09090909090909,0.8801700811751063,597,668,11857,3,22,-0.76,36085
2026-08-10 13:31:34.934031,NSE:MOPSE-EQ,100.27,10,27,69,10.0,10.0,1.0,690,1330,25505,25,768,-0.9369482976040353,1364
2026-08-10 13:31:34.304108,NSE:MOQUALITY-EQ,207.71,1,43,113,1.0,1.0,1.0,113,188,2364,39371,20674,0.31138312931967693,6813
2026-08-10 13:31:33.964030,NSE:MOREALTY-EQ,90.41,2,42,111,299.3809523809524,283.0450450450451,1.0577148677282358,31418,62260,220967,100,50,0.3333333333333333,526831
2026-08-10 13:31:36.836194,NSE:MOREPENLAB-EQ,79.62,49,58,163,267.3103448275862,487.6319018404908,0.5481805924072336,79484,114854,335047,891,1244,-0.16533957845433256,11124974
2026-08-10 13:31:36.163913,NSE:MOSCHIP-EQ,205.25,6,38,81,39.921052631578945,43.925925925925924,0.9088266619330789,3558,5778,23265,23,33,-0.17857142857142858,764171
2026-08-10 13:31:18.347836,NSE:MOSERVICE-EQ,31.55,200,7,28,200.0,200.0,1.0,5600,9000,9114,20,2000,-0.9801980198019802,8457
2026-08-10 13:31:36.208111,NSE:MOSILVER-EQ,228.5,1,56,165,1.0,1.0,1.0,165,771,6862,4,3142,-0.9974570883661793,45068
2026-08-10 13:31:36.753917,NSE:MOTHERSON-EQ,169.05,1,169,413,60.11834319526627,72.57627118644068,0.8283470921346824,29974,49386,140482,392,176,0.38028169014084506,22605909
2026-08-10 13:31:33.863879,NSE:MOTOUR-EQ,80.84,574,38,96,574.0,574.0,1.0,55104,97050,134031,2537,29,0.9773967264224473,22873
2026-08-10 13:31:32.467948,NSE:MOVALUE-EQ,115.07,5,25,79,21.32,59.45569620253165,0.3585863317010858,4697,9627,33270,49,1,0.96,38669
2026-08-10 13:21:54.040038,NSE:MOXSH-SM,106.0,1600,0,0,,,0.0,0,3200,6400,1600,1600,0.0,0
2026-08-10 13:21:54.599280,NSE:MPEL-ST,36.75,14400,0,0,,,0.0,0,28800,86400,1600,1600,0.0,0
2026-08-10 13:21:56.853959,NSE:MPTODAY-SM,46.0,2000,0,0,,,0.0,0,4000,8000,0,4000,-1.0,0
2026-08-10 13:21:57.717916,NSE:MRIL-ST,69.9,1600,0,0,,,0.0,0,3200,6400,1600,1600,0.0,0
2026-08-10 13:31:34.924007,NSE:MRPL-EQ,163.4,1,41,104,154.29268292682926,81.01923076923077,1.9043958016128937,8426,14035,60051,1482,1024,0.1827613727055068,1680860
2026-08-10 13:31:34.504047,NSE:MSCIADD-EQ,30.15,37,17,34,37.0,37.0,1.0,1258,2849,12913,29864,100,0.9933253237217995,205
2026-08-10 13:31:27.955868,NSE:MSCIINDIA-EQ,30.49,6,8,24,6.0,20.125,0.2981366459627329,483,810,2201,58475,943,0.9682587768016426,12317
2026-08-10 13:31:30.607370,NSE:MSPL-EQ,35.36,111,9,16,39.44444444444444,53.1875,0.741611176393785,851,872,18770,34,149,-0.6284153005464481,269436
2026-08-10 13:31:34.724044,NSE:MSUMI-EQ,41.41,5,64,160,44.953125,28.89375,1.5558079169370538,4623,9774,55728,360,1847,-0.6737652922519257,3797642
2026-08-10 13:31:35.118941,NSE:MUFIN-EQ,137.15,9,14,31,71.92857142857143,79.19354838709677,0.9082630200756474,2455,3141,21948,500,42,0.8450184501845018,350456
2026-08-10 13:31:30.249910,NSE:MUFTI-EQ,87.69,1,7,32,1.0,22.65625,0.044137931034482755,725,1046,21008,10,10,0.0,178709
2026-08-10 13:31:08.363679,NSE:MUKANDLTD-EQ,141.48,5,1,3,5.0,5.0,0.0,15,49,4155,15,39,-0.4444444444444444,89294
2026-08-10 13:29:59.743867,NSE:MUKTAARTS-BE,55.0,100,1,2,100.0,100.0,0.0,200,2400,12975,50,2429,-0.9596611536910045,8288
2026-08-10 13:21:56.253819,NSE:MUNISH-SM,85.25,1200,0,0,,,0.0,0,2400,8400,1200,1200,0.0,16800
2026-08-10 13:31:17.483912,NSE:MUNJALAU-EQ,102.82,2,3,13,2.0,12.23076923076923,0.16352201257861637,159,548,2179,6,416,-0.9715639810426541,162822
2026-08-10 13:31:24.390127,NSE:MUNJALSHOW-EQ,135.9,100,18,23,14.0,12.478260869565217,1.1219512195121952,287,336,14903,45,12,0.5789473684210527,60093
2026-08-10 13:31:34.006546,NSE:MURUDCERA-EQ,31.9,83,3,3,122.0,122.0,0.0,366,4446,6490,30,3627,-0.9835931091058244,18868
2026-08-10 13:30:05.043717,NSE:MUTHOOTCAP-EQ,258.72,1,7,12,1.0,7.666666666666667,0.13043478260869565,92,120,692,31,2,0.8787878787878788,10278
2026-08-10 13:31:34.600671,NSE:MUTHOOTMF-EQ,217.2,66,27,51,95.74074074074075,55.19607843137255,1.7345569370436158,2815,15082,23389,11,21,-0.3125,450333
2026-08-10 13:28:21.587762,NSE:MVGJL-EQ,172.38,7,0,3,,7.0,0.0,21,1239,6229,5,3,0.25,33139
2026-08-10 13:29:56.487983,NSE:MVKAGRO-SM,254.2,900,2,2,900.0,900.0,0.0,1800,5400,39600,123300,0,1.0,484500
2026-08-10 13:31:06.793923,NSE:MWL-EQ,41.29,11,7,18,14.285714285714286,58.5,0.24420024420024422,1053,2689,22695,9116,401,0.9157297467689398,269137
2026-08-10 13:30:33.587853,NSE:MYMUDRA-SM,77.1,1200,1,1,1200.0,1200.0,0.0,1200,3600,13200,1200,1200,0.0,3600
2026-08-10 13:31:34.565866,NSE:NACLIND-EQ,178.95,4,20,51,103.45,61.03921568627451,1.694812078380983,3113,3438,11281,25,6,0.6129032258064516,666767
2026-08-10 13:28:40.017651,NSE:NAHARCAP-EQ,266.0,25,0,1,,25.0,0.0,25,152,3945,1,21,-0.9090909090909091,4662
2026-08-10 13:29:27.619952,NSE:NAHARINDUS-EQ,132.5,5,0,4,,3.0,0.0,12,19,3038,9,295,-0.9407894736842105,131166
2026-08-10 13:21:53.593221,NSE:NAHARPOLY-EQ,238.0,80,0,0,,,0.0,0,160,1716,3,10,-0.5384615384615384,21654
2026-08-10 13:29:47.815950,NSE:NAHARSPING-EQ,314.15,14,1,5,14.0,12.6,0.0,63,562,1727,4,8,-0.3333333333333333,24569
2026-08-10 13:21:53.665858,NSE:NAMAN-SM,42.15,1600,0,0,,,0.0,0,3200,8000,800,800,0.0,4000
2026-08-10 13:21:56.295023,NSE:NAMOEWASTE-ST,270.0,800,0,0,,,0.0,0,1600,12800,1600,800,0.3333333333333333,18400
2026-08-10 13:30:29.663998,NSE:NATCAPSUQ-EQ,168.5,30,2,4,30.0,30.0,0.0,120,270,4984,2,20,-0.8181818181818182,79752
2026-08-10 13:28:44.193934,NSE:NATHBIOGEN-EQ,156.79,11,0,4,,11.0,0.0,44,88,518,64,5,0.855072463768116,16377
2026-08-10 13:31:36.163913,NSE:NATIONALUM-EQ,385.4,1,71,172,30.52112676056338,37.47093023255814,0.8145281307706597,6445,13940,62764,953,357,0.4549618320610687,4242005
2026-08-10 13:29:53.046074,NSE:NATIONSTD-EQ,182.26,2,2,2,2.0,2.0,0.0,4,6,52,0,49012,-1.0,2806
2026-08-10 13:31:35.833727,NSE:NAVKARCORP-EQ,101.72,25,25,51,79.72,82.05882352941177,0.9714982078853046,4185,5565,7884,1,11,-0.8333333333333334,203784
2026-08-10 13:31:25.393936,NSE:NAVNETEDUL-EQ,133.45,63,12,18,57.666666666666664,42.77777777777778,1.348051948051948,770,1095,7200,1,173,-0.9885057471264368,147097
2026-08-10 13:31:35.093908,NSE:NAZARA-EQ,354.15,1,30,72,111.06666666666666,108.05555555555556,1.027866323907455,7780,10504,39085,135,125,0.038461538461538464,2661547
2026-08-10 13:31:36.276681,NSE:NBCC-EQ,94.9,100,82,170,318.3170731707317,183.2,1.7375386090105442,31144,38911,151965,11381,2604,0.6276010010725778,3012327
2026-08-10 13:31:34.709647,NSE:NCC-EQ,147.28,3,67,156,125.49253731343283,80.63461538461539,1.5563109802762956,12579,21841,60543,99,554,-0.6967840735068913,1741784
2026-08-10 13:31:34.857994,NSE:NCLIND-EQ,174.2,1,11,31,1.0,1.0,1.0,31,246,581,4876,27,0.9889863348970018,75744
2026-08-10 13:23:45.928054,NSE:NDLVENTURE-EQ,129.06,2,0,0,,,0.0,0,6,1390,2,3,-0.2,3356
2026-08-10 13:30:35.130798,NSE:NDTV-EQ,76.25,1,3,4,1.0,1.0,0.0,4,10,2891,95,68,0.1656441717791411,44692
2026-08-10 13:30:51.247301,NSE:NELCAST-EQ,123.74,1,3,16,2.3333333333333335,1.875,1.2444444444444445,30,2509,37160,11,11,0.0,41151
2026-08-10 13:21:56.530047,NSE:NEOCHEM-ST,89.7,1200,0,0,,,0.0,0,2400,6000,1200,1200,0.0,1200
2026-08-10 13:23:05.389459,NSE:NEPHROCARE-ST,79.55,400,0,0,,,0.0,0,1200,6000,109200,0,1.0,102000
2026-08-10 13:21:59.114905,NSE:NEPTUNE-SM,190.0,500,0,0,,,0.0,0,1000,5000,500,500,0.0,1500
2026-08-10 13:31:32.673906,NSE:NETF-EQ,267.8,40,43,104,31.162790697674417,40.21153846153846,0.7749713612047201,4182,6912,48036,62421,5,0.9998398103354371,1989
2026-08-10 13:31:34.304108,NSE:NEXT30ADD-EQ,44.2,6,30,92,6.0,6.0,1.0,552,924,73771,250,140,0.28205128205128205,3280
2026-08-10 13:31:34.584047,NSE:NEXT50ADD-EQ,75.05,2,26,70,2199.4615384615386,2450.6,0.8975196027346521,171542,311888,1286513,35000,13,0.9992574186730643,3239
2026-08-10 13:31:33.463951,NSE:NEXT50BETA-EQ,80.68,40,24,73,59.0,69.02739726027397,0.8547330819607065,5039,7301,268229,8815,1,0.9997731397459165,215353
2026-08-10 13:31:33.243738,NSE:NEXT50ETF-EQ,75.19,99,22,58,15.590909090909092,19.051724137931036,0.8183463595228301,1105,1612,14185,39,394,-0.8198614318706697,2588
2026-08-10 13:31:33.016520,NSE:NEXT50IETF-EQ,78.85,65,37,86,891.2432432432432,430.36046511627904,2.0709226694474325,37011,38580,77179,35,32,0.04477611940298507,520239
2026-08-10 13:31:34.319027,NSE:NFL-EQ,72.59,70,20,77,36.0,90.20779220779221,0.39907860639216813,6946,8855,38101,214,55,0.5910780669144982,420005
2026-08-10 13:26:21.474042,NSE:NGIL-BE,39.68,18,0,0,,,0.0,0,54,196,100,200,-0.3333333333333333,20210
2026-08-10 13:31:36.194803,NSE:NHPC-EQ,77.15,2,62,154,214.9516129032258,133.86363636363637,1.6057505887507528,20615,34662,178191,126,1156,-0.8034321372854915,3184991
2026-08-10 13:31:14.369597,NSE:NIACL-EQ,176.75,30,18,50,9.333333333333334,34.76,0.26850786344457234,1738,3026,23439,66,111,-0.2542372881355932,506292
2026-08-10 13:27:00.973886,NSE:NIBL-EQ,34.84,8,0,2,,8.0,0.0,16,32,110,250,8,0.937984496124031,6224
2026-08-10 13:31:34.449860,NSE:NIF100BEES-EQ,273.76,1,41,105,27.121951219512194,2846.247619047619,0.009529020257410861,298856,459784,467458,8,3999,-0.9960069877714001,42256
2026-08-10 13:31:27.884101,NSE:NIFTY1-EQ,273.08,4,43,114,92.04651162790698,42.81578947368421,2.149826331813439,4881,6260,20842,2000,285,0.75054704595186,54203
2026-08-10 13:31:34.273843,NSE:NIFTY100EW-EQ,36.11,333,30,69,56.333333333333336,25.057971014492754,2.24812030075188,1729,1781,35458,15000,48404,-0.5268437322566399,23123
2026-08-10 13:31:34.543752,NSE:NIFTYADD-EQ,259.16,3,44,107,3.0,3.0,1.0,321,561,3818,6,9566,-0.9987463435018805,2317
2026-08-10 13:31:34.426571,NSE:NIFTYAXIS-EQ,272.53,1,46,115,1.6521739130434783,2.373913043478261,0.6959706959706959,273,357,2693,2985,7013,-0.40288057611522304,8626
2026-08-10 13:31:36.239430,NSE:NIFTYBEES-EQ,280.55,7,162,407,37.851851851851855,36.1965601965602,1.045730634245432,14732,39843,183307,2,434,-0.9908256880733946,5672589
2026-08-10 13:31:33.367802,NSE:NIFTYBETA-EQ,273.19,1,22,68,1.0,1.0,1.0,68,36744,43010,19,26,-0.15555555555555556,22896
2026-08-10 13:31:34.313864,NSE:NIFTYBETF-EQ,253.74,10,40,101,10.0,6.564356435643564,1.5233785822021118,663,879,2193,12927,99975,-0.771004942339374,1091
2026-08-10 13:31:34.293634,NSE:NIFTYETF-EQ,267.75,10,72,259,5.25,3.8262548262548264,1.3720988900100908,991,7196,31689,12,25,-0.35135135135135137,62383
2026-08-10 13:31:36.287853,NSE:NIFTYIETF-EQ,279.21,5,147,425,3.2857142857142856,3.3529411764705883,0.9799498746867167,1425,2938,64922,62,3,0.9076923076923077,289339
2026-08-10 13:31:34.527998,NSE:NIITLTD-EQ,96.5,1,10,19,50.4,46.78947368421053,1.0771653543307087,889,1358,6263,19,908,-0.9590075512405609,111701
2026-08-10 13:30:13.053892,NSE:NIITMTS-EQ,245.75,7,13,51,24.23076923076923,32.254901960784316,0.7512274959083469,1645,2305,9861,3,15,-0.6666666666666666,75344
2026-08-10 13:21:55.777674,NSE:NIKITA-SM,73.05,1200,0,0,,,0.0,0,2400,6000,1200,2400,-0.3333333333333333,0
2026-08-10 13:31:32.587720,NSE:NIMBSPROJ-BE,186.0,3,1,4,3.0,3.0,0.0,12,24,80,45,2,0.9148936170212766,453
2026-08-10 13:27:13.768070,NSE:NIPPOBATRY-EQ,325.7,2,0,1,,2.0,0.0,2,40,48,3,8,-0.45454545454545453,1305
2026-08-10 13:21:56.003848,NSE:NIRAJISPAT-EQ,202.0,1,0,0,,,0.0,0,2,9,4,7,-0.2727272727272727,35
2026-08-10 13:28:45.505704,NSE:NIRMAN-SM,33.05,900,0,1,,900.0,0.0,900,4500,10800,300,300,0.0,46500
2026-08-10 13:31:34.508128,NSE:NITCO-EQ,97.98,25,10,24,10.3,8.625,1.1942028985507247,207,1685,80661,56,7,0.7777777777777778,623294
2026-08-10 13:30:48.126451,NSE:NITIRAJ-EQ,206.5,1,2,2,1.0,1.0,0.0,2,4,11,12,2,0.7142857142857143,1155
2026-08-10 13:31:34.922424,NSE:NIVABUPA-EQ,86.87,16,45,112,43.8,35.589285714285715,1.2307074761665828,3986,7045,36341,20,571,-0.9323181049069373,443857
2026-08-10 13:27:17.073796,NSE:NKIND-EQ,63.98,1,0,1,,1.0,0.0,1,4,85,10,10,0.0,530
2026-08-10 13:31:36.143731,NSE:NLCINDIA-EQ,287.0,17,144,360,46.40972222222222,40.025,1.1595183565826914,14409,29878,147353,1,147,-0.9864864864864865,6427727
2026-08-10 13:31:36.317025,NSE:NMDC-EQ,85.7,21,97,239,107.31958762886597,134.15062761506277,0.7999931833104287,32062,66429,275755,3423,401,0.7902719665271967,17131826
2026-08-10 13:30:18.651903,NSE:NOCIL-EQ,169.08,13,4,28,13.0,391.64285714285717,0.03319350720408535,10966,14868,20310,328,7,0.9582089552238806,177957
2026-08-10 13:21:53.868145,NSE:NORBTEAEXP-EQ,62.8,3,0,0,,,0.0,0,6,71,10,16,-0.23076923076923078,508
2026-08-10 13:31:24.274841,NSE:NORTHARC-EQ,287.35,34,13,51,34.0,65.0,0.5230769230769231,3315,4409,23492,21,11,0.3125,523271
2026-08-10 13:31:34.658114,NSE:NPBET-EQ,284.24,156,47,119,156.0,156.0,1.0,18564,32604,124644,300,122,0.4218009478672986,524
2026-08-10 13:31:34.973891,NSE:NRBBEARING-EQ,474.4,7,46,120,38.30434782608695,73.075,0.5241785538978714,8769,13191,66108,62,5,0.8507462686567164,1624540
2026-08-10 13:31:14.894123,NSE:NRL-BE,114.57,446,3,3,446.0,446.0,0.0,1338,2230,2550,0,26709,-1.0,56315
2026-08-10 13:21:59.118469,NSE:NRVANDANA-ST,68.25,3000,0,0,,,0.0,0,6000,12000,3000,3000,0.0,3000
2026-08-10 13:31:35.186508,NSE:NSLNISP-EQ,44.47,63,28,75,31.392857142857142,35.16,0.8928571428571429,2637,6319,69438,678,124,0.6907730673316709,3075269
2026-08-10 13:31:36.463708,NSE:NTPC-EQ,339.3,11,92,230,42.75,25.178260869565218,1.6978932826800206,5791,13230,63528,3187,56,0.9654640764724021,5558395
2026-08-10 13:31:36.507090,NSE:NTPCGREEN-EQ,91.95,10,48,119,151.79166666666666,91.77310924369748,1.653988493117236,10921,13794,65581,1851,14,0.9849865951742627,1675643
2026-08-10 13:31:27.717266,NSE:NURECA-EQ,329.15,2,4,5,2.0,1.8,1.1111111111111112,9,33,2885,1,2,-0.3333333333333333,19438
2026-08-10 13:31:30.441804,NSE:NUVOCO-EQ,339.85,2,24,61,8.583333333333334,12.540983606557377,0.6844226579520697,765,2157,6997,11,34,-0.5111111111111111,236249
2026-08-10 13:31:32.447998,NSE:NV20BEES-EQ,142.46,22,43,113,22.0,22.0,1.0,2486,4272,26148,28,196,-0.75,11304
2026-08-10 13:31:36.255511,NSE:NXST-RR,168.56,1,23,50,3.739130434782609,8.32,0.44941471571906355,416,573,2064,118,1,0.9831932773109243,598127
2026-08-10 13:31:36.271193,NSE:NYKAA-EQ,328.0,2,153,341,191.49019607843138,178.4926686217009,1.0728182706723803,60866,95316,135580,7249,2026,0.5631266846361186,4913594
2026-08-10 13:30:45.948304,NSE:OAL-EQ,379.2,2,7,11,2.0,2.0,1.0,22,34,159,2,3,-0.2,7749
2026-08-10 13:25:25.197350,NSE:OBCL-EQ,53.21,27,0,0,,,0.0,0,108,351,30,25,0.09090909090909091,1706
2026-08-10 13:31:36.142213,NSE:OCCLLTD-BE,153.7,120,7,8,105.0,104.375,1.0059880239520957,835,1472,6181,25,6730,-0.9925980754996299,44365
2026-08-10 13:31:34.778069,NSE:OIL-EQ,456.35,24,104,205,67.1923076923077,65.8,1.0211596913724574,13489,19881,74859,212,15,0.8678414096916299,5732378
2026-08-10 13:23:26.875732,NSE:OILCOUNTUB-BE,60.04,1,0,0,,,0.0,0,98,2416,752,17,0.9557867360208062,8789
2026-08-10 13:31:36.252238,NSE:OLAELEC-EQ,39.78,201,75,185,210.16,312.92432432432435,0.6716000760049057,57891,112818,393684,475,6845,-0.8702185792349727,48370669
2026-08-10 13:21:55.254025,NSE:OLIL-SM,414.0,800,0,0,,,0.0,0,1600,4000,400,400,0.0,800
2026-08-10 13:31:11.040456,NSE:OMAXAUTO-EQ,200.5,2,6,18,9.666666666666666,45.888888888888886,0.2106537530266344,826,1322,9017,63,2,0.9384615384615385,300879
2026-08-10 13:31:22.945061,NSE:OMAXE-EQ,85.62,18,14,21,7.714285714285714,74.80952380952381,0.10311903246339911,1571,2158,22904,28,21,0.14285714285714285,179176
2026-08-10 13:27:27.369451,NSE:OMFREIGHT-BE,86.69,18,0,2,,18.0,0.0,36,136,469,69,22,0.5164835164835165,7130
2026-08-10 13:21:53.874196,NSE:OMFURN-SM,57.0,2400,0,0,,,0.0,0,4800,14400,1200,1200,0.0,3600
2026-08-10 13:31:11.998532,NSE:OMINFRAL-EQ,87.85,1,7,9,89.71428571428571,70.22222222222223,1.2775768535262204,632,1014,3657,2,4,-0.3333333333333333,35781
2026-08-10 13:31:10.734116,NSE:OMPOWER-EQ,169.97,1,2,2,1.0,1.0,0.0,2,1487,3949,17,5,0.5454545454545454,26692
2026-08-10 13:26:19.848226,NSE:ONDOOR-SM,244.95,300,0,0,,,0.0,0,1500,2700,300,300,0.0,14700
2026-08-10 13:27:10.701586,NSE:ONELIFECAP-BE,33.33,1,0,1,,1.0,0.0,1,6,6436,500,350,0.17647058823529413,9980
2026-08-10 13:30:54.217586,NSE:ONEPOINT-EQ,59.8,6,9,35,6.0,9.628571428571428,0.6231454005934718,337,701,37011,32,80,-0.42857142857142855,554783
2026-08-10 13:31:36.203692,NSE:ONGC-EQ,239.23,47,90,223,88.13333333333334,61.01793721973094,1.4443840180299357,13607,22887,139875,2056,17,0.9835986493005306,6299869
2026-08-10 13:26:09.384057,NSE:ONIDA-BE,39.03,1,0,0,,,0.0,0,8598,29531,599,900,-0.2008005336891261,313834
2026-08-10 13:31:20.782602,NSE:ONMOBILE-BE,68.31,100,4,4,100.0,100.0,0.0,400,600,765,532,24071,-0.9567532414746169,18447
2026-08-10 13:31:26.333004,NSE:ONWARDTEC-EQ,287.25,45,6,9,45.0,45.0,1.0,405,675,2577,1,1,0.0,13473
2026-08-10 13:21:58.480635,NSE:ONYX-ST,46.0,2000,0,0,,,0.0,0,4000,10000,2000,2000,0.0,4000
2026-08-10 13:23:55.975959,NSE:OPTIVALUE-ST,159.0,1600,0,0,,,0.0,0,4800,12800,1600,1600,0.0,40000
2026-08-10 13:30:34.064196,NSE:ORBTEXP-BE,265.35,5,1,3,5.0,35.0,0.0,105,305,940,79345,0,1.0,8283
2026-08-10 13:22:34.432163,NSE:ORICONENT-EQ,53.46,2,0,0,,,0.0,0,8,474,16,4,0.6,14101
2026-08-10 13:21:59.280193,NSE:ORIENTBELL-EQ,322.35,30,0,0,,,0.0,0,60,217,6,6,0.0,8361
2026-08-10 13:31:35.803981,NSE:ORIENTCEM-EQ,136.82,1,15,54,1.0,9.12962962962963,0.10953346855983773,493,9564,20763,71,11,0.7317073170731707,184772
2026-08-10 13:31:16.974139,NSE:ORIENTCER-EQ,43.0,4,7,19,58.857142857142854,84.84210526315789,0.6937256292095002,1612,7314,9065,606,4255,-0.7506685867105534,16848
2026-08-10 13:31:29.949800,NSE:ORIENTELEC-EQ,190.46,1,16,53,2.25,6.415094339622642,0.35073529411764703,340,1939,25131,30,9,0.5384615384615384,574669
2026-08-10 13:31:15.858141,NSE:ORIENTHOT-EQ,126.72,41,8,27,94.875,44.55555555555556,2.129364089775561,1203,1600,38639,207,19,0.831858407079646,279157
2026-08-10 13:21:58.464147,NSE:ORIENTLTD-BE,76.01,81,0,0,,,0.0,0,162,346,196,60,0.53125,730
2026-08-10 13:31:31.289040,NSE:ORIENTTECH-EQ,257.75,1,13,33,7.461538461538462,14.303030303030303,0.5216753585397653,472,6036,10053,8,4,0.3333333333333333,88515
2026-08-10 13:31:33.953782,NSE:OSELDEVICE-SM,384.95,200,26,45,200.0,200.0,1.0,9000,16000,18400,200,200,0.0,27800
2026-08-10 13:30:50.949444,NSE:OSWALAGRO-EQ,39.0,12,6,16,56.0,118.625,0.4720758693361433,1898,3434,6081,7336,40,0.9891540130151844,102236
2026-08-10 13:31:28.834876,NSE:OSWALPUMPS-EQ,309.05,15,33,93,28.96969696969697,33.75268817204301,0.8582930290480466,3139,7136,28792,96,6,0.8823529411764706,1214363
2026-08-10 13:30:20.448139,NSE:OWAIS-ST,89.95,500,2,9,500.0,188.88888888888889,0.0,1700,2100,6100,100,100,0.0,18100
2026-08-10 13:31:35.811539,NSE:PACEDIGITK-EQ,179.32,72,32,78,1290.40625,582.0769230769231,2.2168998612395927,45402,50510,74814,36,57,-0.22580645161290322,913056
2026-08-10 13:31:31.687991,NSE:PAISALO-EQ,70.2,7,29,61,80.3103448275862,129.8360655737705,0.6185518982932776,7920,12041,116533,1546,466,0.536779324055666,9457596
2026-08-10 13:29:14.413899,NSE:PAKKA-EQ,71.65,13,0,5,,99.8,0.0,499,1899,2483,7,8,-0.06666666666666667,14242
2026-08-10 13:21:56.907927,NSE:PALASHSECU-EQ,90.25,48,0,0,,,0.0,0,96,288,10,27,-0.4594594594594595,962
2026-08-10 13:26:11.401108,NSE:PALREDTEC-BE,47.1,310,0,0,,,0.0,0,930,2790,331,80,0.610705596107056,802
2026-08-10 13:31:32.968202,NSE:PANACEABIO-EQ,411.3,26,9,26,14.333333333333334,6.230769230769231,2.3004115226337447,162,297,1700,1,2,-0.3333333333333333,73629
2026-08-10 13:31:15.217084,NSE:PANACHE-BE,481.45,46,1,5,46.0,46.0,0.0,230,460,1058,10013,0,1.0,11726
2026-08-10 13:21:56.748121,NSE:PANSARI-EQ,320.3,3,0,0,,,0.0,0,6,20,53,1,0.9629629629629629,620
2026-08-10 13:31:21.533677,NSE:PAR-EQ,103.94,10,4,15,10.0,15.4,0.6493506493506493,231,262,2197,38,27,0.16923076923076924,48824
2026-08-10 13:31:29.794022,NSE:PARACABLES-EQ,69.52,24,38,86,158.26315789473685,108.55813953488372,1.4578654219095297,9336,11199,44077,1,34,-0.9428571428571428,2869984
2026-08-10 13:31:34.978042,NSE:PARADEEP-EQ,150.83,100,42,98,56.88095238095238,61.204081632653065,0.9293653440035566,5998,18143,70542,73,54,0.14960629921259844,3158549
2026-08-10 13:31:07.414578,NSE:PARAGMILK-EQ,220.97,9,15,42,9.4,64.19047619047619,0.1464391691394659,2696,3097,11162,24,7,0.5483870967741935,346197
2026-08-10 13:21:55.618475,NSE:PARAGON-SM,49.9,1200,0,0,,,0.0,0,2400,31200,1200,1200,0.0,6000
2026-08-10 13:21:54.627805,NSE:PARAMATRIX-SM,58.25,1200,0,0,,,0.0,0,2400,4800,1200,2400,-0.3333333333333333,0
2026-08-10 13:21:57.003956,NSE:PARAMOUNT-ST,35.3,1200,0,0,,,0.0,0,2400,4800,1200,1200,0.0,2400
2026-08-10 13:31:30.520716,NSE:PARKHOSPS-EQ,290.3,409,15,29,116.33333333333333,121.62068965517241,0.9565258482185048,3527,3908,9942,1130,619,0.292166952544311,204147
2026-08-10 13:30:39.263703,NSE:PARKHOTELS-EQ,120.89,2,3,13,17.666666666666668,41.76923076923077,0.42295887047268266,543,1603,11434,49,6,0.7818181818181819,69682
2026-08-10 13:23:27.709703,NSE:PARTYCRUS-SM,85.75,1000,0,0,,,0.0,0,3000,5000,1000,1000,0.0,0
2026-08-10 13:29:15.491690,NSE:PASHUPATI-EQ,84.06,1,0,1,,1.0,0.0,1,3,18,1,3,-0.5,4781
2026-08-10 13:30:35.133909,NSE:PASUPTAC-BE,65.48,338,4,9,338.0,158.77777777777777,2.1287613715885234,1429,1714,5680,107,1003,-0.8072072072072072,193228
2026-08-10 13:31:34.323776,NSE:PATANJALI-EQ,355.15,30,109,313,215.44954128440367,267.3514376996805,0.8058664024332686,83681,199462,213602,468,174,0.45794392523364486,3430313
2026-08-10 13:26:59.958305,NSE:PATELRMART-EQ,219.5,1,0,2,,1.0,0.0,2,269,999,4,4,0.0,14760
2026-08-10 13:28:38.461230,NSE:PATILAUTOM-ST,214.2,600,0,4,,600.0,0.0,2400,9600,37200,600,600,0.0,49800
2026-08-10 13:21:59.167314,NSE:PATTECH-ST,114.85,1500,0,0,,,0.0,0,3000,6000,0,4500,-1.0,0
2026-08-10 13:31:30.178035,NSE:PCBL-EQ,324.65,27,23,49,36.34782608695652,37.16326530612245,0.9780579232624216,1821,4155,17934,63,75,-0.08695652173913043,456478
2026-08-10 13:21:56.050110,NSE:PCCL-SM,300.0,800,0,0,,,0.0,0,1600,7200,400,400,0.0,8400
2026-08-10 13:31:23.203654,NSE:PDMJEPAPER-EQ,97.79,8,6,16,7.333333333333333,11.5,0.6376811594202898,184,2404,6134,12,22,-0.29411764705882354,40056
2026-08-10 13:31:32.009655,NSE:PDSL-EQ,386.4,11,33,86,73.18181818181819,62.616279069767444,1.168734700768127,5385,7478,13917,16,12,0.14285714285714285,444222
2026-08-10 13:21:57.872236,NSE:PELATRO-SM,280.0,300,0,0,,,0.0,0,600,3600,300,1500,-0.6666666666666666,1500
2026-08-10 13:31:36.172264,NSE:PENIND-EQ,161.11,3655,12,25,2746.25,1333.96,2.058719901646226,33349,33740,36962,24,167,-0.7486910994764397,201209
2026-08-10 13:21:55.897895,NSE:PENTAGON-SM,51.15,1000,0,0,,,0.0,0,2000,10000,1000,1000,0.0,11000
2026-08-10 13:31:34.718014,NSE:PETRONET-EQ,276.5,16,67,168,18.53731343283582,26.482142857142858,0.699992954982337,4449,6327,20159,307,680,-0.3779128672745694,696834
2026-08-10 13:31:36.533657,NSE:PFC-EQ,386.2,41,184,417,101.18478260869566,93.49640287769785,1.0822318238387731,38988,80742,274987,2523,522,0.6571428571428571,20735815
2026-08-10 13:31:36.197891,NSE:PFOCUS-EQ,284.15,1,21,57,11.571428571428571,12.157894736842104,0.9517625231910947,693,2206,8430,20,7,0.48148148148148145,209456
2026-08-10 13:31:30.098107,NSE:PGINVIT-IV,100.63,1,39,91,9.384615384615385,25.35164835164835,0.3701777199826615,2307,3635,27357,2059,437,0.6498397435897436,795813
2026-08-10 13:31:03.204565,NSE:PHANTOMFX-SM,150.0,300,2,6,300.0,300.0,0.0,1800,2400,30300,300,300,0.0,18300
2026-08-10 13:30:42.154157,NSE:PIGL-EQ,108.82,161,1,3,161.0,161.0,0.0,483,1881,3343,2,3,-0.2,41413
2026-08-10 13:31:36.773919,NSE:PINELABS-EQ,162.0,87,197,489,47.786802030456855,75.29038854805727,0.6346998993099221,36817,69479,245307,4991,917,0.6895734597156398,27856287
2026-08-10 13:21:59.122090,NSE:PIONRINV-BE,87.63,2,0,0,,,0.0,0,4,10,10,22,-0.375,1042
2026-08-10 13:31:33.279109,NSE:PLASTIBLEN-EQ,199.91,33,3,10,33.0,75.0,0.44,750,2437,15969,9,9,0.0,42843
2026-08-10 13:31:26.396126,NSE:PLATIND-EQ,229.68,48,13,25,68.61538461538461,191.76,0.3578190687076795,4794,6764,10504,34,100,-0.4925373134328358,141164
2026-08-10 13:31:23.311525,NSE:PLAZACABLE-BE,47.05,1045,1,2,1045.0,617.5,0.0,1235,1615,5533,3,3,0.0,21961
2026-08-10 13:31:36.369929,NSE:PNB-EQ,113.61,1,65,175,46.646153846153844,57.96,0.8047990656686308,10143,17333,101915,1378,36,0.9490806223479491,6212469
2026-08-10 13:31:31.008097,NSE:PNBGILTS-EQ,81.31,88,30,41,6.8,31.682926829268293,0.21462663587374903,1299,4746,8951,15,248,-0.8859315589353612,142193
2026-08-10 13:31:34.616217,NSE:PNCINFRA-EQ,226.22,1,30,70,2.3333333333333335,3.357142857142857,0.6950354609929078,235,502,3817,1038,1957,-0.3068447412353923,1170072
2026-08-10 13:31:33.617887,NSE:POCL-EQ,485.7,1,33,76,8.484848484848484,9.223684210526315,0.9198979812389227,701,1018,7160,10,4,0.42857142857142855,283695
2026-08-10 13:29:35.903979,NSE:PODDARMENT-EQ,263.65,3,0,8,,3.0,0.0,24,64,244,1,5,-0.6666666666666666,3191
2026-08-10 13:31:34.549835,NSE:PSUBANK-EQ,86.93,30,41,101,1615.6097560975609,1843.960396039604,0.8761629368871008,186240,194514,228581,12,414922,-0.9999421594759649,252431
2026-08-10 13:31:33.425163,NSE:PSUBANKADD-EQ,87.79,1,46,110,1.0,727.2181818181818,0.001375103132734955,79994,432863,483593,44,55,-0.1111111111111111,61373
2026-08-10 13:31:36.830109,NSE:PSUBNKBEES-EQ,96.65,2,153,368,1064.9934640522877,1052.233695652174,1.0121263636137456,387222,758852,1791025,206910,314,0.9969694629965641,3266909
2026-08-10 13:31:34.576490,NSE:PSUBNKIETF-EQ,87.9,995,43,123,394.5813953488372,140.03252032520325,2.8177840006913013,17224,27023,138651,75,788,-0.8261877172653534,102692
2026-08-10 13:31:23.199105,NSE:QGOLDHALF-EQ,125.2,100,30,61,93.33333333333333,328.0327868852459,0.28452440446443444,20010,28480,115584,454,100,0.6389891696750902,73586
2026-08-10 13:25:38.033872,NSE:QNIFTY-EQ,271.0,1,0,0,,,0.0,0,63,594,8,50,-0.7241379310344828,1072
2026-08-10 13:21:55.786856,NSE:SATKARTAR-SM,122.8,800,0,0,,,0.0,0,1600,16000,800,800,0.0,28000
2026-08-10 13:21:55.149930,NSE:SATTVAENGG-SM,82.0,1600,0,0,,,0.0,0,3200,8000,1600,1600,0.0,1600
2026-08-10 13:31:36.798267,NSE:SAURASHCEM-EQ,62.68,20,10,16,18.5,15.5625,1.1887550200803212,249,7741,10353,883,25,0.9449339207048458,61608
2026-08-10 13:31:08.684024,NSE:SAVY-SM,131.9,2400,2,3,1800.0,1600.0,0.0,4800,7200,9600,1200,1200,0.0,6000
2026-08-10 13:21:54.736859,NSE:SAWALIYA-SM,287.1,600,0,0,,,0.0,0,1200,5400,600,1200,-0.3333333333333333,15600
2026-08-10 13:25:17.297677,NSE:SAYAJIHOTL-EQ,312.0,2,0,0,,,0.0,0,6,10,98,17,0.7043478260869566,109
2026-08-10 13:31:32.984060,NSE:SBC-EQ,41.2,18,14,28,161.57142857142858,173.5,0.9312474269246604,4858,12887,43714,4107,11261,-0.465512753774076,2348207
2026-08-10 13:31:20.344439,NSE:SBFC-EQ,94.02,1,16,41,5.3125,12.268292682926829,0.4330268389662028,503,1074,4201,14,30,-0.36363636363636365,820267
2026-08-10 13:31:24.817926,NSE:SBIBPB-EQ,50.17,3,32,78,4.75,12.923076923076923,0.3675595238095238,1008,3350,39597,416,1705,-0.6077322017916077,37167
2026-08-10 13:31:33.648162,NSE:SBIETFCON-EQ,126.62,3,30,74,2.8,1.7297297297297298,1.61875,128,356,1322,45015,1739,0.9256106429396416,2621
2026-08-10 13:31:32.833486,NSE:SBIETFIT-EQ,351.6,86,35,91,86.0,86.0,1.0,7826,11071,16636,4552,17,0.9925585467279492,7111
2026-08-10 13:31:33.824077,NSE:SBIETFPB-EQ,281.44,15,46,111,12.130434782608695,6.315315315315315,1.920796377845314,701,785,6956,11,15000,-0.9985344081007261,3150
2026-08-10 13:31:34.287217,NSE:SBIETFQLTY-EQ,230.76,2,41,107,17.804878048780488,58.018691588785046,0.30688175760623587,6208,11384,24342,55,14998,-0.9926924865475321,2961
2026-08-10 13:31:34.639774,NSE:SBIMIDMOM-EQ,64.46,513,34,74,513.0,513.0,1.0,37962,64279,701912,39,817,-0.9088785046728972,331750
2026-08-10 13:31:08.868124,NSE:SBINEQWETF-EQ,34.26,10,6,38,10.0,10.0,1.0,380,740,1767,2667,1279,0.3517486061834769,21473
2026-08-10 13:31:36.227703,NSE:SBISILVER-EQ,226.48,438,134,361,202.29850746268656,101.62603878116343,1.9906168722989028,36687,73558,193123,70,2944,-0.953550099535501,741414
2026-08-10 13:29:50.579784,NSE:SCANSTL-BE,64.8,20,2,15,20.0,1194.6,0.0,17919,120873,206240,50,83,-0.24812030075187969,134455
2026-08-10 13:31:36.175847,NSE:SCHAND-EQ,143.0,1,10,12,2.5,2.4166666666666665,1.0344827586206897,29,345,893,174,28,0.7227722772277227,23972
2026-08-10 13:31:34.838641,NSE:SCI-EQ,298.3,40,46,119,26.26086956521739,33.563025210084035,0.7824345213472382,3994,8330,65614,272,129,0.3566084788029925,1889420
2026-08-10 13:30:45.218077,NSE:SCILAL-EQ,41.0,50,1,2,50.0,50.0,0.0,100,12608,23431,2910,70,0.9530201342281879,106117
2026-08-10 13:21:57.345828,NSE:SCML-SM,86.0,2000,0,0,,,0.0,0,4000,8000,1000,1000,0.0,8000
2026-08-10 13:31:33.049269,NSE:SCODATUBES-EQ,142.77,36,13,43,22.53846153846154,97.51162790697674,0.23113614265534135,4193,6736,7566,92,10,0.803921568627451,209995
2026-08-10 13:31:36.439370,NSE:SDBL-EQ,74.0,275,47,81,122.38297872340425,105.5679012345679,1.159282104618845,8551,55848,66600,131,13,0.8194444444444444,437125
2026-08-10 13:21:53.481311,NSE:SDREAMS-SM,88.0,1000,0,0,,,0.0,0,2000,4000,1000,2000,-0.3333333333333333,1000
2026-08-10 13:29:59.909916,NSE:SECMARK-EQ,130.0,1,2,3,1.0,1.0,0.0,3,6,38,10,10,0.0,642
2026-08-10 13:31:06.863666,NSE:SEIL-EQ,203.36,8,15,20,5.2,4.15,1.2530120481927711,83,251,3041,13,38,-0.49019607843137253,88295
2026-08-10 13:29:01.353882,NSE:SEL-SM,240.0,200,0,2,,200.0,0.0,400,4400,17000,1000,600,0.25,5600
2026-08-10 13:30:52.221537,NSE:SELECTIPO-EQ,48.38,110,17,50,131.8235294117647,152.4,0.8649837887911069,7620,14792,88757,7,94,-0.8613861386138614,28262
2026-08-10 13:21:53.816054,NSE:SELLOWRAP-SM,65.5,1600,0,0,,,0.0,0,3200,6400,1600,1600,0.0,0
2026-08-10 13:29:50.496851,NSE:SEMAC-BE,306.0,1,1,2,1.0,1.0,0.0,2,7,31,10,35,-0.5555555555555556,219
2026-08-10 13:31:36.417841,NSE:SENCO-EQ,400.3,4,49,107,12.448979591836734,10.962616822429906,1.1355846686500688,1173,2838,48592,40,69,-0.26605504587155965,1300204
2026-08-10 13:31:34.588171,NSE:SENSEXADD-EQ,81.06,4,46,111,4.0,4.0,1.0,444,792,12445,13500,4805,0.47500682873531824,397
2026-08-10 13:31:34.947871,NSE:SENSEXAXIS-EQ,81.77,7,31,84,373.4516129032258,500.6190476190476,0.7459796319763856,42052,56036,77351,150,20993,-0.9858109066830629,2641
2026-08-10 13:31:22.989890,NSE:SENSEXETF-EQ,81.14,2,18,59,2.0,1.9830508474576272,1.0085470085470085,117,413,103262,2,1597,-0.9974984365228268,45887
2026-08-10 13:30:37.194202,NSE:SERVICE-SM,61.0,2000,4,4,2000.0,2000.0,0.0,8000,14000,18000,4000,2000,0.3333333333333333,0
2026-08-10 13:31:26.785173,NSE:SERVOTECH-EQ,85.1,160,7,31,160.0,65.16129032258064,2.4554455445544554,2020,3120,15684,400,29,0.8648018648018648,302533
2026-08-10 13:31:10.590979,NSE:SESHAPAPER-EQ,233.55,4,5,10,4.0,4.0,1.0,40,68,1989,2,2,0.0,13713
2026-08-10 13:30:33.764055,NSE:SETF10GILT-EQ,266.78,6,1,1,6.0,6.0,0.0,6,36,186,18,27,-0.2,534
2026-08-10 13:31:32.838163,NSE:SETFGOLD-EQ,128.75,38,56,145,252.30357142857142,271.95862068965516,0.9277277947239148,39434,95426,481587,2043,3808,-0.30165783626730475,4174040
2026-08-10 13:31:34.373874,NSE:SETFNIF50-EQ,265.17,2,108,313,3.7314814814814814,29.757188498402556,0.1253976490985295,9314,17140,158999,440,9,0.9599109131403119,260134
2026-08-10 13:31:21.367169,NSE:SETL-EQ,280.7,1,21,64,5.857142857142857,21.625,0.2708505367464905,1384,3071,14214,31,44,-0.17333333333333334,306712
2026-08-10 13:31:36.834128,NSE:SHADOWFAX-EQ,246.46,124,90,197,36.36666666666667,37.34517766497462,0.973798196728739,7357,18623,58434,1490,4,0.9946452476572959,2594384
2026-08-10 13:25:31.971203,NSE:SHAHALLOYS-EQ,70.85,5,0,0,,,0.0,0,15,41,19,94,-0.6637168141592921,554
2026-08-10 13:21:56.779938,NSE:SHAIVAL-ST,33.0,3600,0,0,,,0.0,0,7200,14400,0,0,0.0,0
2026-08-10 13:31:10.599264,NSE:SHALBY-EQ,163.56,2,10,41,4.9,9.707317073170731,0.5047738693467337,398,1701,4556,100,139,-0.16317991631799164,45480
2026-08-10 13:30:45.168495,NSE:SHALPAINTS-BE,84.44,50,6,14,43.0,233.35714285714286,0.1842669115396388,3267,4251,12845,12107,610,0.9040654242352756,165806
2026-08-10 13:31:31.548418,NSE:SHANKARA-EQ,141.76,1,6,20,1.0,1.0,1.0,20,467,1147,10000,23,0.9954105557218398,30038
2026-08-10 13:31:12.265418,NSE:SHANTIGEAR-EQ,400.0,100,4,13,100.0,65.38461538461539,1.5294117647058822,850,1015,1920,28,150,-0.6853932584269663,11309
2026-08-10 13:31:34.337801,NSE:SHANTIGOLD-EQ,229.1,45,16,48,41.25,52.333333333333336,0.7882165605095541,2512,3285,20656,10,49,-0.6610169491525424,503299
2026-08-10 13:29:17.563922,NSE:SHARDUL-BE,43.03,18,0,1,,18.0,0.0,18,54,1011,11094,0,1.0,17302
2026-08-10 13:31:35.076955,NSE:SHAREINDIA-EQ,169.07,5,24,36,33.416666666666664,30.27777777777778,1.1036697247706422,1090,2009,15444,48,2,0.92,213770
2026-08-10 13:31:32.491381,NSE:SHARIABEES-EQ,478.43,2,35,95,6.285714285714286,4.2105263157894735,1.4928571428571429,400,555,8517,20,1,0.9047619047619048,7437
2026-08-10 13:30:46.444138,NSE:SHBAJRG-EQ,177.99,36,3,4,36.0,36.0,0.0,144,216,2078,37,53,-0.17777777777777778,3923
2026-08-10 13:23:46.602297,NSE:SHEEL-ST,65.1,2000,0,0,,,0.0,0,6000,12000,2000,2000,0.0,10000
2026-08-10 13:21:57.105645,NSE:SHEETAL-SM,332.0,500,0,0,,,0.0,0,1000,5500,500,500,0.0,1000
2026-08-10 13:27:00.484360,NSE:SHEMAROO-BE,120.84,15,0,1,,15.0,0.0,15,285,1148,255,0,1.0,10444
2026-08-10 13:27:50.878132,NSE:SHERA-ST,167.5,1000,0,1,,1000.0,0.0,1000,4000,6000,1000,1000,0.0,10000
2026-08-10 13:30:31.818083,NSE:SHETHJI-ST,171.25,1000,1,1,1000.0,1000.0,0.0,1000,3000,23000,1000,1000,0.0,19000
2026-08-10 13:21:56.397331,NSE:SHIGAN-SM,62.15,1500,0,0,,,0.0,0,3000,7500,1500,1500,0.0,0
2026-08-10 13:29:24.317935,NSE:SHINDL-EQ,162.36,42,0,10,,10.0,0.0,100,288,1488,42,2,0.9090909090909091,52239
2026-08-10 13:27:54.673892,NSE:SHIVALIK-BE,255.8,50,0,3,,50.0,0.0,150,710,2576,4,122,-0.9365079365079365,13121
2026-08-10 13:24:38.844140,NSE:SHIVAMILLS-BE,66.9,6,0,0,,,0.0,0,18,37,1,1,0.0,2242
2026-08-10 13:30:11.336039,NSE:SHIVASHRIT-SM,124.3,1000,1,1,1000.0,1000.0,0.0,1000,5000,63000,1000,2000,-0.3333333333333333,8000
2026-08-10 13:30:22.867425,NSE:SHIVATEX-EQ,161.06,8,2,7,8.0,8.0,0.0,56,88,116,4,8,-0.3333333333333333,954
2026-08-10 13:21:53.423977,NSE:SHIVAUM-EQ,429.0,1,0,0,,,0.0,0,2,5,4,3,0.14285714285714285,749
2026-08-10 13:31:25.897737,NSE:SHK-EQ,170.68,126,21,38,46.76190476190476,36.31578947368421,1.287646652864044,1380,2353,9314,41,31,0.1388888888888889,298224
2026-08-10 13:31:17.550332,NSE:SHKSIL-SM,39.0,2000,1,3,2000.0,2000.0,0.0,6000,10000,32000,2000,2000,0.0,10000
2026-08-10 13:31:32.638023,NSE:SHOPERSTOP-EQ,426.35,1,9,18,1.3333333333333333,1.1666666666666667,1.1428571428571428,21,74,578,17,5,0.5454545454545454,30002
2026-08-10 13:21:57.150048,NSE:SHRADHA-EQ,34.0,114,0,0,,,0.0,0,228,2560,1020,11,0.9786614936954413,6032
2026-08-10 13:31:02.156656,NSE:SHREDIGCEM-EQ,72.32,374,3,9,374.0,291.3333333333333,1.2837528604118993,2622,7577,12705,13,38,-0.49019607843137253,66102
2026-08-10 13:21:55.460100,NSE:SHREEDHAR-ST,107.5,2000,0,0,,,0.0,0,4000,8000,2000,2000,0.0,4000
2026-08-10 13:21:57.463976,NSE:SHREEKARNI-SM,413.0,150,0,0,,,0.0,0,300,750,150,150,0.0,5400
2026-08-10 13:21:54.718224,NSE:SHREEOSFM-SM,58.0,2000,0,0,,,0.0,0,4000,18000,1000,1000,0.0,4000
2026-08-10 13:31:16.577679,NSE:SHREEPUSHK-EQ,412.85,4,9,11,4.0,4.0,1.0,44,393,921,2,1,0.3333333333333333,10369
2026-08-10 13:27:35.348205,NSE:SHREERAMA-EQ,38.01,24,0,3,,24.0,0.0,72,180,3256,57,14,0.6056338028169014,17167
2026-08-10 13:31:12.310269,NSE:SHREYANIND-EQ,142.5,107,6,8,107.0,87.25,1.2263610315186246,698,1276,1414,9,20,-0.3793103448275862,957
2026-08-10 13:26:51.595444,NSE:SHRIAHIMSA-ST,385.0,600,0,1,,600.0,0.0,600,1800,27000,600,600,0.0,17400
2026-08-10 13:28:15.297588,NSE:SHRIKRISH-EQ,42.95,5,0,1,,5.0,0.0,5,20,45,2,5,-0.42857142857142855,80
2026-08-10 13:31:26.390541,NSE:SHRINGARMS-EQ,234.3,2,22,47,676.1363636363636,547.7659574468086,1.23435265453133,25745,25971,33058,198,219,-0.050359712230215826,359510
2026-08-10 13:31:30.842144,NSE:SHRIRAMPPS-EQ,85.49,24,10,18,54.6,43.111111111111114,1.2664948453608247,776,2583,9565,14,25,-0.28205128205128205,215536
2026-08-10 13:21:57.701510,NSE:SHRITECH-SM,58.0,2000,0,0,,,0.0,0,4000,8000,2000,2000,0.0,0
2026-08-10 13:27:17.333737,NSE:SHUBHSHREE-SM,345.0,300,0,1,,300.0,0.0,300,1200,1800,300,300,0.0,1500
2026-08-10 13:21:54.293407,NSE:SHYAMDHANI-ST,63.35,2000,0,0,,,0.0,0,4000,8000,2000,2000,0.0,4000
2026-08-10 13:31:26.468518,NSE:SICAGEN-EQ,66.68,1,17,39,173.58823529411765,148.71794871794873,1.167231237322515,5800,8617,81124,508,38,0.8608058608058609,610703
2026-08-10 13:23:51.854274,NSE:SICALLOG-BE,101.2,714,0,0,,,0.0,0,2148,3803,250,325,-0.13043478260869565,10091
2026-08-10 13:27:33.115621,NSE:SIDDHIKA-SM,209.5,500,0,4,,500.0,0.0,2000,3500,4500,500,500,0.0,0
2026-08-10 13:31:31.734169,NSE:SIGIND-EQ,69.32,50,8,19,34.25,22.736842105263158,1.5063657407407407,432,16250,27227,413,10,0.9527186761229315,153326
2026-08-10 13:31:34.874121,NSE:SIGMA-EQ,48.48,177,20,32,105.2,121.59375,0.8651760472886147,3891,5929,16867,54,40,0.14893617021276595,229876
2026-08-10 13:21:56.611889,NSE:SIGNORIA-ST,168.0,1000,0,0,,,0.0,0,2000,7000,2000,1000,0.3333333333333333,0
2026-08-10 13:31:20.944079,NSE:SIGNPOST-EQ,270.45,2,5,17,3.4,78.6470588235294,0.04323111443530292,1337,2187,29088,2,5,-0.42857142857142855,120644
2026-08-10 13:27:51.602523,NSE:SILGO-EQ,69.0,90,0,1,,90.0,0.0,90,3519,4590,69,6,0.84,82669
2026-08-10 13:30:20.997413,NSE:SILINV-EQ,440.0,25,1,3,25.0,25.0,0.0,75,275,979,4,2,0.3333333333333333,909
2026-08-10 13:30:36.748040,NSE:SILKFLEX-SM,211.45,1000,1,3,1000.0,1000.0,0.0,3000,6000,16000,1000,1000,0.0,15000
2026-08-10 13:21:55.005056,NSE:SILKY-SM,77.25,800,0,0,,,0.0,0,1600,8000,800,800,0.0,3200
2026-08-10 13:31:36.859962,NSE:SILVER-EQ,230.82,25,141,338,154.52482269503545,156.37278106508876,0.9881823527249022,52854,91060,407822,505,3569,-0.7520864015709376,887674
2026-08-10 13:31:34.691839,NSE:SILVER360-EQ,227.08,2,34,69,2.0,5.6231884057971016,0.3556701030927835,388,1437,61745,4,621,-0.9872,29426
2026-08-10 13:31:36.497962,NSE:SILVERADD-EQ,222.86,1,142,324,25.380281690140844,44.358024691358025,0.5721688886449786,14372,17705,780139,4,261,-0.969811320754717,128533
2026-08-10 13:31:36.434422,NSE:SILVERAG-EQ,225.02,1,114,269,1.0,11.118959107806692,0.08993647609495152,2991,5517,66970,4,695,-0.9885550786838341,109751
2026-08-10 13:31:36.528121,NSE:SILVERAXIS-EQ,229.68,100,132,324,16.03787878787879,47.916666666666664,0.334703557312253,15525,29861,290695,300,100,0.5,332475
2026-08-10 13:31:36.890147,NSE:SILVERBEES-EQ,221.03,10,159,391,138.47798742138366,119.62659846547315,1.1575852627904606,46774,117680,640631,50,7650,-0.987012987012987,17895614
2026-08-10 13:31:36.413751,NSE:SILVERBETA-EQ,223.17,4,117,305,4.0,5.563934426229508,0.7189157336476134,1697,22691,49850,4,1069,-0.9925442684063374,389589
2026-08-10 13:31:33.548118,NSE:SILVERTUC-EQ,198.11,10,10,25,3.1,8.48,0.36556603773584906,212,761,6838,3,3,0.0,226612
2026-08-10 13:31:07.991859,NSE:SIMCA-SM,244.0,600,2,2,600.0,600.0,0.0,1200,2400,11400,600,600,0.0,39000
2026-08-10 13:31:36.396656,NSE:SIMPLEXINF-EQ,257.0,936,19,46,153.8421052631579,77.84782608695652,1.9761901262511208,3581,3927,17978,190,126,0.20253164556962025,502338
2026-08-10 13:26:10.260704,NSE:SINCLAIR-EQ,76.9,247,0,0,,,0.0,0,744,5107,500,30,0.8867924528301887,7439
2026-08-10 13:30:05.317834,NSE:SINGERIND-EQ,68.43,90,1,6,90.0,90.0,0.0,540,3086,52812,19,20,-0.02564102564102564,31879
2026-08-10 13:30:46.228008,NSE:SINTERCOM-EQ,84.01,50,8,8,50.0,50.0,1.0,400,700,1606,15,15,0.0,3265
2026-08-10 13:31:21.403810,NSE:SIRCA-EQ,455.45,3,17,59,6.764705882352941,9.05084745762712,0.7474113240801938,534,2082,39596,100,16,0.7241379310344828,330994
2026-08-10 13:31:10.384056,NSE:SIS-EQ,426.3,1,19,37,3.9473684210526314,40.83783783783784,0.09665958410254623,1511,2501,5068,8,41,-0.673469387755102,77521
2026-08-10 13:31:27.691846,NSE:SJLOGISTIC-SM,312.95,250,7,13,250.0,250.0,1.0,3250,7750,17750,250,250,0.0,25750
2026-08-10 13:31:35.139269,NSE:SJVN-EQ,67.88,7,37,93,27.675675675675677,47.24731182795699,0.5857619112056982,4394,7301,43994,464,457,0.00760043431053203,806313
2026-08-10 13:31:36.344070,NSE:SKMEGGPROD-EQ,238.95,49,32,85,74.5625,77.96470588235294,0.9563622302701071,6627,9826,22730,38,131,-0.5502958579881657,200581
2026-08-10 13:21:58.088097,NSE:SKP-SM,171.0,500,0,0,,,0.0,0,1000,2500,500,500,0.0,0
2026-08-10 13:27:30.994127,NSE:SLONE-ST,137.75,400,0,1,,400.0,0.0,400,1200,2400,0,400,-1.0,1600
2026-08-10 13:29:55.324665,NSE:SMARTEN-ST,50.4,1200,1,1,1200.0,1200.0,0.0,1200,3600,8400,1200,6000,-0.6666666666666666,7200
2026-08-10 13:29:13.447846,NSE:SMARTLINK-BE,214.0,60,0,2,,60.0,0.0,120,675,719,45,968,-0.9111549851924975,1611
2026-08-10 13:30:45.984280,NSE:SMARTWORKS-EQ,485.45,91,5,14,91.0,39.57142857142857,2.2996389891696754,554,635,1032,20,1,0.9047619047619048,76527
2026-08-10 13:30:49.438081,NSE:SMCGLOBAL-EQ,79.02,1,10,11,1.0,2.272727272727273,0.43999999999999995,25,67,72693,7,126,-0.8947368421052632,160025
2026-08-10 13:23:03.777638,NSE:SMLT-EQ,68.89,1,0,0,,,0.0,0,4,1782,1,13,-0.8571428571428571,2834
2026-08-10 13:31:31.271646,NSE:SMSPHARMA-EQ,375.55,4,29,63,4.0,5.031746031746032,0.7949526813880127,317,1937,7560,6,295,-0.9601328903654485,68317
2026-08-10 13:21:55.436080,NSE:SNEHAA-SM,48.45,1000,0,0,,,0.0,0,2000,9000,1000,1000,0.0,8000
2026-08-10 13:31:32.857870,NSE:SNOWMAN-EQ,39.85,110,4,11,156.0,243.8181818181818,0.639821029082774,2682,3975,32507,2,51,-0.9245283018867925,94360
2026-08-10 13:30:05.602352,NSE:SOFTTECH-BE,423.5,500,1,1,500.0,500.0,0.0,500,1500,4500,946,104,0.8019047619047619,4516
2026-08-10 13:31:20.948257,NSE:SOLARWORLD-EQ,166.85,4,11,28,15.090909090909092,15.357142857142858,0.9826638477801268,430,716,13201,8,20,-0.42857142857142855,132747
2026-08-10 13:31:17.213887,NSE:SOMANYCERA-EQ,502.2,1,9,26,1.0,14.692307692307692,0.06806282722513089,382,426,774,4,5,-0.1111111111111111,46844
2026-08-10 13:27:30.588376,NSE:SOMATEX-EQ,95.05,1,0,5,,1.0,0.0,5,868,1393,11,8,0.15789473684210525,11900
2026-08-10 13:31:33.983953,NSE:SOMICONVEY-EQ,93.24,10,28,33,23.321428571428573,42.81818181818182,0.544661813770094,1413,2697,3790,1,70,-0.971830985915493,10411
2026-08-10 13:21:53.386084,NSE:SONAL-EQ,91.4,4,0,0,,,0.0,0,8,76,5,162,-0.9401197604790419,29
2026-08-10 13:21:57.573768,NSE:SONAMAC-SM,35.0,1000,0,0,,,0.0,0,2000,5000,1000,2000,-0.3333333333333333,2000
2026-08-10 13:24:10.064016,NSE:SONAMLTD-EQ,54.42,14,0,0,,,0.0,0,70,2273,11,1198,-0.9818031430934657,28295
2026-08-10 13:31:35.863772,NSE:SONATSOFTW-EQ,320.2,1,32,89,102.84375,41.96629213483146,2.4506275100401607,3735,6193,39303,674,3,0.9911373707533235,834618
2026-08-10 13:21:53.670478,NSE:SONUINFRA-ST,41.45,1500,0,0,,,0.0,0,3000,6000,0,3000,-1.0,0
2026-08-10 13:21:55.069930,NSE:SOTAC-SM,94.9,1200,0,0,,,0.0,0,2400,4800,1200,0,1.0,0
2026-08-10 13:31:34.778069,NSE:SOUTHBANK-EQ,46.07,429,63,169,168.23809523809524,410.0118343195266,0.410324973954253,69292,166199,439220,1018,705,0.1816598955310505,8323969
2026-08-10 13:31:21.569875,NSE:SOUTHWEST-EQ,235.57,1,6,11,1.0,1.0,1.0,11,2070,3556,1,2,-0.3333333333333333,51122
2026-08-10 13:31:30.033932,NSE:SPANDANA-EQ,255.4,2,15,39,6.4,9.35897435897436,0.6838356164383562,365,1595,7098,2,4,-0.3333333333333333,156966
2026-08-10 13:31:36.454071,NSE:SPARC-EQ,217.08,72,172,271,59.19767441860465,74.94464944649447,0.7898852667376592,20310,21331,51297,108,1,0.981651376146789,863020
2026-08-10 13:21:53.603475,NSE:SPCL-SM,65.8,600,0,0,,,0.0,0,1200,4200,600,600,0.0,16800
2026-08-10 13:21:55.747999,NSE:SPCON-SM,152.6,1200,0,0,,,0.0,0,2400,4800,1200,1200,0.0,2400
2026-08-10 13:21:57.273902,NSE:SPEB-ST,86.6,2000,0,0,,,0.0,0,4000,8000,2000,0,1.0,8000
2026-08-10 13:31:36.893992,NSE:SPECIALITY-EQ,150.76,26,35,77,50.74285714285714,74.68831168831169,0.6793948878455921,5751,9709,25262,34,100,-0.4925373134328358,150543
2026-08-10 13:25:30.195206,NSE:SPECTSTM-SM,66.6,800,0,0,,,0.0,0,12800,21600,3200,800,0.6,2400
2026-08-10 13:30:25.691729,NSE:SPENCERS-EQ,32.18,100,2,5,100.0,100.0,0.0,500,1105,20016,1,31,-0.9375,43279
2026-08-10 13:31:08.240098,NSE:SPIC-EQ,67.54,300,6,22,218.0,97.81818181818181,2.2286245353159853,2152,2394,9280,1000,193,0.6764459346186086,315497
2026-08-10 13:31:17.597790,NSE:SPLIL-EQ,32.26,265,1,7,265.0,189.85714285714286,0.0,1329,1393,1413,7,35,-0.6666666666666666,5057
2026-08-10 13:31:32.533953,NSE:SPMLINFRA-EQ,190.0,301,10,15,151.1,190.86666666666667,0.7916521131680055,2863,3471,5165,130,50,0.4444444444444444,87998
2026-08-10 13:31:20.538050,NSE:SPORTKING-EQ,212.95,20,17,40,9.823529411764707,33.475,0.29345868295040195,1339,3157,10252,6,3,0.3333333333333333,362818
2026-08-10 13:21:53.880920,NSE:SPRL-SM,101.95,800,0,0,,,0.0,0,1600,3200,0,800,-1.0,0
2026-08-10 13:21:58.167424,NSE:SPUNWEB-SM,102.0,1200,0,0,,,0.0,0,2400,6000,2400,1200,0.3333333333333333,1200
2026-08-10 13:27:15.517878,NSE:SRD-EQ,37.0,100,0,2,,100.0,0.0,200,430,774,440,10,0.9555555555555556,15474
2026-08-10 13:30:26.030347,NSE:SREEL-EQ,220.51,14,4,6,14.0,14.0,1.0,84,3893,5342,1,1,0.0,6988
2026-08-10 13:26:22.644022,NSE:SRGHFL-EQ,289.0,1,0,0,,,0.0,0,5,8,6,458,-0.9741379310344828,153
2026-08-10 13:21:53.453772,NSE:SRIVASAVI-ST,89.5,1000,0,0,,,0.0,0,2000,9000,1000,1000,0.0,7000
2026-08-10 13:31:27.553822,NSE:SRTL-EQ,40.46,85,5,6,49.0,64.83333333333333,0.7557840616966581,389,2549,8248,70,15,0.6470588235294118,56624
2026-08-10 13:31:22.344065,NSE:SSDL-EQ,54.23,1,5,8,7.0,80.0,0.0875,640,1255,2007,820,49,0.8872266973532796,8947
2026-08-10 13:30:15.733970,NSE:SSEGL-SM,316.05,200,4,8,200.0,200.0,1.0,1600,4800,73000,200,200,0.0,31600
2026-08-10 13:25:31.364116,NSE:SSFL-ST,233.0,500,0,0,,,0.0,0,2000,18000,500,500,0.0,12000
2026-08-10 13:29:09.693975,NSE:SSFLPP-E1,132.0,441,0,5,,624.6,0.0,3123,9852,23154,2,462,-0.9913793103448276,6941
2026-08-10 13:31:36.784159,NSE:SSWL-EQ,323.25,2,43,102,37.883720930232556,30.372549019607842,1.2473013346945516,3098,8337,40696,4,286,-0.9724137931034482,809290
2026-08-10 13:31:35.163875,NSE:STALLION-EQ,252.8,30,27,88,16.037037037037038,46.51136363636363,0.3447982553772928,4093,5560,30157,5,5,0.0,1336243
2026-08-10 13:31:29.785134,NSE:STANLEY-EQ,144.0,4,9,30,5.888888888888889,3.066666666666667,1.9202898550724639,92,805,4038,2,38,-0.9,126053
2026-08-10 13:31:31.277899,NSE:STARCEMENT-EQ,200.34,1,6,13,1.0,1.0,1.0,13,822,2026,10,8,0.1111111111111111,93976
2026-08-10 13:27:50.231768,NSE:STARPAPER-EQ,152.61,65,0,5,,65.0,0.0,325,455,1249,8,7,0.06666666666666667,4788
2026-08-10 13:21:58.186351,NSE:STARTECK-EQ,260.45,1,0,0,,,0.0,0,2,11,1,1,0.0,169
2026-08-10 13:30:54.735266,NSE:STCINDIA-EQ,120.02,27,3,17,27.0,27.0,1.0,459,720,5809,9,4,0.38461538461538464,21549
2026-08-10 13:31:06.679926,NSE:STEELCAS-EQ,334.0,1,20,30,2.3,4.166666666666667,0.5519999999999999,125,1396,2855,1,7,-0.75,42298
2026-08-10 13:26:24.354221,NSE:STEELCITY-EQ,84.01,61,0,0,,,0.0,0,1037,1265,18,11,0.2413793103448276,3650
2026-08-10 13:24:16.744032,NSE:STERTOOLS-BE,241.0,28,0,0,,,0.0,0,186,641,2222,27,0.9759893285904847,6434
2026-08-10 13:21:58.128130,NSE:STRIDERS-SM,64.1,1600,0,0,,,0.0,0,3200,8000,3200,1600,0.3333333333333333,0
2026-08-10 13:31:36.421357,NSE:STUDDS-EQ,440.0,1,46,112,3.5,6.625,0.5283018867924528,742,2098,20930,3,144,-0.9591836734693877,103379
2026-08-10 13:31:36.357881,NSE:STYL-EQ,418.95,85,18,56,16.333333333333332,19.0,0.8596491228070174,1064,2968,10858,6,24,-0.6,260994
2026-08-10 13:31:05.713966,NSE:STYLEBAAZA-BE,336.65,7,5,16,168.8,280.25,0.6023193577163247,4484,17113,23653,17578,0,1.0,601142
2026-08-10 13:28:55.333745,NSE:SUBAHOTELS-SM,112.0,1200,0,3,,1200.0,0.0,3600,6000,124800,1200,1200,0.0,25200
2026-08-10 13:31:23.293822,NSE:SUDARCOLOR-EQ,411.55,1,19,28,2.210526315789474,5.785714285714286,0.38206627680311894,162,432,2115,7,1,0.75,11238
2026-08-10 13:28:43.667920,NSE:SUKHJITS-EQ,163.98,12,0,11,,12.0,0.0,132,146,418,2,95,-0.9587628865979382,5320
2026-08-10 13:31:34.799725,NSE:SULA-EQ,153.94,7,21,51,28.904761904761905,110.45098039215686,0.26169764905784787,5633,8389,22892,15,32,-0.3617021276595745,414224
2026-08-10 13:30:17.737854,NSE:SUMIT-EQ,54.14,10,1,3,10.0,10.0,0.0,30,598,986,1,8,-0.7777777777777778,19508
2026-08-10 13:31:36.179867,NSE:SUNFLAG-EQ,384.0,56,23,39,34.47826086956522,25.53846153846154,1.3500523834468308,996,2818,20722,1285,90,0.8690909090909091,144209
2026-08-10 13:30:50.508385,NSE:SUNLITE-SM,456.0,300,1,1,300.0,300.0,0.0,300,2700,6000,300,1200,-0.6,19500
2026-08-10 13:21:54.232461,NSE:SUNREST-SM,39.0,1600,0,0,,,0.0,0,3200,6400,3200,1600,0.3333333333333333,1600
2026-08-10 13:21:56.547573,NSE:SUNTECH-ST,34.0,1600,0,0,,,0.0,0,3200,11200,3200,3200,0.0,3200
2026-08-10 13:31:35.873822,NSE:SUNTECK-EQ,299.6,36,17,36,14.058823529411764,19.833333333333332,0.7088482451804251,714,1573,4367,114,18,0.7272727272727273,68281
2026-08-10 13:31:36.477281,NSE:SUNTV-EQ,486.5,2,13,35,5.0,28.914285714285715,0.17292490118577075,1012,1905,4476,15,4,0.5789473684210527,82051
2026-08-10 13:31:27.303952,NSE:SUPERHOUSE-EQ,159.13,2,1,1,2.0,2.0,0.0,2,6,118,1,1,0.0,1127
2026-08-10 13:27:25.663839,NSE:SUPREME-EQ,43.96,2,0,4,,8.5,0.0,34,40,4838,15,19,-0.11764705882352941,33072
2026-08-10 13:31:12.345531,NSE:SUPREMEINF-EQ,90.2,116,1,1,116.0,116.0,0.0,116,236,3764,3,67,-0.9142857142857143,43151
2026-08-10 13:26:57.598137,NSE:SUPREMEPWR-SM,204.0,500,0,1,,500.0,0.0,500,2000,13000,500,500,0.0,31500
2026-08-10 13:31:28.283701,NSE:SURAJEST-EQ,208.0,5,29,43,338.1034482758621,228.67441860465115,1.4785363852193705,9833,10083,22176,4,505,-0.9842829076620825,84166
2026-08-10 13:29:31.533878,NSE:SURAJLTD-EQ,220.0,1,0,1,,1.0,0.0,1,3,5,6,1,0.7142857142857143,186
2026-08-10 13:31:16.015258,NSE:SURAKSHA-EQ,270.65,20,21,99,15.619047619047619,27.818181818181817,0.5614690320572674,2754,3468,16109,71,64,0.05185185185185185,576370
2026-08-10 13:25:41.268582,NSE:SURANI-SM,99.2,200,0,0,,,0.0,0,600,3800,200,1200,-0.7142857142857143,200
2026-08-10 13:21:53.528252,NSE:SURYALA-EQ,400.5,26300,0,0,,,0.0,0,52600,157832,8,5,0.23076923076923078,26380
2026-08-10 13:31:12.163809,NSE:SURYALAXMI-EQ,60.64,1,2,4,1.0,1.0,0.0,4,191,2559,21,37,-0.27586206896551724,13305
2026-08-10 13:31:36.183888,NSE:SURYAROSNI-EQ,247.1,8,48,125,62.479166666666664,29.432,2.122831158829392,3679,5020,11551,797,53,0.8752941176470588,364839
2026-08-10 13:31:30.923913,NSE:SURYODAY-EQ,161.52,9,11,16,9.545454545454545,7.5,1.2727272727272727,120,522,4163,23,70,-0.5053763440860215,172138
2026-08-10 13:29:20.947877,NSE:SUTLEJTEX-BE,38.4,42,0,2,,23.5,0.0,47,70,6218,739,46,0.8828025477707007,23554
2026-08-10 13:31:26.894512,NSE:SUVEN-EQ,336.65,3,25,61,11.76,19.40983606557377,0.6058783783783783,1184,1736,10741,48,2,0.92,864070
2026-08-10 13:31:35.148093,NSE:SUZLON-EQ,47.31,107,84,218,260.8452380952381,283.6834862385321,0.9194939104629772,61843,121487,544451,26022,20,0.9984640196605483,33797192
2026-08-10 13:31:31.184161,NSE:SWANCORP-EQ,308.3,4,28,60,15.678571428571429,16.516666666666666,0.9492576041516506,991,1609,7644,4,52,-0.8571428571428571,354067
2026-08-10 13:31:06.126504,NSE:SWARAJ-SM,361.9,1000,2,2,1000.0,1000.0,0.0,2000,8000,28000,500,500,0.0,177500
2026-08-10 13:31:36.412117,NSE:SWIGGY-EQ,281.25,18,67,165,93.17910447761194,98.30909090909091,0.9478177818140664,16221,29729,141834,1436,3807,-0.45222201029944686,8028835
2026-08-10 13:31:20.938040,NSE:SWSOLAR-EQ,204.21,100,24,56,79.16666666666667,49.339285714285715,1.6045361322234286,2763,6529,36260,157,152,0.016181229773462782,370884
2026-08-10 13:28:20.293946,NSE:SYLVANPLY-SM,48.2,2000,0,1,,2000.0,0.0,2000,8000,14000,2000,2000,0.0,2000
2026-08-10 13:31:36.380415,NSE:SYNGENE-EQ,400.4,1,115,306,12.391304347826088,12.418300653594772,0.9978260869565218,3800,7203,32787,330,43,0.7694369973190348,1232877
2026-08-10 13:21:57.733908,NSE:SYNOPTICS-ST,71.0,600,0,0,,,0.0,0,1200,2400,600,1200,-0.3333333333333333,600
2026-08-10 13:28:54.894014,NSE:SYSTANGO-SM,211.5,400,0,2,,400.0,0.0,800,2400,5200,400,400,0.0,8400
2026-08-10 13:21:54.601431,NSE:SYSTMTXC-BE,59.5,100,0,0,,,0.0,0,200,485,52,355,-0.7444717444717445,4589
2026-08-10 13:30:31.190683,NSE:TAINWALCHM-EQ,206.65,2,2,5,2.0,2.0,0.0,10,16,441,5,1,0.6666666666666666,625
2026-08-10 13:31:32.048137,NSE:TAJGVK-EQ,356.9,1,18,29,4.555555555555555,4.586206896551724,0.9933166248955722,133,226,2565,55,11,0.6666666666666666,35846
2026-08-10 13:31:09.164566,NSE:TALBROAUTO-EQ,437.9,1,17,25,37.588235294117645,34.44,1.091412174625948,861,11066,14008,2,12,-0.7142857142857143,142548
2026-08-10 13:26:56.703813,NSE:TAMBOLIIN-BE,227.0,3,0,1,,3.0,0.0,3,12,886,47,20,0.40298507462686567,8328
2026-08-10 13:21:55.905335,NSE:TAPIFRUIT-SM,50.0,750,0,0,,,0.0,0,1500,3000,0,0,0.0,0
2026-08-10 13:31:36.369929,NSE:TARACHAND-EQ,50.9,14,25,51,13.52,33.254901960784316,0.4065566037735849,1696,6489,11205,14,3662,-0.9923830250272034,287819
2026-08-10 13:30:55.211385,NSE:TARC-EQ,131.74,7,6,21,55.0,61.857142857142854,0.8891454965357968,1299,2355,16624,40,45,-0.058823529411764705,184510
2026-08-10 13:31:36.874924,NSE:TARIL-EQ,299.6,221,27,56,79.55555555555556,133.01785714285714,0.59808177085664,7449,9453,37025,482,2028,-0.6159362549800796,531359
2026-08-10 13:31:35.881230,NSE:TARMAT-EQ,53.87,179,5,6,84.8,74.33333333333333,1.1408071748878925,446,644,56365,151,30,0.6685082872928176,15759
2026-08-10 13:31:26.418048,NSE:TARSONS-EQ,319.9,3,3,10,9.0,41.9,0.21479713603818618,419,1456,4330,1,7,-0.75,185027
2026-08-10 13:31:36.495950,NSE:TATACAP-EQ,368.1,1,60,153,8.416666666666666,8.803921568627452,0.9560133630289531,1347,3227,23551,2,35,-0.8918918918918919,971729
2026-08-10 13:31:36.323071,NSE:TATAPOWER-EQ,380.0,29,81,213,50.71604938271605,44.906103286384976,1.1293798764786742,9565,18303,68758,1413,345,0.6075085324232082,3722096
2026-08-10 13:31:36.798267,NSE:TATASTEEL-EQ,190.88,1,179,334,57.6927374301676,59.703592814371255,0.9663193571875021,19941,40955,192544,434,249,0.2708638360175695,22550081
2026-08-10 13:31:10.367023,NSE:TAURIAN-SM,415.0,800,2,2,800.0,800.0,0.0,1600,4000,12800,800,800,0.0,24000
2026-08-10 13:31:01.671512,NSE:TBI-SM,62.0,600,6,10,600.0,600.0,1.0,6000,7200,16800,600,600,0.0,26400
2026-08-10 13:31:36.386034,NSE:TBZ-EQ,282.45,10,29,64,33.55172413793103,24.53125,1.3677135954315836,1570,4134,23858,29,31,-0.03333333333333333,942789
2026-08-10 13:30:15.933721,NSE:TCC-EQ,276.75,1,6,7,2.3333333333333335,2.142857142857143,1.088888888888889,15,17,99,7,7,0.0,5883
2026-08-10 13:23:22.908290,NSE:TCL-SM,118.25,800,0,0,,,0.0,0,3200,8800,800,800,0.0,0
2026-08-10 13:29:04.520220,NSE:TEAMGTY-EQ,223.99,1,0,1,,1.0,0.0,1,5,132,59,4,0.873015873015873,1364
2026-08-10 13:21:55.743907,NSE:TEAMTECH-ST,117.95,2000,0,0,,,0.0,0,4000,16000,2000,2000,0.0,18000
2026-08-10 13:26:08.904824,NSE:TECHERA-SM,180.0,800,0,0,,,0.0,0,4800,42400,800,800,0.0,127200
2026-08-10 13:26:25.850868,NSE:TECHLABS-SM,119.5,375,0,0,,,0.0,0,1500,2750,125,125,0.0,5875
2026-08-10 13:21:58.951172,NSE:TEJASCARGO-SM,399.0,400,0,0,,,0.0,0,800,1600,400,0,1.0,400
2026-08-10 13:31:26.923690,NSE:TEMBO-EQ,63.0,10,13,34,38.84615384615385,182.02941176470588,0.2134059186894863,6189,6798,101897,54,927,-0.8899082568807339,1892161
2026-08-10 13:30:47.218137,NSE:TERASOFT-EQ,409.35,4,3,14,7.0,9.571428571428571,0.7313432835820896,134,1230,3237,1,4,-0.6,15921
2026-08-10 13:30:40.256211,NSE:TEXINFRA-EQ,113.0,5362,1,5,5362.0,5362.0,0.0,26810,38694,39332,19,3,0.7272727272727273,65710
2026-08-10 13:31:32.981013,NSE:TEXMOPIPES-EQ,43.49,1,1,2,1.0,1.0,0.0,2,7,3802,1,30,-0.9354838709677419,13179
2026-08-10 13:31:30.467852,NSE:TEXRAIL-EQ,108.05,2,20,45,70.0,49.84444444444444,1.4043691484618814,2243,5180,30121,32,146,-0.6404494382022472,604410
2026-08-10 13:31:31.014806,NSE:TFCILTD-EQ,115.75,700,38,80,248.23684210526315,316.0,0.7855596269153897,25280,37612,149887,3516,2165,0.23781024467523323,13977703
2026-08-10 13:21:54.709320,NSE:THAKDEV-EQ,140.0,1,0,0,,,0.0,0,2,4,10,1,0.8181818181818182,6
2026-08-10 13:28:12.126239,NSE:THEINVEST-EQ,99.1,100,0,4,,100.0,0.0,400,600,966,11,3,0.5714285714285714,266
2026-08-10 13:31:36.314054,NSE:THEMISMED-EQ,111.4,82,42,85,6.0,153.1764705882353,0.03917050691244239,13020,53584,54799,12,17,-0.1724137931034483,69510
2026-08-10 13:31:15.023859,NSE:THOMASCOOK-EQ,106.12,8,11,35,8.636363636363637,21.17142857142857,0.40792540792540793,741,15943,56532,17,52,-0.5072463768115942,488654
2026-08-10 13:31:34.805760,NSE:THOMASCOTT-EQ,350.0,3,27,87,42.22222222222222,34.91954022988506,1.2091288128154487,3038,5169,57685,35,1631,-0.957983193277311,1155288
2026-08-10 13:31:36.473811,NSE:TI-EQ,501.65,1,40,86,1.825,1.8255813953488371,0.9996815286624204,157,490,5620,21,4,0.68,1154724
2026-08-10 13:31:25.227770,NSE:TIL-EQ,230.5,1,8,50,6.25,203.58,0.030700461734944492,10179,15101,21101,24,3,0.7777777777777778,394295
2026-08-10 13:21:56.097231,NSE:TIMESCAN-SM,42.0,2000,0,0,,,0.0,0,4000,8000,4000,2000,0.3333333333333333,0
2026-08-10 13:31:36.868020,NSE:TIMETECHNO-EQ,207.02,115,115,233,24.16521739130435,27.27467811158798,0.8859945951493177,6355,9983,31822,1,10,-0.8181818181818182,2550343
2026-08-10 13:28:34.960975,NSE:TIPSFILMS-EQ,389.0,2,0,2,,2.0,0.0,4,6,451,5,9,-0.2857142857142857,12652
2026-08-10 13:31:25.713007,NSE:TIRUMALCHM-EQ,167.19,73,7,26,35.142857142857146,55.57692307692308,0.6323282254078102,1445,3218,9769,22,2,0.8333333333333334,137586
2026-08-10 13:21:58.408029,NSE:TIRUPATI-SM,337.8,125,0,0,,,0.0,0,250,500,0,125,-1.0,125
2026-08-10 13:31:21.824959,NSE:TIRUPATIFL-BE,69.5,50,11,31,160.45454545454547,128.90322580645162,1.244767494767495,3996,10559,20441,370,12605,-0.9429672447013487,107686
2026-08-10 13:31:36.203692,NSE:TMCV-EQ,454.55,51,66,170,37.196969696969695,34.88235294117647,1.0663549491542745,5930,10871,38947,14,499,-0.9454191033138402,3502931
2026-08-10 13:31:36.327972,NSE:TMPV-EQ,347.55,7,94,286,17.95744680851064,23.737762237762237,0.7564928247509269,6789,15079,46594,152,675,-0.6324062877871826,3445598
2026-08-10 13:31:32.867817,NSE:TNPETRO-EQ,99.42,103,13,16,103.0,103.0,1.0,1648,3212,7089,1,6,-0.7142857142857143,170487
2026-08-10 13:31:36.847799,NSE:TNPL-EQ,154.16,27,20,35,31.9,61.08571428571429,0.5222170252572497,2138,2510,11390,3,50,-0.8867924528301887,72218
2026-08-10 13:23:12.828100,NSE:TOKYOPLAST-BE,80.0,5,0,0,,,0.0,0,15,25,417,30,0.8657718120805369,106
2026-08-10 13:30:46.318287,NSE:TOLINS-EQ,102.06,1,6,19,35.0,46.63157894736842,0.7505643340857788,886,1362,2688,131,17,0.7702702702702703,16455
2026-08-10 13:29:09.708148,NSE:TOTAL-EQ,67.16,228,0,5,,228.0,0.0,1140,2052,3428,30,100,-0.5384615384615384,18714
2026-08-10 13:31:01.884084,NSE:TOUCHWOOD-EQ,67.14,49,5,5,49.0,49.0,1.0,245,392,398,18,49,-0.4626865671641791,2724
2026-08-10 13:31:06.766292,NSE:TPLPLASTEH-EQ,75.84,1,5,21,1.0,12.333333333333334,0.08108108108108107,259,712,2262,62,9,0.7464788732394366,99882
2026-08-10 13:31:30.943851,NSE:TRANSRAILL-EQ,479.9,6,14,48,12.285714285714286,13.104166666666666,0.9375425846014083,629,2263,12539,15,29,-0.3181818181818182,292568
2026-08-10 13:23:27.804021,NSE:TRANSTEEL-SM,112.0,1000,0,0,,,0.0,0,11000,32000,1000,1000,0.0,14000
2026-08-10 13:27:20.904100,NSE:TRANSWORLD-BE,159.1,30,0,1,,30.0,0.0,30,150,2538,41,69,-0.2545454545454545,15001
2026-08-10 13:31:35.163875,NSE:TREJHARA-EQ,170.9,1,15,28,5.8,3.5714285714285716,1.6239999999999999,100,4508,5381,3,3,0.0,30801
2026-08-10 13:31:31.076142,NSE:TRF-EQ,236.0,139,8,11,26.125,21.454545454545453,1.2176906779661019,236,4438,5657,1,2,-0.3333333333333333,19045
2026-08-10 13:29:49.171458,NSE:TRIGYN-EQ,54.04,29,1,1,29.0,29.0,0.0,29,145,232,30,12,0.42857142857142855,17342
2026-08-10 13:31:30.897078,NSE:TRIVENI-EQ,244.4,1,36,72,14.305555555555555,67.65277777777777,0.21145555327448165,4871,7359,45115,99,377,-0.5840336134453782,1398433
2026-08-10 13:22:02.260245,NSE:TROM-SM,57.65,600,0,0,,,0.0,0,1800,6000,600,600,0.0,5400
2026-08-10 13:31:21.663885,NSE:TRUALT-EQ,475.45,5,13,47,92.23076923076923,70.29787234042553,1.3119994412367293,3304,4614,8385,4,20,-0.6666666666666666,243138
2026-08-10 13:21:58.158010,NSE:TSC-ST,45.75,2000,0,0,,,0.0,0,4000,14000,2000,2000,0.0,10000
2026-08-10 13:31:36.778020,NSE:TSFINV-EQ,435.2,2,42,96,1.5714285714285714,4.614583333333333,0.34053531118993874,443,1658,14816,81,1,0.975609756097561,30944
2026-08-10 13:31:34.984438,NSE:TTML-EQ,39.11,42,21,57,25.714285714285715,28.614035087719298,0.8986598931418062,1631,4232,42205,62,550,-0.7973856209150327,562519
2026-08-10 13:31:35.873822,NSE:TURTLEMINT-EQ,115.09,98,26,81,32.57692307692308,71.51851851851852,0.4555033262956619,5793,15113,20716,4,3036,-0.9973684210526316,243321
2026-08-10 13:31:00.833672,NSE:TVSSCS-EQ,130.15,2,8,34,38.75,143.38235294117646,0.2702564102564103,4875,12023,28281,10,9,0.05263157894736842,392908
2026-08-10 13:29:04.483818,NSE:TVTODAY-EQ,114.01,6,0,5,,6.0,0.0,30,899,2886,8,7,0.06666666666666667,20953
2026-08-10 13:28:35.233879,NSE:UCAL-EQ,120.02,1,0,7,,1.0,0.0,7,15,2054,9,2,0.6363636363636364,9850
2026-08-10 13:21:54.348494,NSE:UCL-ST,225.45,2000,0,0,,,0.0,0,4000,20000,2000,2000,0.0,4000
2026-08-10 13:31:13.673691,NSE:UDS-EQ,210.55,3,20,40,13.85,11.2,1.2366071428571428,448,1123,9819,16,96,-0.7142857142857143,121370
2026-08-10 13:31:03.683915,NSE:UEL-EQ,270.67,9,9,15,5.111111111111111,3.8666666666666667,1.32183908045977,58,181,1226,25890,0,1.0,36531
2026-08-10 13:31:31.726040,NSE:UFLEX-EQ,492.6,6,14,30,6.0,6.066666666666666,0.989010989010989,182,643,4092,200,1,0.9900497512437811,36940
2026-08-10 13:29:38.325202,NSE:UFO-EQ,67.42,2,1,4,2.0,2.0,0.0,8,15,2455,98,20,0.6610169491525424,16253
2026-08-10 13:31:35.203761,NSE:UGARSUGAR-EQ,46.78,199,18,40,170.5,99.025,1.7217874274173188,3961,5424,71450,39,21,0.3,783815
2026-08-10 13:31:36.407954,NSE:UGROCAP-EQ,95.72,103,4,4,89.75,89.75,0.0,359,778,29474,12,15,-0.1111111111111111,173502
2026-08-10 13:27:55.482966,NSE:UHTL-ST,98.9,2000,0,3,,2000.0,0.0,6000,10000,16000,2000,2000,0.0,18000
2026-08-10 13:31:34.767766,NSE:UJJIVANSFB-EQ,70.68,131,73,179,78.38356164383562,96.24581005586592,0.8144101192388308,17228,25111,139887,1228,400,0.5085995085995086,4591362
2026-08-10 13:31:25.633116,NSE:ULTRAMAR-EQ,397.0,1,5,11,1.0,7.545454545454546,0.1325301204819277,83,138,1462,1,10,-0.8181818181818182,92077
2026-08-10 13:29:14.983924,NSE:UMIYA-MRO-EQ,89.07,254,0,1,,254.0,0.0,254,1016,1481,13,28,-0.36585365853658536,4743
2026-08-10 13:31:05.265320,NSE:UNICHEMLAB-EQ,503.8,8,8,18,41.75,19.88888888888889,2.0991620111731844,358,546,6347,1,1,0.0,46573
2026-08-10 13:30:36.862353,NSE:UNIDT-BE,233.49,20,2,7,20.0,6.428571428571429,0.0,45,47,57,20,14,0.17647058823529413,2152
2026-08-10 13:31:06.793923,NSE:UNIECOM-EQ,84.41,35,16,41,40.8125,37.68292682926829,1.0830501618122979,1545,2541,13048,17,17,0.0,126811
2026-08-10 13:23:04.150360,NSE:UNIENTER-EQ,96.36,33,0,0,,,0.0,0,132,498,1,2,-0.3333333333333333,3005
2026-08-10 13:31:36.884278,NSE:UNIONBANK-EQ,182.27,72,81,199,49.592592592592595,47.050251256281406,1.0540345963821347,9363,15302,79342,114,635,-0.6955941255006676,5453426
2026-08-10 13:22:28.544408,NSE:UNITEDTEA-EQ,471.0,1,0,0,,,0.0,0,3,9,1,3,-0.5,383
2026-08-10 13:31:00.966406,NSE:UNIVASTU-BE,130.0,30,5,10,203.8,258.0,0.7899224806201551,2580,2900,10997,50,748,-0.87468671679198,134705
2026-08-10 13:29:25.208025,NSE:UNIVPHOTO-BE,464.0,12,0,1,,12.0,0.0,12,36,129,10,87,-0.7938144329896907,176
2026-08-10 13:30:36.738312,NSE:URAVIDEF-BE,107.7,5,1,3,5.0,5.0,0.0,15,222,1022,100,68,0.19047619047619047,7327
2026-08-10 13:30:31.394848,NSE:URBAN-SM,145.15,800,1,1,800.0,800.0,0.0,800,4000,28000,800,800,0.0,24000
2026-08-10 13:31:36.787983,NSE:URBANCO-EQ,139.52,10,113,279,101.36283185840708,65.415770609319,1.5495167436576394,18251,19966,74884,573,470,0.0987535953978907,2025634
2026-08-10 13:21:57.161416,NSE:USASEEDS-SM,90.9,428,0,0,,,0.0,0,856,1712,428,856,-0.3333333333333333,0
2026-08-10 13:30:15.767956,NSE:USHAFIN-SM,41.45,1600,1,1,1600.0,1600.0,0.0,1600,9600,16000,1600,1600,0.0,14400
2026-08-10 13:29:43.467940,NSE:UTKAL-SM,47.6,2000,1,13,2000.0,2000.0,0.0,26000,72000,162000,2000,2000,0.0,24000
2026-08-10 13:31:36.222587,NSE:UTLSOLAR-EQ,423.0,178,136,325,36.779411764705884,50.36923076923077,0.7301960185418089,16370,27758,76370,99,7,0.8679245283018868,451345
2026-08-10 13:31:10.770518,NSE:UTTAMSUGAR-EQ,258.5,19,8,19,20.375,13.0,1.5673076923076923,247,1605,6363,1,25,-0.9230769230769231,204589
2026-08-10 13:21:54.887961,NSE:UWCSL-SM,95.0,1000,0,0,,,0.0,0,2000,4000,1000,0,1.0,0
2026-08-10 13:31:26.615994,NSE:V2RETAIL-EQ,218.44,28,29,89,20.06896551724138,107.68539325842697,0.1863666455586898,9584,20092,32700,36,15,0.4117647058823529,638125
2026-08-10 13:31:20.761219,NSE:VAIBHAVGBL-EQ,239.9,21,13,31,75.46153846153847,58.45161290322581,1.2910086602139583,1812,3364,22004,1,5,-0.6666666666666666,291864
2026-08-10 13:21:54.219523,NSE:VALIANTLAB-BE,67.81,5,0,0,,,0.0,0,10,745,30440,0,1.0,26288
2026-08-10 13:31:23.269547,NSE:VALIANTORG-BE,299.0,48,6,13,103.66666666666667,60.92307692307692,1.7015993265993268,792,1217,1531,2,15,-0.7647058823529411,39414
2026-08-10 13:21:58.668047,NSE:VALUE360-SM,75.0,1200,0,0,,,0.0,0,2400,13200,1200,1200,0.0,2400
2026-08-10 13:31:36.255511,NSE:VAML-EQ,477.3,10,81,202,26.493827160493826,28.61881188118812,0.9257486743504156,5781,11156,67242,162,196,-0.09497206703910614,5401611
2026-08-10 13:31:28.327004,NSE:VARDHACRLC-BE,44.61,81,1,3,81.0,81.0,0.0,243,603,7549,329,75,0.6287128712871287,7158
2026-08-10 13:31:31.663903,NSE:VASCONEQ-EQ,34.56,200,17,34,733.3529411764706,416.0,1.7628676470588236,14144,23794,61019,1249,899,0.16294227188081936,1082811
2026-08-10 13:31:17.575859,NSE:VASWANI-EQ,53.67,1,7,9,1.0,6.111111111111111,0.16363636363636364,55,1892,2959,20,80,-0.6,9575
2026-08-10 13:31:36.224107,NSE:VBL-EQ,444.95,2,74,183,17.68918918918919,19.038251366120218,0.9291393862289385,3484,7051,28705,214,76,0.47586206896551725,1195791
2026-08-10 13:21:54.704108,NSE:VDEAL-SM,164.0,600,0,0,,,0.0,0,1200,3000,600,600,0.0,600
2026-08-10 13:31:36.383946,NSE:VEDL-EQ,285.15,1,83,215,42.44578313253012,70.1906976744186,0.6047209179970827,15091,52456,274968,100,1856,-0.8977505112474438,21187274
2026-08-10 13:31:35.093908,NSE:VEDPOWER-EQ,36.52,15,74,188,197.8108108108108,240.85106382978722,0.8212993028364053,45280,74690,339343,2753,440,0.7243971186971501,46605218
2026-08-10 13:31:27.677924,NSE:VEEKAYEM-SM,114.05,500,1,3,500.0,500.0,0.0,1500,2500,4500,500,500,0.0,1000
2026-08-10 13:21:57.596895,NSE:VELS-ST,73.0,1200,0,0,,,0.0,0,2400,4800,0,2400,-1.0,0
2026-08-10 13:21:57.630796,NSE:VERA-SM,78.25,1500,0,0,,,0.0,0,3000,6000,0,3000,-1.0,0
2026-08-10 13:31:21.017890,NSE:VERANDA-EQ,251.15,4,10,19,32.0,17.31578947368421,1.8480243161094227,329,3068,7953,38,48,-0.11627906976744186,90916
2026-08-10 13:21:54.014812,NSE:VERITAAS-SM,33.3,1200,0,0,,,0.0,0,2400,4800,1200,1200,0.0,0
2026-08-10 13:21:55.984894,NSE:VERTEXPLUS-SM,46.0,600,0,0,,,0.0,0,1200,2400,0,0,0.0,0
2026-08-10 13:30:46.213871,NSE:VERTOZ-BE,35.51,40,4,9,10.75,17.0,0.6323529411764706,153,448,1715,174,3915,-0.9148936170212766,11065
2026-08-10 13:31:36.520330,NSE:VESUVIUS-EQ,456.65,29,13,21,16.53846153846154,11.380952380952381,1.4531702607016415,239,842,6726,6,1,0.7142857142857143,48845
2026-08-10 13:29:40.153981,NSE:VETO-BE,122.5,428,1,1,428.0,428.0,0.0,428,1284,3256,103,60,0.26380368098159507,10678
2026-08-10 13:31:12.438324,NSE:VGINFOTECH-SM,148.55,1000,13,15,1000.0,1000.0,1.0,15000,23000,99000,1000,1000,0.0,76000
2026-08-10 13:30:52.264108,NSE:VGL-EQ,61.46,1,4,13,1.0,1.0,1.0,13,31,736,6,6,0.0,8558
2026-08-10 13:31:36.349263,NSE:VGUARD-EQ,321.95,5,32,77,35.03125,21.714285714285715,1.61328125,1672,2932,53147,77,251,-0.5304878048780488,1086694
2026-08-10 13:28:50.477105,NSE:VHLTD-BE,125.55,1,0,2,,1.0,0.0,2,4,3004,99,23,0.6229508196721312,27207
2026-08-10 13:31:17.637948,NSE:VIAZ-SM,60.5,2000,1,1,2000.0,2000.0,0.0,2000,6000,10000,2000,0,1.0,2000
2026-08-10 13:31:27.216548,NSE:VIDHIING-EQ,315.55,3,3,5,3.0,3.0,1.0,15,24,338,2,1,0.3333333333333333,7915
2026-08-10 13:31:36.528121,NSE:VIDYAWIRES-EQ,97.02,3,20,49,11.4,10.346938775510203,1.1017751479289941,507,5781,65102,1000,162,0.7211703958691911,1141296
2026-08-10 13:21:57.587238,NSE:VIESL-SM,312.0,800,0,0,,,0.0,0,1600,4800,800,800,0.0,8800
2026-08-10 13:21:55.528994,NSE:VIGOR-ST,93.1,1600,0,0,,,0.0,0,3200,97600,0,1600,-1.0,40000
2026-08-10 13:21:57.314096,NSE:VIJAYPD-SM,64.0,2000,0,0,,,0.0,0,4000,14000,2000,2000,0.0,6000
2026-08-10 13:31:35.843948,NSE:VIKRAMSOLR-EQ,160.19,7,48,131,59.604166666666664,51.404580152671755,1.1595108157608158,6734,16141,78773,13,153,-0.8433734939759037,4090258
2026-08-10 13:31:35.104085,NSE:VIKRAN-EQ,72.73,78,32,79,137.78125,161.29113924050634,0.8542394247370899,12742,22571,89578,55,318,-0.7050938337801609,762889
2026-08-10 13:31:27.544028,NSE:VILAS-SM,362.15,250,5,20,250.0,250.0,1.0,5000,8250,22000,250,250,0.0,7000
2026-08-10 13:21:57.850821,NSE:VILINBIO-SM,41.9,4000,0,0,,,0.0,0,8000,28000,0,4000,-1.0,4000
2026-08-10 13:31:26.687223,NSE:VINCOFE-EQ,148.2,3,22,47,62.68181818181818,57.191489361702125,1.095999053030303,2688,5438,1034029,111,161,-0.18382352941176472,1320631
2026-08-10 13:30:51.008903,NSE:VINEETLAB-BE,35.16,943,1,1,943.0,943.0,0.0,943,3289,4117,3320,7470,-0.38461538461538464,39096
2026-08-10 13:29:58.819743,NSE:VINYLINDIA-EQ,243.2,6,1,1,6.0,6.0,0.0,6,18,1551,389,8,0.9596977329974811,4666
2026-08-10 13:31:11.983649,NSE:VIPIND-EQ,319.9,3,13,25,8.615384615384615,64.48,0.13361328497804922,1612,1954,11562,10,412,-0.95260663507109,202249
2026-08-10 13:21:57.754240,NSE:VISACHROME-BE,37.76,1,0,0,,,0.0,0,2,784,137,67,0.3431372549019608,5243
2026-08-10 13:31:19.811881,NSE:VISAKAIND-EQ,102.5,11,30,80,72.63333333333334,64.025,1.1344526877521801,5122,16963,190462,1547,78,0.904,3650430
2026-08-10 13:21:56.054188,NSE:VISAMAN-SM,117.3,0,0,0,,,0.0,0,0,0,0,20000,-1.0,0
2026-08-10 13:21:54.560806,NSE:VISDEM-SM,84.35,1200,0,0,,,0.0,0,2400,8400,1200,1200,0.0,0
2026-08-10 13:30:46.154434,NSE:VISHNUINFR-SM,160.0,500,2,7,500.0,500.0,0.0,3500,8000,15000,500,500,0.0,10000
2026-08-10 13:21:53.663883,NSE:VISHWAS-ST,40.15,1600,0,0,,,0.0,0,3200,6400,1600,1600,0.0,0
2026-08-10 13:31:35.860025,NSE:VISL-EQ,36.97,2,48,120,642.6458333333334,347.5416666666667,1.8491188106941614,41705,100249,516848,25705483,0,1.0,18166525
2026-08-10 13:21:58.535280,NSE:VITAL-BE,51.45,1070,0,0,,,0.0,0,2140,4280,4976,0,1.0,7979
2026-08-10 13:21:58.636057,NSE:VIVO-SM,119.75,3200,0,0,,,0.0,0,6400,19200,8000,0,1.0,36800
2026-08-10 13:31:35.023688,NSE:VIYASH-EQ,277.7,1,27,79,71.33333333333333,62.607594936708864,1.1393718830031,4946,9301,33720,893,39,0.9163090128755365,1004372
2026-08-10 13:30:26.715582,NSE:VLSFINANCE-EQ,266.55,86,1,2,86.0,86.0,0.0,172,774,1984,9,3,0.5,18450
2026-08-10 13:31:36.469788,NSE:VMARCIND-SM,362.95,1500,41,73,1500.0,1500.0,1.0,109500,216000,559500,3000,1500,0.3333333333333333,679500
2026-08-10 13:31:35.849694,NSE:VMM-EQ,108.22,138,104,312,184.68269230769232,162.17307692307693,1.1387999525672952,50598,72949,252462,8,2510,-0.9936457505957109,2323255
2026-08-10 13:21:54.814204,NSE:VMOBILE-SM,67.8,800,0,0,,,0.0,0,1600,10400,800,800,0.0,12800
2026-08-10 13:30:48.039987,NSE:VMSTMT-EQ,48.5,21,12,23,19.083333333333332,67.6086956521739,0.2822615219721329,1555,4323,7696,112,10,0.8360655737704918,244927
2026-08-10 13:31:36.388051,NSE:VOGL-EQ,39.09,42,146,307,393.23972602739724,400.7654723127036,0.9812215702069407,123035,253642,1529391,2258,4288,-0.3101130461350443,153191192
2026-08-10 13:23:57.704264,NSE:VOLERCAR-SM,220.0,1600,0,0,,,0.0,0,6400,16000,800,800,0.0,12800
2026-08-10 13:21:55.221074,NSE:VR-SM,151.85,400,0,0,,,0.0,0,800,1600,400,400,0.0,1200
2026-08-10 13:31:02.047215,NSE:VRAJ-EQ,125.5,9,4,4,9.0,9.0,0.0,36,76,407,16,3,0.6842105263157895,20330
2026-08-10 13:30:48.926007,NSE:VRLLOG-EQ,285.3,23,13,39,7.923076923076923,13.487179487179487,0.5874524714828897,526,1063,12649,26,4,0.7333333333333333,276116
2026-08-10 13:31:16.095853,NSE:VSSL-EQ,343.55,13,16,57,59.6875,58.56140350877193,1.0192293289394847,3338,3906,9552,17,69,-0.6046511627906976,174355
2026-08-10 13:31:36.728169,NSE:VSTIND-EQ,219.78,4,16,46,5.5625,22.869565217391305,0.24322718631178708,1052,5161,15976,29,94,-0.5284552845528455,80621
2026-08-10 13:31:36.884278,NSE:VSTL-EQ,106.6,1,3,8,1.0,34.75,0.02877697841726619,278,308,1036,942,12,0.9748427672955975,5122
2026-08-10 13:31:30.484358,NSE:WAAREEINDO-EQ,314.55,50,6,26,41.833333333333336,46.96153846153846,0.8907998907998909,1221,3072,7831,102,56,0.2911392405063291,126606
2026-08-10 13:31:31.731630,NSE:WAKEFIT-EQ,126.08,18,18,40,47.888888888888886,38.9,1.2310768351899457,1556,4416,34215,58,1,0.9661016949152542,496046
2026-08-10 13:31:31.448078,NSE:WALCHANNAG-EQ,235.9,183,18,43,132.05555555555554,84.86046511627907,1.556149325538199,3649,7370,12327,45,9,0.6666666666666666,291011
2026-08-10 13:21:53.889258,NSE:WALPAR-SM,34.85,2000,0,0,,,0.0,0,4000,8000,0,8000,-1.0,0
2026-08-10 13:31:26.396126,NSE:WANBURY-EQ,252.7,10,19,34,120.73684210526316,132.76470588235293,0.9094046591889562,4514,5150,20657,10,40,-0.6,280519
2026-08-10 13:31:32.048137,NSE:WCIL-EQ,88.43,9,15,23,41.666666666666664,40.04347826086956,1.0405356496561708,921,1106,1740,100,7,0.8691588785046729,39948
2026-08-10 13:31:36.382430,NSE:WEBELSOLAR-EQ,94.53,100,29,67,211.86206896551724,303.1940298507463,0.6987672846652384,20314,47415,74111,87,831,-0.8104575163398693,1282171
2026-08-10 13:28:59.153981,NSE:WEIZMANIND-EQ,78.2,3,0,1,,3.0,0.0,3,9,30,120,1,0.9834710743801653,422
2026-08-10 13:31:36.787983,NSE:WEL-EQ,136.95,10,134,337,216.36567164179104,263.64094955489617,0.8206830995225902,88847,148272,595066,32,68,-0.36,10343799
2026-08-10 13:31:34.778069,NSE:WELSPLSOL-EQ,48.74,15,23,41,362.69565217391306,212.14634146341464,1.709648394933368,8698,8966,19904,40,63,-0.22330097087378642,400551
2026-08-10 13:31:25.855846,NSE:WELSPUNLIV-EQ,165.19,22,24,69,10.458333333333334,111.8840579710145,0.09347474093264249,7720,12002,33000,59,221,-0.5785714285714286,1071583
2026-08-10 13:26:49.323901,NSE:WEWIN-BE,47.0,5,0,2,,5.0,0.0,10,110,310,2,515,-0.9922630560928434,770
2026-08-10 13:28:16.629490,NSE:WHITEFORCE-SM,35.7,1600,0,1,,1600.0,0.0,1600,4800,12800,1600,1600,0.0,4800
2026-08-10 13:31:23.775888,NSE:WINDMACHIN-EQ,300.55,110,24,33,125.70833333333333,94.78787878787878,1.326206841432225,3128,3333,13753,88,3,0.9340659340659341,241404
2026-08-10 13:21:54.414681,NSE:WINNY-SM,30.6,500,0,0,,,0.0,0,1000,2000,500,500,0.0,0
2026-08-10 13:31:22.983840,NSE:WINSOL-SM,112.0,800,1,1,800.0,800.0,0.0,800,4000,6400,400,400,0.0,0
2026-08-10 13:30:17.797287,NSE:WIPL-EQ,170.0,50,1,1,50.0,50.0,0.0,50,150,168,5,5,0.0,68
2026-08-10 13:31:35.814049,NSE:WIPRO-EQ,185.65,13,84,209,36.785714285714285,27.24401913875598,1.3502308194089017,5694,20948,66730,527,296,0.28068043742405835,3727064
2026-08-10 13:21:55.496351,NSE:WOL3D-ST,135.1,1000,0,0,,,0.0,0,2000,4000,1000,1000,0.0,2000
2026-08-10 13:21:54.714664,NSE:WOMANCART-SM,94.95,400,0,0,,,0.0,0,800,19600,400,400,0.0,7600
2026-08-10 13:31:23.190767,NSE:WONDERLA-EQ,488.3,1,16,47,32.8125,28.595744680851062,1.1474609375,1344,1561,3032,44,3,0.8723404255319149,49901
2026-08-10 13:30:57.030943,NSE:WORTHPERI-EQ,160.41,10,1,3,10.0,10.0,0.0,30,150,1373,1,10,-0.8181818181818182,10413
2026-08-10 13:31:31.505077,NSE:WPIL-EQ,434.15,1,7,15,5.0,6.6,0.7575757575757576,99,150,8227,1,1,0.0,15286
2026-08-10 13:25:35.444744,NSE:WSI-EQ,60.5,40,0,0,,,0.0,0,200,1871,17,560,-0.9410745233968805,14316
2026-08-10 13:31:08.917144,NSE:WTICAB-SM,114.0,500,3,10,500.0,500.0,1.0,5000,6000,17500,500,500,0.0,20500
2026-08-10 13:31:21.773881,NSE:XCHANGING-EQ,68.24,16,4,14,16.0,343.5,0.046579330422125184,4809,6017,8649,14,23,-0.24324324324324326,81056
2026-08-10 13:26:11.298171,NSE:XELPMOC-EQ,81.99,1,0,0,,,0.0,0,4,418,10,1966,-0.9898785425101214,4881
2026-08-10 13:31:16.757968,NSE:XTGLOBAL-EQ,32.0,490,3,3,490.0,490.0,0.0,1470,11956,14661,4,10,-0.42857142857142855,33333
2026-08-10 13:31:23.983894,NSE:XTRANET-BE,143.02,100,7,13,94.28571428571429,78.46153846153847,1.2016806722689075,1020,2201,6296,302214,0,1.0,171290
2026-08-10 13:21:55.036795,NSE:YAAP-SM,144.0,1000,0,0,,,0.0,0,2000,16000,1000,1000,0.0,10000
2026-08-10 13:21:55.053887,NSE:YASHOPTICS-SM,115.0,800,0,0,,,0.0,0,1600,4800,800,1600,-0.3333333333333333,4800
2026-08-10 13:31:36.767895,NSE:YATRA-EQ,104.19,17,17,36,15.529411764705882,28.13888888888889,0.5518843272748388,1013,9707,52520,29,3,0.8125,897318
2026-08-10 13:31:36.523923,NSE:ZAGGLE-EQ,204.3,10,28,67,13.214285714285714,27.82089552238806,0.4749770079705702,1864,4818,20611,42,11,0.5849056603773585,366862
2026-08-10 13:21:58.889815,NSE:ZEAL-SM,66.0,600,0,0,,,0.0,0,1200,2400,600,600,0.0,600
2026-08-10 13:31:35.818122,NSE:ZEEL-EQ,94.36,4,51,122,193.6078431372549,136.13114754098362,1.4222156107144204,16608,49294,302188,1086,356,0.5062413314840499,10868795
2026-08-10 13:28:08.303173,NSE:ZENITHDRUG-SM,40.25,800,0,2,,800.0,0.0,1600,6400,294400,800,800,0.0,100000
2026-08-10 13:28:57.956625,NSE:ZENITHEXPO-EQ,235.92,20,0,3,,20.0,0.0,60,72,1253,5,60,-0.8461538461538461,8267
2026-08-10 13:31:36.503991,NSE:ZENSARTECH-EQ,500.8,3,39,85,71.2051282051282,65.56470588235294,1.0860283325741786,5573,7591,22007,98,131,-0.14410480349344978,437005
2026-08-10 13:31:27.534828,NSE:ZIMLAB-BE,111.99,1029,2,6,516.0,173.66666666666666,0.0,1042,1052,41356,500,1100,-0.375,42257
2026-08-10 13:30:05.892438,NSE:ZODIAC-EQ,251.4,1,3,10,1.0,3.4,0.29411764705882354,34,93,410,5,65,-0.8571428571428571,4430
2026-08-10 13:21:54.984044,NSE:ZODIACLOTH-EQ,76.68,3,0,0,,,0.0,0,6,18,31,20,0.21568627450980393,4928
2026-08-10 13:31:34.733955,NSE:ZUARI-EQ,227.57,22,13,32,14.076923076923077,10.78125,1.305685618729097,345,637,5047,12,22,-0.29411764705882354,70338
2026-08-10 13:21:55.008104,NSE:ZUARIIND-EQ,262.7,2,0,0,,,0.0,0,4,496,4,6,-0.2,5226
