Timestamp,Symbol,LTP,LTQ,BidPrice,BidQty,AskPrice,AskQty,TotalBuyQty,TotalSellQty,Volume
2026-08-10 14:21:56.314028,NSE:SONAL-EQ,91.4,1,85.65,10,91.38,10,249,182,30
2026-08-10 14:30:38.235506,NSE:VMM-EQ,108.45,4,108.4,1152,108.45,1396,1439774,1623003,2522350
2026-08-10 14:30:20.520230,NSE:SCILAL-EQ,41.01,49,41.01,3,41.07,98,142890,168732,120664
2026-08-10 13:55:51.048629,NSE:708RJ30-SG,101.0,100,97.45,100,0.0,0,100,0,0
2026-08-10 14:25:25.647727,NSE:WORTHPERI-EQ,158.6,1,158.6,1,158.84,5,42042,38192,14954
2026-08-10 14:30:21.587458,NSE:SSEGL-SM,316.95,200,315.6,400,316.95,200,17800,13800,36400
2026-08-10 14:30:37.847844,NSE:SPENCERS-EQ,32.16,56,32.08,1,32.16,7,58701,39363,43306
2026-08-10 14:29:43.992496,NSE:INDIANHUME-EQ,389.0,5,388.65,2,389.6,3,28598,27528,16668
2026-08-10 13:55:51.070931,NSE:MILTON-SM,35.55,2200,35.55,13200,0.0,0,17600,0,6600
2026-08-10 14:45:44.291348,NSE:NIACL-EQ,178.03,50,177.89,22,178.03,71,152996,395266,582119
2026-08-10 14:17:11.565821,NSE:AVANA-ST,144.4,2000,144.5,4000,156.9,2000,22000,6000,8000
2026-08-10 14:11:30.838369,NSE:GJL-ST,197.0,800,195.0,1600,0.0,0,9600,0,4000
2026-08-10 14:30:35.365502,NSE:BIOCON-EQ,425.55,41,425.45,282,425.55,13,515392,592367,1938245
2026-08-10 14:28:51.772403,NSE:BRANDMAN-SM,191.0,800,190.8,800,192.7,800,9600,12800,20000
2026-08-10 14:30:30.752494,NSE:TIPSFILMS-EQ,386.5,2,386.55,1,387.05,358,19890,9141,12977
2026-08-10 14:22:44.840581,NSE:AARNAV-EQ,30.76,3,30.61,18,30.76,3,19874,65157,31355
2026-08-10 14:30:17.515464,NSE:AYMSYNTEX-EQ,258.6,2,258.2,3,258.9,1,39603,20393,22499
2026-08-10 14:30:37.855566,NSE:ASIANTILES-EQ,54.76,64,54.76,360,54.8,113,321072,443938,2391046
2026-08-10 14:30:35.367093,NSE:HITECH-EQ,83.97,115,83.96,10,84.0,153,99036,278559,360873
2026-08-10 14:29:37.532582,NSE:VLSFINANCE-EQ,265.3,20,265.0,93,265.25,2,21842,14004,19491
2026-08-10 14:22:14.710339,NSE:SHIVAUM-EQ,429.0,10,428.5,100,429.5,136,71542,3989,854
2026-08-10 14:30:37.866471,NSE:MAHABANK-EQ,78.86,1,78.86,605,78.87,432,715052,3005434,7024569
2026-08-10 14:30:20.524355,NSE:MANALIPETC-EQ,64.5,40,64.44,29,64.5,169,73455,177382,273435
2026-08-10 14:29:49.556837,NSE:VINYLINDIA-EQ,242.41,2,243.04,64,243.25,50,7576,18666,6277
2026-08-10 14:30:35.172756,NSE:IKIO-EQ,195.31,170,195.31,100,195.5,23,39389,105794,312384
2026-08-10 14:30:35.177751,NSE:MAHLOG-EQ,411.7,16,411.9,40,412.3,34,38456,58040,241796
2026-08-10 14:30:38.242486,NSE:BEL-EQ,403.2,1,403.2,1376,403.25,1688,990463,2088924,5638575
2026-08-10 14:10:52.661781,NSE:SHRIKRISH-EQ,42.95,5,40.16,16,42.66,5,1555,7394,80
2026-08-10 14:25:32.974254,NSE:SINTERCOM-EQ,85.89,1,85.01,364,85.89,4,3161,4733,3747
2026-08-10 14:30:38.696641,NSE:BHARATCOAL-EQ,34.07,100,34.06,88,34.07,474,1455651,2623134,4486517
2026-08-10 14:30:15.801059,NSE:SHINDL-EQ,165.32,49,165.14,36,165.32,147,30711,14734,114402
2026-08-10 14:30:33.952459,NSE:AGIIL-EQ,302.15,29,302.2,25,302.45,33,1701239,95228,387471
2026-08-10 14:23:45.635467,NSE:MEGASTAR-EQ,323.35,39,323.4,19,323.75,5,19917,10363,2903
2026-08-10 14:29:44.792648,NSE:SHIGAN-SM,62.15,1500,62.55,1500,69.95,1500,57000,7500,0
2026-08-10 14:25:30.242346,NSE:TCC-EQ,274.0,80,274.0,10,275.95,1,7468,7720,9530
2026-08-10 14:30:03.463192,NSE:BRIGHOTEL-EQ,60.02,1,60.0,465,60.1,28,62828,71872,88849
2026-08-10 13:55:51.193188,NSE:704MH40-SG,100.0,0,0.0,0,104.9,100,0,100,0
2026-08-10 13:55:51.193188,NSE:71WB50-SG,96.0,100,0.0,0,0.0,0,0,0,0
2026-08-10 14:30:21.892577,NSE:SUMIT-EQ,51.81,7,51.73,9,51.82,21,30569,61861,33460
2026-08-10 14:30:13.462772,NSE:707MH33-SG,95.0,100,0.0,0,95.0,100,0,100,100
2026-08-10 14:30:26.212319,NSE:HERANBA-EQ,178.79,1,178.36,1,178.86,1,22320,16056,17971
2026-08-10 13:55:51.208177,NSE:SRIVASAVI-ST,89.5,1000,85.9,1000,89.3,1000,4000,9000,7000
2026-08-10 13:55:51.213913,NSE:709KL52-SG,96.5,100,0.0,0,0.0,0,0,0,0
2026-08-10 14:30:16.786925,NSE:VIPIND-EQ,319.0,25,318.7,12,319.0,430,33645,194987,232868
2026-08-10 13:55:51.221964,NSE:739TN33-SG,99.72,15000,94.75,100,0.0,0,100,0,0
2026-08-10 14:30:36.706436,NSE:DOLLEX-SM,33.45,4000,32.2,8000,35.5,4000,148000,28000,300000
2026-08-10 14:30:36.710336,NSE:INTENTECH-EQ,81.52,7,81.52,3,81.57,276,33727,19166,20112
2026-08-10 13:55:51.235582,NSE:75TN31-SG,100.0,0,0.0,0,104.9,200,0,600,0
2026-08-10 13:55:51.238114,NSE:AVIANSH-SM,104.0,1000,101.55,1000,104.0,1000,25000,5000,1000
2026-08-10 13:55:51.242098,NSE:948SCL26A-NN,332.72,285,320.05,10,359.99,66,85,66,0
2026-08-10 14:29:53.849551,NSE:LOTUSEYE-EQ,116.3,9,116.16,252,116.3,2287,20526,15390,8419
2026-08-10 13:55:51.272297,NSE:75AP32-SG,100.0,0,0.0,0,104.9,100,0,100,0
2026-08-10 14:23:45.241887,NSE:AUSOMENT-BE,136.63,10,136.65,50,139.94,20,1566,3913,718
2026-08-10 14:13:10.706007,NSE:ESPRIT-SM,68.85,1600,68.0,1600,68.85,1600,70400,48000,25600
2026-08-10 13:55:51.278353,NSE:736TN54-SG,100.0,0,0.0,0,104.9,200,0,200,0
2026-08-10 14:30:34.502469,NSE:AWHCL-EQ,413.5,1,413.5,269,413.9,2,25046,39518,138901
2026-08-10 14:25:40.127796,NSE:BIKEWO-ST,82.4,2000,82.4,48000,0.0,0,64000,0,34000
2026-08-10 14:30:31.392343,NSE:HARRMALAYA-EQ,223.19,20,223.31,2,224.44,7,19751,37382,11857
2026-08-10 14:24:58.463929,NSE:TAMBOLIIN-BE,227.1,200,227.15,275,230.0,144,1796,6850,9068
2026-08-10 14:28:49.922466,NSE:SDREAMS-SM,88.0,1000,85.1,1000,92.0,2000,26000,9000,1000
2026-08-10 14:29:49.177730,NSE:UFO-EQ,67.0,85,67.23,45,67.3,14,30902,167959,19739
2026-08-10 14:30:11.894473,NSE:GGBL-SM,249.0,300,249.5,300,249.95,300,19200,13500,22800
2026-08-10 14:22:00.770182,NSE:EFFWA-ST,375.0,400,374.5,400,375.0,3600,4400,13600,33200
2026-08-10 13:55:51.309680,NSE:762WB41-SG,90.25,800,0.0,0,0.0,0,0,0,0
2026-08-10 14:30:25.676895,NSE:VGL-EQ,61.26,1,61.24,3,61.43,7,116852,26323,8628
2026-08-10 14:30:37.875440,NSE:PETRONET-EQ,277.1,2,276.95,492,277.1,667,436029,347492,784079
2026-08-10 13:55:51.318311,NSE:755TS30-SG,97.55,500,96.45,100,0.0,0,100,0,0
2026-08-10 14:30:20.702538,NSE:KRT-RR,116.9,77,116.75,4097,116.9,63,93221,102029,283794
2026-08-10 13:55:51.328534,NSE:MAYASHEEL-SM,39.5,3000,35.55,3000,38.8,3000,42000,36000,0
2026-08-10 14:30:37.886099,NSE:BELRISE-EQ,253.2,12,253.09,70,253.2,2449,267953,823856,5636887
2026-08-10 14:30:21.370077,NSE:EFCIL-EQ,184.42,2,184.2,2,184.41,1,36212,73502,163468
2026-08-10 14:29:33.461474,NSE:PIGL-EQ,107.61,1,107.61,13,108.06,264,17613,58746,47788
2026-08-10 14:29:59.195359,NSE:VIDHIING-EQ,316.45,13,315.2,2,316.3,3,16330,8372,9326
2026-08-10 14:30:29.946730,NSE:WALCHANNAG-EQ,238.26,12,238.26,115,238.51,16,94661,259664,590865
2026-08-10 13:55:51.350255,NSE:669GJ34-SG,93.6,100,89.55,100,98.2,100,100,100,0
2026-08-10 14:29:41.939742,NSE:ADVENTHTL-EQ,145.5,50,145.5,32,145.69,4,23320,40844,31757
2026-08-10 14:45:44.343071,NSE:PCBL-EQ,324.45,1,324.45,61,324.6,532,131478,389696,495591
2026-08-10 14:30:29.957914,NSE:MBAPL-EQ,164.55,10,164.37,20,164.55,38,638153,135748,382198
2026-08-10 14:28:36.316109,NSE:ANDHRAPAP-EQ,60.9,17,60.87,2177,60.9,753,90749,198337,66637
2026-08-10 13:55:51.366179,NSE:990SCL26A-NL,325.2,10,326.0,1,369.0,1,26,1,0
2026-08-10 14:30:38.715944,NSE:APOLLOTYRE-EQ,450.4,1,450.15,9,450.4,58,88541,200328,616845
2026-08-10 14:30:05.345842,NSE:GOCLCORP-EQ,429.05,3,428.35,6,428.9,2,61395,50460,90056
2026-08-10 14:29:13.392323,NSE:HEALTHX-EQ,308.3,100,306.7,2,307.95,3,26894,5306,11028
2026-08-10 14:24:12.311619,NSE:GANGESSECU-EQ,119.4,20,117.0,2,118.39,5,20455,6090,329
2026-08-10 14:18:09.145704,NSE:ARCIIL-SM,37.5,1000,36.15,1000,38.0,1000,9000,10000,1000
2026-08-10 14:22:45.673667,NSE:SURYALA-EQ,405.0,38,400.4,1,405.0,12,3479,1512,26448
2026-08-10 13:55:51.385856,NSE:763KA37-SG,100.4,10000,95.4,100,0.0,0,100,0,0
2026-08-10 14:22:20.413225,NSE:MODIS-EQ,393.05,33,393.15,4,394.3,4,26939,23939,9277
2026-08-10 14:30:38.249931,NSE:NITCO-EQ,97.1,253,97.1,501,97.22,48,71895,146616,669604
2026-08-10 14:28:18.526531,NSE:SSFLPP-E1,132.0,1,131.4,623,132.0,4182,4112,9717,7413
2026-08-10 14:30:36.107123,NSE:VAIBHAVGBL-EQ,238.6,11,238.55,4,238.6,11,67110,141482,351899
2026-08-10 14:25:24.233095,NSE:TAURIAN-SM,412.0,1600,411.0,1600,415.95,800,25600,26400,30400
2026-08-10 14:30:34.512626,NSE:AEGISVOPAK-EQ,279.25,34,279.25,1,279.6,69,61178,218376,542061
2026-08-10 14:30:33.461315,NSE:AYE-EQ,179.03,18,178.89,2,179.03,72,99562,164161,734843
2026-08-10 13:55:51.410168,NSE:754TS53-SG,95.0,1200,95.0,100,0.0,0,100,0,0
2026-08-10 13:55:51.414409,NSE:AMCL-SM,395.0,800,380.0,400,398.8,400,16000,14400,2000
2026-08-10 14:30:29.965720,NSE:VSTIND-EQ,219.34,1,219.16,20,219.32,6,94495,115359,91258
2026-08-10 13:55:51.422194,NSE:AAKAAR-SM,57.5,3200,0.0,0,57.5,1600,0,11200,28800
2026-08-10 13:55:51.425941,NSE:735TN43-SG,96.75,100,0.0,0,0.0,0,0,0,0
2026-08-10 14:30:35.814539,NSE:TPLPLASTEH-EQ,75.85,6,75.85,21,75.97,7,69708,40261,128515
2026-08-10 14:30:34.042636,NSE:MASFIN-EQ,300.6,80,300.8,19,301.1,8,47546,48727,129470
2026-08-10 14:30:03.476627,NSE:BOROSCI-EQ,138.35,20,138.36,11,138.5,550,27342,40136,44496
2026-08-10 14:30:17.559035,NSE:VASWANI-EQ,52.4,10,52.0,10,52.39,4,45228,21813,12500
2026-08-10 13:55:51.444040,NSE:762MH30-SG,98.75,100,97.45,100,0.0,0,100,0,0
2026-08-10 14:30:38.252356,NSE:ASIANENE-EQ,406.7,2,406.05,1,406.3,23,38145,116019,179933
2026-08-10 14:30:37.892636,NSE:ETERNAL-EQ,311.8,38,311.85,238,312.0,1024,1011077,2583564,7471153
2026-08-10 13:55:51.454056,NSE:744KA35-SG,99.01,100,95.1,100,0.0,0,100,0,0
2026-08-10 13:55:51.456086,NSE:NEOCHEM-ST,89.7,1200,89.6,1200,93.4,1200,6000,6000,1200
2026-08-10 14:30:36.755552,NSE:STERTOOLS-BE,239.5,36,240.0,11,242.35,20,6019,9696,13482
2026-08-10 14:23:11.838345,NSE:TBI-SM,61.5,600,61.35,600,61.95,600,24600,48000,30600
2026-08-10 14:29:50.910444,NSE:EMAMIPAP-BE,111.0,104,111.0,1000,111.4,714,26330,13060,31081
2026-08-10 14:25:15.711338,NSE:ORIENTCER-EQ,42.9,200,42.9,2433,42.91,60,40448,82804,20941
2026-08-10 14:27:32.670431,NSE:MALUPAPER-EQ,32.52,5,32.35,50,32.52,8,43112,22266,13177
2026-08-10 14:30:36.115753,NSE:BLUSPRING-EQ,113.02,1,112.81,178,113.02,4,58848,116474,129341
2026-08-10 14:21:08.459551,NSE:MARALOVER-BE,53.34,18,53.34,552,53.48,1,6449,7324,11660
2026-08-10 14:30:33.133616,NSE:NAHARSPING-EQ,311.0,39,311.0,115,311.4,4,9473,35440,27998
2026-08-10 14:25:20.539453,NSE:HGM-EQ,47.66,5,47.66,1,48.72,1,5715,5445,2244
2026-08-10 13:55:51.535458,NSE:SUNTECH-ST,34.0,1600,33.5,3200,34.5,3200,9600,14400,3200
2026-08-10 13:55:51.538287,NSE:MGSL-SM,73.95,1200,72.0,1200,73.95,1200,37200,25200,6000
2026-08-10 13:57:50.567943,NSE:LRRPL-SM,85.0,1500,84.1,1500,85.0,3000,4500,6000,4500
2026-08-10 14:30:34.052506,NSE:MMTC-EQ,64.1,20,64.1,269,64.12,49,275235,1470382,2003235
2026-08-10 14:30:35.822484,NSE:GOACARBON-EQ,380.65,4,380.1,336,381.05,2,9732,13995,3540
2026-08-10 14:28:29.448402,NSE:GYFTR-EQ,163.67,183,163.51,2,163.7,1,5111,6171,54215
2026-08-10 14:30:25.475716,NSE:HUBTOWN-EQ,177.9,28,177.9,1,177.95,7,99474,83149,214547
2026-08-10 14:28:25.101462,NSE:NAHARPOLY-EQ,239.5,16,239.4,1,239.8,1,22765,13760,22945
2026-08-10 14:27:18.428751,NSE:INNOVANA-EQ,337.0,1,335.0,8,338.0,2,7607,2802,536
2026-08-10 13:55:51.594375,NSE:SIGNORIA-ST,168.0,1000,160.0,2000,167.95,1000,2000,14000,0
2026-08-10 13:55:51.629390,NSE:735HP34-SG,95.0,100,95.0,100,99.0,100,100,100,100
2026-08-10 14:25:44.976951,NSE:ARENTERP-EQ,37.58,5,37.01,7,37.58,45,4535,3937,1330
2026-08-10 14:18:12.292738,NSE:SPCL-SM,65.95,600,65.3,600,65.95,600,24600,19200,18600
2026-08-10 14:17:59.580604,NSE:AVPINFRA-SM,61.65,1600,61.6,800,62.6,800,21600,19200,30400
2026-08-10 14:30:37.898404,NSE:AWL-EQ,196.21,45,196.21,186,196.3,116,224383,483204,736620
2026-08-10 14:30:16.288999,NSE:SHIVALIK-BE,256.0,1,254.55,100,256.0,80,3314,8040,13685
2026-08-10 13:55:51.673680,NSE:725HR32-SG,96.51,100,96.05,100,0.0,0,100,0,0
2026-08-10 14:30:37.905151,NSE:MSUMI-EQ,41.13,1,41.11,8382,41.13,441,913842,3110517,4629662
2026-08-10 14:30:29.489190,NSE:SICAGEN-EQ,66.66,29,0.0,0,66.66,18703,0,105983,616286
2026-08-10 13:55:51.694871,NSE:759RJ46-SG,98.05,100,93.15,100,0.0,0,100,0,0
2026-08-10 13:55:51.699542,NSE:758JK50-SG,94.67,100,0.0,0,0.0,0,0,0,0
2026-08-10 14:30:35.392336,NSE:EMBDL-EQ,64.19,10,64.11,1050,64.19,1308,238820,947418,2757504
2026-08-10 14:45:44.406651,NSE:IDFCFIRSTB-EQ,84.77,100,84.77,1195,84.78,208,2042121,4670898,8998181
2026-08-10 13:55:51.712484,NSE:745RJ33-SG,100.03,100,95.05,100,0.0,0,100,0,0
2026-08-10 13:55:51.715793,NSE:IMC1-N1,250.0,20,250.0,20,254.98,55,305,1766,50
2026-08-10 14:23:01.352237,NSE:ARVEE-EQ,155.51,1,155.52,8,157.93,1,1884,9172,5360
2026-08-10 14:29:44.017778,NSE:DIGITIDE-EQ,104.26,17,104.26,47,104.38,2,106460,151015,361267
2026-08-10 14:30:34.513660,NSE:STYL-EQ,416.2,25,416.2,386,416.5,6,45517,134768,278037
2026-08-10 13:55:51.753486,NSE:758JH31-SG,98.85,400,95.25,100,0.0,0,100,0,0
2026-08-10 13:58:37.980609,NSE:BANG-EQ,30.22,1,30.22,89,30.39,62,112093,58707,12462
2026-08-10 14:30:16.292535,NSE:SPECTSTM-SM,68.3,3200,63.05,800,69.3,800,32000,24000,6400
2026-08-10 13:55:51.780617,NSE:INNOMET-ST,194.3,1200,194.3,85200,0.0,0,92400,0,16800
2026-08-10 14:30:36.115753,NSE:LIBERTSHOE-EQ,260.85,100,260.8,46,261.4,1,62524,32655,9384
2026-08-10 14:30:36.127325,NSE:LXCHEM-EQ,179.23,42,179.05,11,179.18,33,149561,383471,721140
2026-08-10 14:29:11.819847,NSE:VHLTD-BE,125.8,300,125.55,294,126.42,111,11658,3602,31507
2026-08-10 14:30:20.308738,NSE:OMINFRAL-EQ,88.06,33,87.93,21,88.04,16,83644,54842,36635
2026-08-10 14:23:13.667774,NSE:HALDER-EQ,264.46,4,264.43,2,266.02,1,1167,2907,31080
2026-08-10 14:24:12.315639,NSE:EXCELLENT-ST,207.0,1600,198.0,1600,209.25,1600,1600,11200,0
2026-08-10 13:55:51.828758,NSE:ECOLINE-ST,195.45,1000,0.0,0,195.45,2000,0,25000,39000
2026-08-10 14:30:25.824805,NSE:INDIACEM-EQ,393.05,1,393.0,25,393.3,24,28958,73996,88130
2026-08-10 14:30:37.909211,NSE:LICI-EQ,395.0,1,394.95,520,395.0,1758,837470,2522758,15702401
2026-08-10 14:45:44.456818,NSE:LEMONTREE-EQ,108.19,5,108.18,2,108.19,1690,975798,924302,4852443
2026-08-10 14:30:33.844282,NSE:LAOPALA-EQ,192.5,186,192.5,349,192.69,21,73112,98384,133313
2026-08-10 14:30:35.409126,NSE:EMMVEE-EQ,325.55,4,325.35,330,325.55,231,203312,564534,3629125
2026-08-10 14:30:36.766278,NSE:SWSOLAR-EQ,203.66,574,203.66,254,203.7,104,111571,237515,452846
2026-08-10 14:30:30.789072,NSE:GTPL-EQ,59.11,50,59.05,100,59.15,20,71921,36200,20048
2026-08-10 14:28:17.700215,NSE:TIRUPATIFL-BE,70.27,12,70.27,63,70.41,1198,37687,108732,130301
2026-08-10 14:22:45.690127,NSE:VISHWAS-ST,40.15,1600,39.0,1600,40.15,1600,3200,4800,0
2026-08-10 14:30:32.574504,NSE:KWIL-EQ,34.63,15,34.63,955,34.67,539,974229,3267871,8391813
2026-08-10 13:55:51.882406,NSE:NAMAN-SM,42.15,1600,42.15,800,43.9,800,9600,3200,4000
2026-08-10 13:55:51.885208,NSE:SONUINFRA-ST,41.45,1500,0.0,0,41.45,3000,0,13500,0
2026-08-10 14:25:39.849635,NSE:STANLEY-EQ,144.1,2,144.13,8,144.42,14,36107,75109,135981
2026-08-10 14:30:26.663251,NSE:BIOPOL-SM,102.25,1200,101.05,1200,102.95,2400,99600,45600,237600
2026-08-10 14:30:34.522606,NSE:FCL-EQ,42.74,100,42.71,887,42.74,290,1092412,3140944,11537865
2026-08-10 14:30:36.150562,NSE:ATLANTAA-EQ,42.21,100,42.01,31,42.52,80,27968,35846,188573
2026-08-10 13:55:51.904963,NSE:ARIHANTACA-SM,481.0,400,451.0,400,577.15,400,6400,800,0
2026-08-10 14:30:34.068262,NSE:LAXMIINDIA-BE,133.35,66,133.35,1395,134.8,689,20907,55607,56532
2026-08-10 14:29:27.555528,NSE:SHIVAMILLS-BE,65.6,482,65.6,100,66.96,399,888,7101,3504
2026-08-10 14:30:30.982336,NSE:HARSHA-EQ,429.2,12,429.25,32,429.8,3,38756,70007,270739
2026-08-10 14:45:44.505061,NSE:SUZLON-EQ,47.07,998,47.07,33473,47.09,27072,5457844,11752118,42279256
2026-08-10 14:30:35.832616,NSE:GUJAPOLLO-EQ,363.0,7,362.2,1,363.0,4,7062,5024,2693
2026-08-10 14:30:33.483928,NSE:AEROENTER-EQ,127.37,2,127.25,100,127.38,32,95640,256871,297681
2026-08-10 14:29:59.719323,NSE:ICELCO-SM,143.0,1200,140.0,1200,142.8,1200,45600,80400,43200
2026-08-10 13:55:51.936574,NSE:MAHICKRA-SM,255.3,750,256.0,750,262.95,750,19500,9750,750
2026-08-10 14:30:34.075914,NSE:NAHARINDUS-EQ,131.21,9,131.21,27,131.97,36,31422,72248,137317
2026-08-10 13:55:51.945003,NSE:759AP33-SG,99.33,100,0.0,0,0.0,0,0,0,0
2026-08-10 13:55:51.948592,NSE:762UK33-SG,99.0,100,94.4,100,0.0,0,100,0,0
2026-08-10 13:55:51.952203,NSE:759TS37-SG,98.0,100,93.1,100,0.0,0,100,0,0
2026-08-10 14:14:51.652098,NSE:PANSARI-EQ,322.95,3,321.05,2,323.75,2,3899,3065,629
2026-08-10 14:21:02.660719,NSE:SMARTLINK-BE,210.55,1,210.6,77,218.7,968,874,2485,1832
2026-08-10 14:23:12.805689,NSE:BSL-EQ,124.78,1,123.55,6,124.78,10,8093,6361,1715
2026-08-10 14:30:28.290897,NSE:CAPITALSFB-EQ,295.0,6,294.8,10,295.35,123,21791,79584,49482
2026-08-10 14:30:38.986309,NSE:AVANTEL-EQ,162.52,1,162.51,500,162.52,199,150317,357613,388374
2026-08-10 14:30:15.855914,NSE:ESFL-SM,135.8,360,135.6,360,136.5,360,12960,12240,43560
2026-08-10 13:55:52.203309,NSE:IBLFL-SM,61.0,2000,61.0,2000,62.0,2000,8000,10000,0
2026-08-10 14:30:30.795882,NSE:GODAVARIB-EQ,241.25,14,240.9,55,241.15,3,23720,41143,177522
2026-08-10 14:25:32.991285,NSE:SSDL-EQ,53.79,90,53.79,937,54.22,40,15850,22764,10077
2026-08-10 14:23:45.256918,NSE:URAVIDEF-BE,108.0,1,107.7,1,108.0,151,5928,2427,8298
2026-08-10 13:55:52.376361,NSE:703TN30-SG,95.0,100,97.65,100,0.0,0,100,0,0
2026-08-10 14:30:36.165445,NSE:SMARTWORKS-EQ,485.05,3,485.05,63,485.55,3,25019,76385,77944
2026-08-10 14:30:35.838711,NSE:MVGJL-EQ,172.13,8,171.19,5,172.46,5,45308,61339,37085
2026-08-10 13:55:52.465372,NSE:757TN33-SG,94.15,100,94.15,1000,0.0,0,1000,0,100
2026-08-10 14:30:37.920521,NSE:SETL-EQ,281.75,18,281.3,81,281.75,182,61835,96125,335191
2026-08-10 14:45:44.524062,NSE:EMIL-EQ,184.92,155,184.8,9,184.91,390,5096825,1964380,85571617
2026-08-10 14:30:37.925664,NSE:PARACABLES-EQ,68.2,101,68.19,2651,68.2,399,168206,949124,3100569
2026-08-10 13:55:52.593705,NSE:SHAIVAL-ST,33.0,3600,0.0,0,0.0,0,0,0,0
2026-08-10 14:12:16.766899,NSE:KREBSBIO-EQ,55.88,5,56.0,2,57.27,10,11591,9214,4382
2026-08-10 14:28:24.024595,NSE:TEXINFRA-EQ,113.0,355,113.0,4545,113.01,883,48976,38820,71610
2026-08-10 14:22:17.323654,NSE:WIPL-EQ,170.0,55,168.0,7,170.0,3170,4172,4780,173
2026-08-10 14:30:34.532819,NSE:TARACHAND-EQ,50.5,13,50.41,8,50.5,15,133957,83827,297016
2026-08-10 14:25:25.783097,NSE:TOTAL-EQ,67.05,10,67.4,5,67.55,1,3819,11833,24221
2026-08-10 14:29:22.639996,NSE:OBCL-EQ,53.21,27,53.31,5,53.88,60,10377,13788,1706
2026-08-10 14:23:50.840002,NSE:GREENCHEF-SM,49.8,800,49.85,1600,51.95,800,8800,14400,10400
2026-08-10 14:28:14.357196,NSE:MANAKSTEEL-EQ,81.4,20,81.4,201,81.87,91,7373,26221,102698
2026-08-10 14:30:34.919400,NSE:EVEREADY-EQ,355.5,162,355.05,8,355.35,4,14174,144421,320073
2026-08-10 14:30:33.854049,NSE:MAXIND-EQ,168.44,1,168.31,1,168.61,57,59170,30440,42579
2026-08-10 14:24:43.519733,NSE:ADISOFT-SM,188.0,800,186.1,1600,188.0,800,42400,52000,36000
2026-08-10 14:23:50.849595,NSE:UHTL-ST,99.0,2000,97.1,4000,99.0,2000,32000,4000,26000
2026-08-10 13:55:52.838124,NSE:MAGSON-SM,187.0,1000,181.05,1000,190.0,3000,24000,12000,8000
2026-08-10 14:30:15.872377,NSE:ADSL-EQ,115.4,6,115.4,162,115.55,40,79510,107713,97936
2026-08-10 14:21:44.620764,NSE:EFACTOR-SM,191.5,400,190.05,400,192.0,400,11200,6800,9200
2026-08-10 14:15:39.441012,NSE:EUROBOND-EQ,162.75,2,161.11,5,161.8,3,5569,9116,7555
2026-08-10 14:30:33.863881,NSE:BLISSGVS-BE,480.0,2,478.0,15,480.0,398,21048,15704,372738
2026-08-10 14:30:21.627999,NSE:PASHUPATI-EQ,83.74,1,83.77,1,83.78,16,40464,22402,6440
2026-08-10 13:55:52.916657,NSE:711WB44-SG,100.0,400,0.0,0,0.0,0,0,0,0
2026-08-10 14:23:48.340380,NSE:GCHOTELS-ST,105.9,600,104.0,1200,105.9,600,4200,57000,46800
2026-08-10 14:30:36.173791,NSE:FELIX-SM,182.5,3000,180.1,1000,182.55,500,29000,39500,29000
2026-08-10 13:55:52.928084,NSE:762GJ28-SG,99.38,200,97.9,100,0.0,0,100,0,0
2026-08-10 14:30:25.694715,NSE:SOUTHWEST-EQ,233.24,1,232.88,3,233.24,34,81406,50707,63530
2026-08-10 14:30:30.433675,NSE:KRISHANA-EQ,182.98,2,182.76,30,182.97,3,105810,125969,408149
2026-08-10 13:55:52.937794,NSE:756JK48-SG,99.35,100,0.0,0,0.0,0,0,0,0
2026-08-10 14:29:24.718883,NSE:OILCOUNTUB-BE,61.02,209,59.8,250,61.02,344,8561,28827,11307
2026-08-10 14:30:28.297770,NSE:BALMLAWRIE-EQ,174.0,46,174.03,5,174.24,11,35065,85786,52506
2026-08-10 14:30:16.982873,NSE:BHAGCHEM-EQ,282.7,18,281.1,1,281.95,3,61606,48623,87050
2026-08-10 14:17:37.197939,NSE:SHEMAROO-BE,120.84,1,120.84,2954,0.0,0,7314,0,10445
2026-08-10 13:55:52.961420,NSE:AESTHETIK-SM,74.95,1000,72.5,1000,76.5,1000,23000,4000,0
2026-08-10 14:30:30.008071,NSE:LIKHITHA-EQ,226.94,1,226.46,1,226.94,3,17635,14434,44802
2026-08-10 14:30:25.701618,NSE:TVSSCS-EQ,129.71,500,129.71,50,129.76,53,81143,205213,494353
2026-08-10 13:55:52.975824,NSE:761MH29-SG,102.13,100,97.3,100,0.0,0,100,0,0
2026-08-10 14:30:21.954850,NSE:VALIANTORG-BE,297.1,30,297.1,191,299.5,200,5208,10306,41736
2026-08-10 14:24:31.465550,NSE:LOVABLE-EQ,72.69,30,72.25,72,72.7,143,23295,36199,10088
2026-08-10 13:55:52.987731,NSE:754TN36-SG,95.1,100,91.0,500,0.0,0,500,0,100
2026-08-10 14:17:06.485759,NSE:EMMIL-SM,124.65,250,121.05,250,125.0,250,17250,3500,3250
2026-08-10 14:24:11.681588,NSE:OCCLLTD-BE,156.5,10,156.0,7,156.88,119,34650,17422,54626
2026-08-10 14:28:14.369775,NSE:SIGNPOST-EQ,268.4,2,268.4,1,268.7,2,46547,25758,141795
2026-08-10 14:30:39.099761,NSE:NLCINDIA-EQ,285.7,74,285.65,15,285.7,210,406306,963577,7264353
2026-08-10 13:55:53.005937,NSE:666TN30-SG,102.82,100,97.7,100,0.0,0,100,0,0
2026-08-10 14:22:58.449610,NSE:UEL-EQ,270.67,3,270.67,26780,0.0,0,29636,0,36558
2026-08-10 14:29:24.732555,NSE:PALREDTEC-BE,47.2,350,47.2,505,50.0,713,1538,1537,1152
2026-08-10 14:21:44.133521,NSE:EMMBI-BE,85.89,10,85.25,15,85.87,4,8084,4063,8404
2026-08-10 14:25:37.086329,NSE:METALIC-ST,106.6,1600,106.5,4800,109.0,1600,32000,78400,294400
2026-08-10 14:21:19.121640,NSE:SELLOWRAP-SM,65.5,1600,65.5,1600,71.9,1600,57600,8000,0
2026-08-10 14:20:07.670118,NSE:BALAJIPHOS-SM,91.0,1000,90.0,5000,92.0,2000,50000,10000,1000
2026-08-10 13:55:53.033897,NSE:699TN32-SG,93.1,100,93.25,100,0.0,0,100,0,0
2026-08-10 14:45:44.553682,NSE:PNB-EQ,113.89,6856,113.9,5,113.93,260,1839417,3036114,7309865
2026-08-10 14:30:08.472604,NSE:ZUARI-EQ,228.52,4,228.12,27,228.35,2,73569,129885,77108
2026-08-10 14:27:42.938939,NSE:SOLARWORLD-EQ,167.03,16,166.91,116,167.03,80,55610,94960,147656
2026-08-10 13:55:53.046770,NSE:ARISTO-ST,109.3,1600,0.0,0,108.0,800,0,1600,0
2026-08-10 14:30:35.857617,NSE:HIKAL-EQ,225.41,1,225.41,57,225.54,189,55449,164220,169441
2026-08-10 13:55:53.051904,NSE:719TN42-SG,102.72,1000,0.0,0,0.0,0,0,0,0
2026-08-10 14:15:21.178395,NSE:LYKALABS-BE,68.07,15,68.07,12572,0.0,0,16968,0,3633
2026-08-10 14:30:30.454501,NSE:MEDICO-EQ,46.35,14,46.2,1,46.3,1,100202,132550,438720
2026-08-10 13:55:53.059858,NSE:MPTODAY-SM,46.0,2000,0.0,0,43.7,4000,0,8000,0
2026-08-10 14:11:36.807747,NSE:ARABIAN-SM,91.0,2000,90.0,2000,91.0,2000,78000,96000,40000
2026-08-10 13:56:22.131888,NSE:MASTER-SM,472.15,500,472.15,1500,489.0,500,1500,7000,3500
2026-08-10 14:21:18.739394,NSE:SECMARK-EQ,129.8,350,125.1,10,129.7,5,1392,2652,1042
2026-08-10 13:55:53.072239,NSE:702GJ31-SG,95.0,100,93.3,100,99.7,100,100,100,0
2026-08-10 14:26:58.844167,NSE:ARTNIRMAN-EQ,43.0,7,41.91,27,43.0,93,3781,16080,2861
2026-08-10 14:30:17.172596,NSE:SILKFLEX-SM,211.7,1000,202.55,1000,211.7,1000,6000,1000,17000
2026-08-10 14:30:38.265788,NSE:ANGELONE-EQ,294.25,3,294.2,1809,294.25,1,800292,656285,3423986
2026-08-10 14:25:33.001096,NSE:MANCREDIT-EQ,233.52,53,233.07,117,233.5,3,175597,27248,242529
2026-08-10 14:30:34.082694,NSE:SILVERTUC-EQ,203.69,58,203.41,2,203.66,1,36358,57206,473825
2026-08-10 14:29:53.980641,NSE:DYNPRO-EQ,267.35,4,267.35,146,267.45,23,13983,16799,6946
2026-08-10 14:28:23.356025,NSE:PARKHOTELS-EQ,120.89,50,120.58,1,120.88,16,54754,45899,73591
2026-08-10 14:17:49.736636,NSE:DIVINEHIRA-ST,110.8,1200,103.25,1200,110.0,1200,7200,10800,44400
2026-08-10 13:55:53.106231,NSE:762TN53-SG,98.7,500,0.0,0,0.0,0,0,0,0
2026-08-10 14:30:32.982687,NSE:NIITLTD-EQ,96.63,4,96.52,18,96.62,37,236911,268444,127191
2026-08-10 14:12:58.035856,NSE:SHRIAHIMSA-ST,375.0,600,373.0,600,380.0,4200,12000,10800,19800
2026-08-10 14:30:35.865805,NSE:SHANTIGEAR-EQ,401.0,3,400.75,1,401.0,125,21429,14290,14351
2026-08-10 14:30:38.267811,NSE:MANAPPURAM-EQ,366.15,50,366.15,114,366.2,102,559921,705996,2126544
2026-08-10 14:30:34.089008,NSE:MONARCH-EQ,394.0,250,393.4,98,393.8,339,56022,46468,150092
2026-08-10 13:55:53.127866,NSE:712MH47-SG,95.0,1000,90.25,100,96.0,100,100,100,0
2026-08-10 13:55:53.130998,NSE:BIRDYS-ST,88.5,31200,84.15,1200,92.9,1200,2400,1200,0
2026-08-10 14:30:34.932605,NSE:GMRP&UI-EQ,96.76,16,96.75,117,96.77,65,129258,334983,239273
2026-08-10 14:28:50.119803,NSE:FIDEL-SM,140.0,1000,136.3,1000,143.0,2000,27000,13000,5000
2026-08-10 14:00:29.159904,NSE:PALASHSECU-EQ,90.25,8,88.63,28,90.25,19,13326,7491,971
2026-08-10 14:30:06.094290,NSE:NORBTEAEXP-EQ,61.61,1,62.1,10,63.0,1,552,887,1433
2026-08-10 13:55:53.170180,NSE:735WB43-SG,94.5,100,0.0,0,0.0,0,0,0,0
2026-08-10 14:28:50.149454,NSE:OMFURN-SM,57.0,2400,57.2,1200,60.0,1200,4800,3600,3600
2026-08-10 13:55:53.185107,NSE:751UP40-SG,95.0,100,95.0,100,0.0,0,100,0,0
2026-08-10 14:45:44.590165,NSE:VISL-EQ,36.97,640,36.97,25491220,0.0,0,27300498,0,18457463
2026-08-10 13:55:53.191330,NSE:SPRL-SM,101.95,800,0.0,0,107.0,800,0,800,0
2026-08-10 14:30:34.934958,NSE:IMAGICAA-EQ,49.27,29,49.25,252,49.31,3,288419,644562,1497147
2026-08-10 13:55:53.197935,NSE:WALPAR-SM,34.85,2000,0.0,0,33.15,8000,0,12000,0
2026-08-10 14:25:21.111182,NSE:INDOUS-EQ,81.15,1,81.15,44,81.38,7,3216,6598,1776
2026-08-10 13:55:53.204092,NSE:75AP28-SG,100.0,100,0.0,0,0.0,0,0,0,0
2026-08-10 14:30:07.664924,NSE:ALPA-EQ,68.9,279,68.24,55,68.8,506,35238,13676,5710
2026-08-10 14:30:20.333457,NSE:EMAMILTD-EQ,409.15,1,409.15,56,409.2,3,97845,127815,321987
2026-08-10 14:30:29.139499,NSE:BAGMANE-RR,108.69,13,108.51,3119,108.69,2477,108243,151929,560608
2026-08-10 14:45:44.641921,NSE:SYNGENE-EQ,400.65,1,400.4,109,400.65,38,116075,145028,1503787
2026-08-10 14:17:43.790813,NSE:MANOMAY-EQ,217.76,1,217.26,6,217.59,1,31511,10656,48934
2026-08-10 14:29:08.282782,NSE:MUNJALAU-EQ,102.73,65,102.62,48,102.75,16,114750,238474,172039
2026-08-10 13:55:53.240085,NSE:757HR30-SG,99.64,200,96.7,100,0.0,0,100,0,0
2026-08-10 14:30:34.540099,NSE:WEBELSOLAR-EQ,93.4,50,93.4,213,93.44,233,131115,421176,1670176
2026-08-10 14:19:08.292541,NSE:HECPROJECT-EQ,134.23,1,134.86,159,135.0,162,4028,13637,5390
2026-08-10 14:30:35.882373,NSE:FINOPB-EQ,157.08,29,157.25,89,157.47,13,82227,133309,237818
2026-08-10 13:55:53.251884,NSE:712MZ34-SG,97.68,100,0.0,0,0.0,0,0,0,0
2026-08-10 14:29:12.451339,NSE:UMIYA-MRO-EQ,89.97,147,89.09,13,89.89,3,21272,31818,4941
2026-08-10 14:30:06.558693,NSE:AAREYDRUGS-BE,77.67,74,77.81,26,79.76,150,5026,11448,12682
2026-08-10 14:30:11.950876,NSE:AARVI-EQ,154.73,17,154.19,1,154.67,3,37652,14986,17430
2026-08-10 14:25:16.682132,NSE:SURANI-SM,99.2,200,90.0,200,98.95,200,6800,11400,200
2026-08-10 14:30:04.381126,NSE:BORANA-EQ,340.25,4,340.25,262,340.75,33,6605,30876,30450
2026-08-10 13:55:53.269907,NSE:719AP38-SG,95.0,400,90.25,100,0.0,0,100,0,0
2026-08-10 14:30:37.939118,NSE:EPACK-EQ,232.16,12,232.06,100,232.16,88,64318,223897,366758
2026-08-10 14:24:24.642149,NSE:AKANKSHA-ST,116.0,1000,111.0,1000,116.8,2000,3000,33000,133000
2026-08-10 14:30:37.944916,NSE:AFCONS-EQ,262.0,71,261.85,853,262.0,262,211388,350915,1614098
2026-08-10 14:29:47.592682,NSE:ASHIANA-EQ,382.9,183,382.1,15,382.65,4,77301,30389,43108
2026-08-10 14:22:03.888264,NSE:BANARBEADS-EQ,115.14,47,115.15,10,115.85,1,13821,16735,1507
2026-08-10 14:30:31.000274,NSE:SRD-EQ,37.0,1,37.0,550,37.1,6,8942,37028,15480
2026-08-10 14:23:43.118133,NSE:TROM-SM,57.65,600,57.0,600,58.8,600,11400,14400,5400
2026-08-10 14:30:35.882373,NSE:VEDL-EQ,284.75,18,284.75,114,284.85,2457,7187002,3595447,23667316
2026-08-10 14:30:35.439861,NSE:GATEWAY-EQ,57.91,1,57.91,119,57.98,478,383176,723449,1493876
2026-08-10 14:30:11.270089,NSE:MIRZAINT-EQ,33.16,30,33.16,394,33.23,27,107082,114359,113430
2026-08-10 14:30:33.162663,NSE:SHAREINDIA-EQ,168.01,6,167.88,33,168.01,14,102028,112771,247116
2026-08-10 14:20:35.089417,NSE:ADDICTIVE-SM,42.15,500,42.15,3500,0.0,0,7500,0,21500
2026-08-10 14:30:34.944557,NSE:GODIGIT-EQ,267.5,6,267.5,31,267.7,3,78327,150894,179349
2026-08-10 14:30:38.275566,NSE:MANAKALUCO-EQ,45.41,13,45.37,1,45.5,18,210442,311484,1817435
2026-08-10 14:29:57.452831,NSE:SESHAPAPER-EQ,233.1,15,233.24,1,233.66,6,23397,29120,16345
2026-08-10 14:30:30.475097,NSE:GULFPETRO-BE,59.4,100,58.51,56,59.4,400,22902,46299,398736
2026-08-10 14:19:04.199511,NSE:EMKAYTOOLS-SM,91.0,300,87.55,150,93.0,150,6750,3450,600
2026-08-10 14:24:54.012415,NSE:BMLL-SM,149.75,1000,146.55,1000,149.75,1000,44000,24000,17000
2026-08-10 13:55:53.337867,NSE:HOMESFY-SM,121.1,300,113.1,300,122.65,300,300,1200,0
2026-08-10 13:55:53.343576,NSE:762GA32-SG,97.15,1500,95.3,100,0.0,0,100,0,0
2026-08-10 13:55:53.347881,NSE:762GJ29-SG,100.0,100,97.2,100,0.0,0,100,0,0
2026-08-10 14:30:34.093529,NSE:GMRAIRPORT-EQ,106.44,2,106.4,1578,106.44,4943,1432414,1496188,3364597
2026-08-10 14:30:29.147589,NSE:ORIENTCEM-EQ,136.8,110,136.81,100,136.89,186,64171,106858,195183
2026-08-10 14:29:50.403341,NSE:OMAXE-EQ,84.48,10,84.4,41,84.49,48,101892,159503,246107
2026-08-10 14:29:38.865715,NSE:DUCOL-SM,106.3,800,106.25,800,108.85,800,25600,9600,3200
2026-08-10 13:55:53.361805,NSE:751UP40A-SG,97.0,200,92.15,100,0.0,0,100,0,0
2026-08-10 14:21:34.079878,NSE:DIGJAMLMTD-EQ,48.66,117,48.66,55,49.35,125,6891,14468,19640
2026-08-10 14:21:13.221893,NSE:EMAMIREAL-BE,73.0,376,73.02,100,74.72,100,9473,9171,4437
2026-08-10 14:25:29.965499,NSE:GOLDTECH-BE,52.9,5,52.5,22,52.9,95,13157,3890,10185
2026-08-10 13:55:53.368063,NSE:743CG29-SG,93.0,400,95.55,100,0.0,0,100,0,0
2026-08-10 14:29:23.610567,NSE:WSI-EQ,60.5,32,60.12,16,60.49,551,28685,31595,19205
2026-08-10 13:55:53.379663,NSE:743GJ31-SG,101.0,8000,98.2,100,0.0,0,100,0,0
2026-08-10 14:25:16.692652,NSE:ABSMARINE-ST,222.1,500,222.05,500,225.95,1000,13000,9000,18500
2026-08-10 13:55:53.383856,NSE:742GJ33-SG,96.32,100,96.35,100,0.0,0,100,0,0
2026-08-10 14:30:37.951029,NSE:ANDHRSUGAR-EQ,100.15,500,100.05,107,100.15,416,568769,388428,15541980
2026-08-10 14:24:18.384569,NSE:APRAMEYA-SM,147.05,500,140.6,500,147.05,500,18000,9000,4500
2026-08-10 14:25:05.262228,NSE:PARAMOUNT-ST,35.3,1200,35.7,1200,37.15,1200,2400,3600,2400
2026-08-10 14:28:28.664304,NSE:IEML-SM,43.7,2000,43.0,500,43.95,500,26500,58500,52000
2026-08-10 14:30:33.172475,NSE:NATIONALUM-EQ,384.85,10,384.85,175,384.95,2037,579935,1143340,4534069
2026-08-10 14:29:43.896607,NSE:SHREDIGCEM-EQ,72.38,182,72.38,507,72.47,5,86269,62874,77527
2026-08-10 14:29:13.682691,NSE:GLOBALVECT-EQ,161.0,5,161.0,121,161.18,189,5085,15230,3323
2026-08-10 14:29:59.764793,NSE:INSPIRISYS-BE,102.0,230,102.0,4000,102.95,24,10419,4661,10384
2026-08-10 14:30:26.677608,NSE:PODDARMENT-EQ,261.15,43,261.15,233,262.05,1,15964,4333,3440
2026-08-10 14:12:37.519296,NSE:SAVY-SM,131.95,2400,129.75,1200,131.95,1200,145200,40800,8400
2026-08-10 14:21:34.743635,NSE:HPIL-EQ,125.06,1,125.05,9,129.84,10,4444,2740,313
2026-08-10 14:30:30.815555,NSE:TERASOFT-EQ,415.0,44,413.6,2,415.65,2,4255,10551,18618
2026-08-10 14:18:11.137201,NSE:WEWIN-BE,45.13,12,45.25,35,46.0,100,1564,4016,784
2026-08-10 14:30:34.107861,NSE:BFINVEST-EQ,476.0,300,475.45,1,476.0,220,26060,26213,39385
2026-08-10 13:55:53.434265,NSE:VERITAAS-SM,33.3,1200,31.65,1200,34.8,1200,1200,1200,0
2026-08-10 14:30:29.802451,NSE:PDSL-EQ,382.7,2,382.15,1,382.5,18,62111,103552,489936
2026-08-10 14:30:34.552606,NSE:SONATSOFTW-EQ,319.1,11,318.8,99,319.1,104,115643,184791,890371
2026-08-10 14:04:26.202235,NSE:SUNLITE-SM,456.0,300,452.1,300,460.0,600,18900,10500,19500
2026-08-10 14:22:45.709698,NSE:USHAFIN-SM,41.45,3200,41.0,1600,41.45,1600,56000,43200,20800
2026-08-10 14:30:05.417012,NSE:INDOSTAR-EQ,242.0,40,241.8,1,242.0,43,84439,57458,158281
2026-08-10 14:30:36.199674,NSE:SHRIRAMPPS-EQ,86.78,50,86.7,60,86.78,944,164061,285679,434489
2026-08-10 14:30:20.741505,NSE:ZENITHEXPO-EQ,238.16,1,236.4,20,0.0,0,2139,0,8971
2026-08-10 14:30:27.876787,NSE:MUKANDLTD-EQ,141.29,15,141.2,40,141.3,56,75021,134516,91348
2026-08-10 14:30:38.282552,NSE:ABLBL-EQ,91.49,9,91.46,1,91.49,2512,266407,347755,1008506
2026-08-10 14:29:37.847978,NSE:SIMCA-SM,244.0,600,243.05,600,244.0,600,24000,35400,43800
2026-08-10 14:30:21.643441,NSE:GKSL-EQ,134.85,1,134.69,6,134.85,9,234676,71294,1107765
2026-08-10 14:20:45.657819,NSE:BELLACASA-EQ,245.0,3,243.7,1,245.02,3,2305,3990,4519
2026-08-10 13:55:53.470367,NSE:MOXSH-SM,106.0,1600,101.0,1600,110.0,1600,1600,4800,0
2026-08-10 14:30:31.005600,NSE:ZIMLAB-BE,112.0,1,112.0,322,112.99,500,12495,18690,69653
2026-08-10 13:55:53.477014,NSE:AMIABLE-SM,72.9,1600,61.55,1600,81.0,1600,12800,8000,0
2026-08-10 14:30:35.892702,NSE:IGIL-EQ,354.3,11,354.3,242,354.5,30,39716,79464,368180
2026-08-10 14:30:35.899115,NSE:MASTERTR-EQ,81.1,65,81.01,1,81.09,1,51749,58776,175876
2026-08-10 14:18:21.565798,NSE:MANORG-BE,458.0,1,452.1,18,458.0,228,2914,918,5554
2026-08-10 14:18:14.267172,NSE:SPLIL-EQ,32.26,265,32.25,7,32.9,35,6216,14114,5057
2026-08-10 14:24:21.123652,NSE:TREJHARA-EQ,174.88,1,174.5,1,174.88,2,15779,26207,36650
2026-08-10 14:45:44.693354,NSE:AARTIDRUGS-EQ,419.75,21,419.5,19,419.75,51,38923,57640,147292
2026-08-10 14:12:58.074524,NSE:EMAPARTNER-SM,81.5,1000,80.5,1000,82.1,1000,31000,29000,1000
2026-08-10 14:30:34.112626,NSE:SIS-EQ,427.0,1,427.0,119,427.2,7,37090,72282,83824
2026-08-10 14:30:35.464282,NSE:TAINWALCHM-EQ,203.0,45,202.5,50,203.72,2,6138,4229,1771
2026-08-10 14:15:20.594072,NSE:GAUDIUMIVF-BE,128.35,100,128.34,4764,128.35,4643,4764,38231,54865
2026-08-10 14:30:29.515407,NSE:CAPACITE-EQ,209.9,50,209.9,10,209.93,76,95028,142072,281791
2026-08-10 14:23:48.353060,NSE:BEACON-ST,90.8,1000,88.85,1000,90.85,1000,10000,14000,5000
2026-08-10 14:03:50.523970,NSE:SHEETAL-SM,332.0,500,328.5,500,345.0,500,9500,5500,1000
2026-08-10 14:30:29.519773,NSE:SHALBY-EQ,163.45,19,163.13,3,163.48,33,73835,31627,51217
2026-08-10 14:30:36.819539,NSE:SUDARCOLOR-EQ,412.45,1,411.95,2,412.45,4,14197,18862,13406
2026-08-10 14:30:35.904159,NSE:FUSION-EQ,206.75,105,206.61,50,206.8,2,44458,162583,470565
2026-08-10 14:16:11.926148,NSE:BIRLAPREC-EQ,34.76,8,34.78,2,34.99,10,24022,13247,10119
2026-08-10 13:55:53.531857,NSE:MANILAM-SM,49.0,2000,46.05,2000,48.8,2000,34000,14000,0
2026-08-10 14:30:29.167734,NSE:ONEPOINT-EQ,59.57,13,59.58,9,59.64,173,715739,361552,603409
2026-08-10 14:30:34.951776,NSE:SWARAJ-SM,360.0,500,359.65,1500,360.0,500,62000,43000,205000
2026-08-10 14:20:08.215652,NSE:APEXECO-ST,285.45,800,275.65,800,285.45,800,6400,6400,11200
2026-08-10 14:30:30.476512,NSE:TBZ-EQ,277.4,5,277.4,89,277.7,1741,85193,328456,1034569
2026-08-10 14:45:44.719897,NSE:VOGL-EQ,39.69,130,39.69,143,39.7,7000,9449384,13933787,204736537
2026-08-10 14:30:37.954700,NSE:MOSCHIP-EQ,204.8,5,204.8,320,204.91,18,208723,430826,812173
2026-08-10 14:24:29.003700,NSE:KRITI-EQ,69.7,5,69.7,94,70.0,105,13649,14267,14917
2026-08-10 13:55:53.565522,NSE:SIDDHIKA-SM,209.5,500,209.3,500,216.95,500,6000,3000,0
2026-08-10 14:30:37.964136,NSE:C2C-SM,259.75,150,259.15,300,259.8,600,43800,32400,73200
2026-08-10 14:30:11.500192,NSE:XCHANGING-EQ,68.08,10,68.0,188,68.08,467,57994,97011,85013
2026-08-10 14:30:05.832560,NSE:DREAMFOLKS-EQ,69.86,192,69.86,4,69.9,8,43528,73681,19035
2026-08-10 14:24:13.119508,NSE:BVCL-EQ,41.53,18,41.55,1,41.98,43,19879,20976,2991
2026-08-10 14:30:35.196717,NSE:HEMIPROP-EQ,137.44,10,137.23,15,137.44,5,84970,245979,156431
2026-08-10 13:55:53.581868,NSE:743AP41-SG,99.75,100,0.0,0,0.0,0,0,0,0
2026-08-10 14:23:56.630799,NSE:ELPROINTL-EQ,175.14,115,175.14,137,175.37,10,15267,24183,68574
2026-08-10 14:30:36.847348,NSE:SHRADHA-EQ,34.0,13,33.97,975,34.11,14,53088,25178,7251
2026-08-10 14:27:22.722837,NSE:BLAL-EQ,172.26,5,172.27,18,172.73,8,14669,43114,4863
2026-08-10 14:30:36.852548,NSE:MMP-EQ,345.9,27,345.8,53,345.9,80,27682,31110,278740
2026-08-10 13:55:53.597813,NSE:745AP34-SG,97.75,100,95.05,100,0.0,0,100,0,0
2026-08-10 13:55:53.603616,NSE:USASEEDS-SM,90.9,428,86.4,428,91.0,856,428,1284,0
2026-08-10 14:24:00.939380,NSE:BI-EQ,61.41,181,61.15,6,61.41,1,5783,46917,4669
2026-08-10 14:24:51.726445,NSE:BCPL-EQ,69.5,10,69.5,80,69.96,20,7600,5703,2198
2026-08-10 14:30:32.600779,NSE:MCLEODRUSS-BE,51.06,240,51.06,520,51.45,3657,35989,7366,289150
2026-08-10 13:55:53.616281,NSE:725GA35-SG,94.76,100,93.15,100,0.0,0,100,0,0
2026-08-10 13:55:53.619565,NSE:DRSDILIP-SM,109.9,800,0.0,0,109.0,3200,0,4800,0
2026-08-10 14:30:33.522846,NSE:MSPL-EQ,35.27,50,35.27,101,35.33,51,158419,233323,308354
2026-08-10 14:30:29.532195,NSE:STALLION-EQ,254.05,146,253.8,111,254.05,2,135971,313365,1437189
2026-08-10 14:15:20.462215,NSE:ONMOBILE-BE,68.31,10,0.0,0,68.31,26529,0,62294,19386
2026-08-10 14:21:19.467082,NSE:TOKYOPLAST-BE,80.0,100,80.0,367,83.0,30,682,100,218
2026-08-10 14:30:03.573128,NSE:MATRIMONY-EQ,476.9,1,476.85,3,476.9,2,16703,14491,69980
2026-08-10 14:20:20.010152,NSE:INFINIUM-SM,218.9,500,214.15,500,220.5,500,3500,5500,7500
2026-08-10 14:30:09.008235,NSE:MUFTI-EQ,87.31,1,87.34,2,87.49,20,48145,140294,192172
2026-08-10 14:29:25.309477,NSE:VILAS-SM,362.0,250,361.85,250,362.0,750,19250,16750,7250
2026-08-10 14:30:28.362590,NSE:BAJAJELEC-EQ,364.9,2,364.8,15,364.9,86,91793,119593,350081
2026-08-10 14:30:20.364430,NSE:BHARATWIRE-EQ,193.61,18,193.63,24,193.9,1,90568,65130,168956
2026-08-10 14:19:36.509411,NSE:MOBILISE-ST,113.1,1600,111.1,1600,118.5,1600,11200,11200,36800
2026-08-10 14:30:32.359707,NSE:XTRANET-BE,143.02,20,143.02,300991,0.0,0,414822,0,176167
2026-08-10 14:30:36.222680,NSE:ASAHISONG-BE,358.0,100,357.7,94,358.0,126,3812,3238,5577
2026-08-10 14:22:46.039048,NSE:MARUSHIKA-SM,111.0,1200,107.3,1200,111.95,1200,31200,26400,18000
2026-08-10 13:55:53.673269,NSE:725AP37-SG,97.0,300,92.15,100,0.0,0,100,0,0
2026-08-10 14:23:28.922974,NSE:LGHL-EQ,201.01,3,201.63,1,202.64,1,6150,6749,17102
2026-08-10 13:55:53.691744,NSE:723MH35-SG,95.0,1800,95.0,3200,99.5,1900,3200,2000,1900
2026-08-10 14:30:30.502639,NSE:ESAFSFB-EQ,40.03,1,40.03,402,40.05,1022,585849,795598,1622584
2026-08-10 14:30:10.517759,NSE:BAJAJINDEF-EQ,231.0,15,231.0,491,232.84,6,9557,13834,12376
2026-08-10 14:30:39.188413,NSE:INDOBORAX-EQ,435.7,2,435.25,51,435.7,125,80988,120740,1621474
2026-08-10 14:30:37.972544,NSE:KPIGREEN-EQ,370.55,5,370.3,110,370.55,139,108863,126137,649071
2026-08-10 14:20:51.220780,NSE:FOODSIN-EQ,54.0,288,54.0,12,54.06,114,52600,73083,40125
2026-08-10 14:30:34.579423,NSE:SIMPLEXINF-EQ,260.24,2,260.27,2,261.09,1,38712,67051,574412
2026-08-10 14:30:39.381073,NSE:HFCL-EQ,215.31,100,215.31,27,215.42,1412,1106460,2032224,15660394
2026-08-10 14:29:58.302381,NSE:PENIND-EQ,161.16,13,161.13,48,161.27,14,67337,124518,225578
2026-08-10 13:55:53.740124,NSE:71JK33A-SG,95.0,100,0.0,0,0.0,0,0,0,0
2026-08-10 14:30:04.882673,NSE:SUPREME-EQ,44.25,13,44.25,2,44.58,1,16603,19310,44653
2026-08-10 14:29:32.690902,NSE:INDTERRAIN-EQ,32.14,7,31.88,467,32.14,15,34549,32359,8416
2026-08-10 14:21:12.219360,NSE:ZENITHDRUG-SM,40.25,800,40.25,800,41.0,800,36800,11200,100000
2026-08-10 14:19:03.705514,NSE:KRISHCA-SM,165.0,500,166.0,500,169.0,1000,22000,7500,4000
2026-08-10 14:30:36.235653,NSE:HIGREEN-SM,138.55,800,138.5,1600,141.0,800,25600,14400,10400
2026-08-10 14:30:21.985501,NSE:SRTL-EQ,40.39,25,40.33,7,40.39,5,19314,48004,57966
2026-08-10 14:30:34.582316,NSE:BOROLTD-EQ,240.21,15,240.21,11,240.64,1,28507,35385,31212
2026-08-10 14:26:24.876264,NSE:TRANSWORLD-BE,161.49,83,159.18,20,161.49,12,8371,8361,16016
2026-08-10 14:30:19.756506,NSE:MAXESTATES-EQ,416.4,9,415.55,2,416.15,1,53603,36138,56940
2026-08-10 14:27:12.350538,NSE:ALGOQUANT-EQ,67.24,23,67.18,1,67.25,2,115606,81138,892113
2026-08-10 14:30:16.858854,NSE:SOMATEX-EQ,94.91,6,94.05,9,94.89,9,3643,14773,11930
2026-08-10 14:30:27.903224,NSE:BAJAJHCARE-EQ,330.9,12,331.05,2,331.5,15,37690,41704,78132
2026-08-10 14:30:35.478273,NSE:INDOFARM-EQ,151.48,8,151.32,5,151.56,57,49440,66830,271572
2026-08-10 13:55:53.807790,NSE:743BR39-SG,95.0,100,95.0,100,0.0,0,100,0,0
2026-08-10 14:30:39.408786,NSE:MOTHERSON-EQ,167.46,22,167.46,550,167.53,518,1367268,3535496,25238043
2026-08-10 14:29:44.422611,NSE:PLAZACABLE-BE,46.55,9,46.55,71,47.0,250,17673,15436,25750
2026-08-10 14:25:37.435324,NSE:STEELCITY-EQ,83.65,1,83.62,1,83.81,403,35206,13125,3673
2026-08-10 14:26:33.437585,NSE:VALIANTLAB-BE,67.81,50,67.81,30169,0.0,0,39079,0,26338
2026-08-10 13:55:53.832197,NSE:719PN37-SG,98.5,5000,93.6,100,0.0,0,100,0,0
2026-08-10 14:23:13.313737,NSE:APCL-EQ,103.9,3,103.01,1,103.86,12,19698,7458,4248
2026-08-10 14:30:23.832505,NSE:BOMDYEING-EQ,120.06,50,120.06,50,120.1,1000,111072,291928,334160
2026-08-10 14:30:35.202767,NSE:FIRSTCRY-EQ,213.47,2,213.43,16,213.5,256,137507,249824,174162
2026-08-10 13:55:53.848046,NSE:INVICTA-SM,77.7,1600,76.0,1600,78.9,1600,46400,22400,1600
2026-08-10 13:55:53.853868,NSE:743MH35-SG,97.14,100,94.6,100,0.0,0,100,0,0
2026-08-10 14:12:03.990654,NSE:SUNREST-SM,37.1,1600,37.1,1600,38.9,1600,22400,16000,3200
2026-08-10 14:30:38.295617,NSE:BANDHANBNK-EQ,172.88,1,172.88,611,172.92,1,350368,1271291,4806524
2026-08-10 14:25:14.773510,NSE:SCHAND-EQ,143.28,1,143.28,5,143.36,5,23708,20849,25635
2026-08-10 14:30:21.987566,NSE:VMSTMT-EQ,48.2,200,48.1,300,48.58,10,96636,149688,281960
2026-08-10 14:23:10.859448,NSE:METROGLOBL-EQ,131.0,20,130.51,5,134.2,12,1986,3678,1470
2026-08-10 13:55:53.899956,NSE:726MH41-SG,100.5,100,0.0,0,0.0,0,0,0,0
2026-08-10 13:55:53.901991,NSE:756TN54-SG,95.73,300,90.95,100,0.0,0,100,0,0
2026-08-10 14:30:38.300583,NSE:BLS-EQ,260.81,5,260.8,27,260.95,74,247727,907984,6486672
2026-08-10 14:30:36.870079,NSE:SHADOWFAX-EQ,247.71,296,247.75,1,247.9,194,181659,475044,2933026
2026-08-10 14:21:13.653878,NSE:SPEB-ST,86.6,2000,84.25,2000,0.0,0,12000,0,8000
2026-08-10 13:55:53.917836,NSE:75HR30-SG,101.25,2000,0.0,0,0.0,0,0,0,0
2026-08-10 14:30:30.535519,NSE:SWANCORP-EQ,308.4,330,308.4,102,308.45,64,609818,226163,553477
2026-08-10 14:30:33.540173,NSE:NIVABUPA-EQ,86.69,16,86.68,1,86.7,375,120792,1197204,515182
2026-08-10 14:26:25.592582,NSE:HMT-BZ,60.01,155,60.5,50,61.38,40,2618,8913,16381
2026-08-10 14:25:24.144357,NSE:SONAMLTD-EQ,54.41,1,54.42,1,54.46,49,34070,32001,30757
2026-08-10 13:55:53.936008,NSE:754AS28-SG,97.0,100,0.0,0,0.0,0,0,0,0
2026-08-10 14:27:15.758796,NSE:HMVL-BE,93.92,7,93.92,35,94.88,25,4212,17669,40651
2026-08-10 14:30:34.596456,NSE:GOLDIAM-EQ,371.05,100,371.05,150,371.15,40,118466,338857,1305458
2026-08-10 14:30:29.189551,NSE:ONIDA-BE,39.04,409,39.04,142,39.1,4,80649,130311,317145
2026-08-10 14:30:37.985810,NSE:DYCL-EQ,422.5,20,422.5,10,422.9,12,96407,181663,1061695
2026-08-10 14:30:39.449456,NSE:NFL-EQ,72.62,5,72.6,25,72.62,479,170512,426187,448998
2026-08-10 14:30:34.600397,NSE:KPEL-EQ,293.3,97,293.0,414,293.35,24,35976,57889,236330
2026-08-10 14:30:33.546319,NSE:MOREPENLAB-EQ,79.17,2,79.13,797,79.17,270,543946,3621367,11882181
2026-08-10 14:30:29.201831,NSE:SUNFLAG-EQ,381.6,1,381.6,84,381.9,153,42199,120018,162583
2026-08-10 14:21:39.649706,NSE:MONEYBOXX-EQ,61.0,47,61.0,163,62.36,1,5069,11576,1781
2026-08-10 13:55:53.971872,NSE:EPWINDIA-ST,240.0,1200,230.0,4800,240.0,6000,4800,9600,0
2026-08-10 13:55:53.977758,NSE:696TN56-SG,91.6,700,0.0,0,0.0,0,0,0,0
2026-08-10 14:30:36.249960,NSE:WINSOL-SM,110.0,400,108.5,400,111.0,400,20400,7600,400
2026-08-10 14:30:34.145650,NSE:ASHIKAG-EQ,429.55,9,429.35,2,429.55,2,69536,35889,280230
2026-08-10 14:30:05.852933,NSE:SILGO-EQ,69.7,2447,69.36,5,69.67,19,19004,20548,110195
2026-08-10 14:30:30.848120,NSE:EPL-EQ,229.61,3,229.61,12,229.77,46,46488,163862,257033
2026-08-10 14:30:29.202948,NSE:ORIENTHOT-EQ,126.5,47,126.5,3306,126.71,4,138307,130051,319177
2026-08-10 14:25:28.612172,NSE:MENNPIS-EQ,75.23,85,75.01,29,75.22,18,46185,61499,39338
2026-08-10 14:14:51.915897,NSE:SHYAMDHANI-ST,63.35,2000,60.35,2000,62.1,2000,2000,38000,4000
2026-08-10 14:30:31.026437,NSE:DOLPHIN-EQ,420.25,2,420.25,69,420.9,2,13823,24055,24164
2026-08-10 14:29:25.328637,NSE:FABTECH-EQ,146.5,1,146.58,5,146.82,8,38755,44189,47381
2026-08-10 14:23:48.079735,NSE:VIJAYPD-SM,64.0,2000,62.0,2000,66.0,2000,50000,34000,6000
2026-08-10 14:30:19.775556,NSE:AMBALALSA-EQ,49.22,13,49.03,11,49.27,38,184309,171142,626455
2026-08-10 14:30:17.655927,NSE:UNIECOM-EQ,84.7,9,84.62,29,84.7,292,79374,147810,139705
2026-08-10 14:23:19.236889,NSE:AMEYA-SM,109.0,1000,105.0,1000,0.0,0,6000,0,2000
2026-08-10 14:30:35.916257,NSE:ICIL-EQ,424.05,54,424.35,1,424.75,16,44764,83620,267207
2026-08-10 14:30:38.305933,NSE:BHARATSE-EQ,236.83,22,236.84,52,237.09,7,57591,109474,249433
2026-08-10 14:15:21.557181,NSE:FROG-ST,216.0,400,215.25,1200,217.0,800,2800,2400,4000
2026-08-10 14:28:14.446345,NSE:MAJESAUT-BE,443.8,11,0.0,0,443.8,10923,0,17444,8524
2026-08-10 14:30:29.207256,NSE:MUTHOOTCAP-EQ,258.91,5,258.03,4,258.91,3,18694,27394,10710
2026-08-10 13:55:54.044306,NSE:722KA35-SG,98.7,2000,0.0,0,0.0,0,0,0,0
2026-08-10 14:01:20.778047,NSE:SCML-SM,86.0,2000,85.25,1000,86.85,1000,32000,17000,8000
2026-08-10 14:30:35.495583,NSE:PLASTIBLEN-EQ,199.41,90,199.21,72,199.4,2,37798,64015,45801
2026-08-10 14:30:34.155489,NSE:SURYAROSNI-EQ,247.35,8,247.35,47,247.53,16,74757,319938,473764
2026-08-10 14:30:30.852748,NSE:HEXAGON-BE,63.9,100,63.88,1,63.9,1055,54086,51213,256611
2026-08-10 14:30:36.883130,NSE:HLEGLAS-EQ,471.7,1,470.55,19,471.0,5,40296,78483,350358
2026-08-10 14:30:25.496733,NSE:UGROCAP-EQ,95.8,35,95.81,114,95.89,115,93883,101636,187896
2026-08-10 14:30:33.964460,NSE:SWIGGY-EQ,280.2,18,280.2,237,280.3,305,865159,2273650,8887249
2026-08-10 14:24:53.751891,NSE:LAMBODHARA-EQ,115.65,10,115.66,17,116.89,49,74183,29483,18394
2026-08-10 14:30:30.858069,NSE:FMGOETZE-EQ,492.05,20,492.15,8,493.1,8,21063,53169,36647
2026-08-10 14:24:27.874762,NSE:SICALLOG-BE,102.0,1,102.0,908,102.35,50,23572,3984,12409
2026-08-10 14:30:34.602734,NSE:VSSL-EQ,343.45,40,343.45,35,343.8,24,42034,101546,182950
2026-08-10 14:30:26.285196,NSE:VASCONEQ-EQ,33.99,45,33.95,100,33.99,60,190837,423350,1236763
2026-08-10 14:30:16.386930,NSE:EMSLIMITED-EQ,398.85,1,398.75,1,399.05,23,37050,54888,81131
2026-08-10 14:30:33.560757,NSE:MRPL-EQ,163.09,200,163.05,20,163.09,307,375967,926102,1822682
2026-08-10 14:30:15.969436,NSE:BPL-EQ,53.5,5,53.51,4,53.59,6,66448,35059,26800
2026-08-10 14:30:39.488301,NSE:VISAKAIND-EQ,103.34,21,103.22,11,103.33,265,172003,408637,4131136
2026-08-10 13:55:54.107779,NSE:647MH28-SG,97.95,30000,95.3,100,0.0,0,100,0,0
2026-08-10 14:30:31.032315,NSE:MWL-EQ,40.98,50,40.92,236,41.0,1886,459126,601736,309826
2026-08-10 14:30:05.956432,NSE:MERCURYEV-EQ,34.53,41,34.53,959,34.6,22,61276,92667,157945
2026-08-10 14:25:20.610339,NSE:BEEKAY-EQ,396.9,200,391.0,1,395.95,2,1283,5834,3328
2026-08-10 14:30:35.923171,NSE:GAEL-EQ,171.48,5,171.39,148,171.48,49,112810,225331,670907
2026-08-10 14:29:59.845355,NSE:AHLEAST-EQ,143.0,1,143.0,4299,143.8,13,10987,4736,3948
2026-08-10 13:55:54.131875,NSE:UCL-ST,225.45,2000,208.1,2000,220.45,2000,2000,16000,4000
2026-08-10 14:24:12.355502,NSE:SHREYANIND-EQ,144.5,1,143.03,49,144.99,9,8450,9425,1894
2026-08-10 14:22:49.503551,NSE:ONDOOR-SM,244.95,300,240.6,300,244.6,300,12600,12000,14700
2026-08-10 14:24:24.683973,NSE:ABMINTLLTD-EQ,43.1,5,43.1,15,43.88,95,2274,995,406
2026-08-10 14:30:37.995493,NSE:BPCL-EQ,319.1,100,318.95,343,319.1,165,657164,637613,2408721
2026-08-10 14:30:33.562964,NSE:SENCO-EQ,398.85,3,398.55,163,398.85,1,112812,368903,1389952
2026-08-10 14:28:11.379402,NSE:ASPINWALL-EQ,232.99,2,231.21,2,232.99,6,8483,2919,1600
2026-08-10 14:30:33.023556,NSE:NACLIND-EQ,178.25,12,178.3,9,178.46,14,105343,112221,680151
2026-08-10 14:30:37.995493,NSE:PATANJALI-EQ,355.8,16,355.65,225,355.8,84,494637,385289,5859987
2026-08-10 13:55:54.161091,NSE:745TN55-SG,100.0,0,0.0,0,104.9,100,0,100,0
2026-08-10 14:30:13.922676,NSE:BATLIBOI-EQ,87.5,1,87.5,21,87.63,3,39097,46360,76984
2026-08-10 14:30:16.900541,NSE:GPTHEALTH-EQ,158.75,10,158.58,2,158.75,9,61691,69756,66920
2026-08-10 14:30:24.752925,NSE:BAJAJST-EQ,392.2,1,392.15,1,392.7,3,9085,24692,45046
2026-08-10 14:30:07.720295,NSE:MAWANASUG-EQ,116.73,1,116.73,126,116.94,50,61877,104673,525796
2026-08-10 13:55:54.183232,NSE:742GJ31-SG,94.64,100,94.6,100,0.0,0,100,0,0
2026-08-10 14:30:38.311132,NSE:ACMESOLAR-EQ,365.4,32,365.1,1,365.4,578,71629,185946,404514
2026-08-10 14:23:11.889941,NSE:SEMAC-BE,306.0,50,307.5,13,318.85,2,134,518,294
2026-08-10 13:55:54.191867,NSE:ACTIVEINFR-SM,171.0,600,170.0,600,179.5,600,10200,1800,0
2026-08-10 13:55:54.193897,NSE:746UP37-SG,95.0,100,95.0,100,0.0,0,100,0,0
2026-08-10 14:30:34.982376,NSE:GRMOVER-EQ,89.85,24,89.8,150,89.89,64,1035642,298540,719054
2026-08-10 14:25:17.376081,NSE:SRGHFL-EQ,287.6,2,286.05,3,287.6,456,5768,4661,158
2026-08-10 14:30:05.965199,NSE:HINDCOMPOS-EQ,419.4,10,419.4,455,419.9,56,15726,3655,2919
2026-08-10 14:30:38.007430,NSE:MIDHANI-EQ,437.5,2306,437.05,1,437.4,61,57647,408272,570676
2026-08-10 14:18:09.085901,NSE:WINNY-SM,30.6,500,29.5,500,32.1,500,1000,500,0
2026-08-10 14:30:38.315479,NSE:TOLINS-EQ,101.53,1,101.07,1,101.53,11,17268,43442,29743
2026-08-10 14:30:29.215592,NSE:BODALCHEM-BE,68.99,8,68.5,275,68.65,260,35018,44095,96290
2026-08-10 13:55:54.222006,NSE:669KA37-SG,95.0,14000,90.25,100,0.0,0,100,0,0
2026-08-10 14:18:08.255804,NSE:GTECJAINX-BE,30.35,6,30.5,2,32.1,342,1749,1364,4770
2026-08-10 14:30:38.011001,NSE:APOLLO-EQ,386.8,2,386.7,202,386.8,145,351366,1218473,5566745
2026-08-10 14:30:38.320287,NSE:HONASA-EQ,480.1,24,479.9,14,480.1,2265,69883,124752,652986
2026-08-10 13:55:54.235771,NSE:758GA37A-SG,99.0,100,94.05,100,0.0,0,100,0,0
2026-08-10 14:30:17.276092,NSE:DVL-EQ,268.68,3,268.68,1,268.91,3,18394,27646,21911
2026-08-10 14:30:26.310880,NSE:HILINFRA-EQ,45.0,60,44.95,128,45.01,4135,25179,57633,68829
2026-08-10 14:30:35.221078,NSE:STUDDS-EQ,437.7,1,437.2,1,437.7,7,32683,19263,120365
2026-08-10 14:30:39.602792,NSE:PACEDIGITK-EQ,179.33,34,179.35,25,179.55,53,201683,255949,987493
2026-08-10 13:55:54.249755,NSE:FWSTC-SM,185.0,600,182.5,600,195.0,1200,12000,11400,1800
2026-08-10 14:28:18.165522,NSE:SINGERIND-EQ,68.22,3,68.22,1,68.49,162,18177,27720,40279
2026-08-10 14:30:35.522543,NSE:GICHSGFIN-EQ,153.0,220,152.44,5,152.76,7,47889,135653,88162
2026-08-10 13:55:54.262033,NSE:757JK34-SG,100.05,500,0.0,0,0.0,0,0,0,0
2026-08-10 14:19:40.799860,NSE:MODIRUBBER-EQ,124.39,4,122.41,3,124.4,10,892,3878,973
2026-08-10 14:45:44.741610,NSE:BAJAJHFL-EQ,85.06,55,85.06,2037,85.07,183,696366,930653,2570146
2026-08-10 13:55:54.269366,NSE:737KA38A-SG,97.51,200,92.65,100,0.0,0,100,0,0
2026-08-10 14:21:08.663933,NSE:GENXAI-SM,80.1,1200,80.2,1200,81.35,1200,46800,48000,30000
2026-08-10 14:22:00.643818,NSE:DURLAX-SM,54.3,4000,54.7,2000,56.45,2000,88000,116000,28000
2026-08-10 14:29:24.849650,NSE:ONELIFECAP-BE,33.79,50,32.51,194,33.79,150,20224,4382,21670
2026-08-10 13:55:54.290568,NSE:724KA38-SG,98.82,10700,93.9,100,0.0,0,100,0,0
2026-08-10 14:30:17.013054,NSE:HIMATSEIDE-EQ,79.44,10,79.44,59,79.53,24,141814,218640,265597
2026-08-10 14:17:33.065918,NSE:SHREEKARNI-SM,410.0,150,405.0,150,417.65,300,17700,3300,5550
2026-08-10 14:25:17.386703,NSE:LFIC-EQ,141.99,3,137.05,4,140.19,7,10650,8769,195
2026-08-10 13:55:54.310622,NSE:739CG33-SG,95.6,100,95.55,100,100.38,100,100,100,0
2026-08-10 13:55:54.313899,NSE:738CG32-SG,100.0,100,96.35,100,0.0,0,100,0,0
2026-08-10 14:30:39.623194,NSE:WIPRO-EQ,185.67,10,185.65,3,185.67,174,1087627,2777677,4101578
2026-08-10 14:30:08.220541,NSE:KROSS-EQ,206.35,15,206.18,16,206.51,7,47030,173755,256933
2026-08-10 14:45:44.804126,NSE:BLKASHYAP-EQ,54.89,1000,54.84,835,54.89,316,89561,215221,271714
2026-08-10 14:30:25.935566,NSE:GHCL-EQ,434.85,77,434.85,23,434.95,25,51965,50608,94139
2026-08-10 13:55:54.339523,NSE:754KA41-SG,99.0,5000,94.05,100,0.0,0,100,0,0
2026-08-10 13:55:54.347781,NSE:653KA30-SG,93.0,7900,93.05,100,0.0,0,100,0,0
2026-08-10 14:30:34.621442,NSE:INDSWFTLAB-EQ,239.6,775,239.1,64,239.54,5,196495,127712,805207
2026-08-10 13:55:54.358775,NSE:746RJ51-SG,95.0,100,95.0,100,0.0,0,100,0,0
2026-08-10 14:30:30.555566,NSE:ARCHIDPLY-EQ,96.0,40,95.8,50,96.0,459,113429,38472,162610
2026-08-10 13:55:54.365967,NSE:745AP33-SG,95.0,100,95.0,100,0.0,0,100,0,0
2026-08-10 14:27:40.364433,NSE:AFSL-EQ,201.89,81,201.06,7,201.72,4,56580,8600,1834
2026-08-10 14:30:26.554054,NSE:MASKINVEST-BE,158.57,2,149.4,5,158.5,91,153,343,2
2026-08-10 14:30:39.635209,NSE:NHPC-EQ,76.79,173,76.8,6950,76.81,200,1868361,2669162,4123158
2026-08-10 14:30:27.962595,NSE:SHANTIGOLD-EQ,226.4,55,226.3,108,226.4,66,114768,211042,560557
2026-08-10 14:30:04.955034,NSE:INOXGREEN-BE,180.0,100,178.27,34,180.15,2010,44882,94369,518765
2026-08-10 13:55:54.384601,NSE:744TN55A-SG,92.0,100,0.0,0,0.0,0,0,0,0
2026-08-10 14:30:20.555390,NSE:SUNTECK-EQ,298.5,36,298.35,809,298.5,141,47726,48275,74169
2026-08-10 14:45:44.884839,NSE:M&MFIN-EQ,411.5,4,411.35,2110,411.5,3682,320768,323310,3052371
2026-08-10 14:29:37.986798,NSE:ENCOMPAS-SM,244.0,400,237.05,400,242.0,400,26400,20800,2000
2026-08-10 14:30:33.202356,NSE:LATENTVIEW-EQ,297.9,18,298.0,118,298.25,100,70041,171239,224503
2026-08-10 14:30:33.207490,NSE:BIRLACABLE-BE,266.92,38,266.92,109073,0.0,0,132328,0,281808
2026-08-10 14:21:55.073946,NSE:MADHUSUDAN-ST,232.75,1000,228.0,1000,232.85,1000,8000,14000,8000
2026-08-10 14:30:39.655784,NSE:UJJIVANSFB-EQ,70.25,9,70.25,1694,70.28,3557,464219,2973800,5297767
2026-08-10 14:30:09.077061,NSE:UNIVASTU-BE,131.0,69,131.0,168,131.45,50,448,32988,146542
2026-08-10 14:24:01.579739,NSE:SMLT-EQ,68.8,50,68.5,1,68.89,18,42771,9302,2971
2026-08-10 14:26:26.737035,NSE:BYKE-BE,33.3,500,33.0,300,33.3,500,15022,10937,54824
2026-08-10 14:25:30.367870,NSE:INDIANCARD-EQ,221.5,1,220.02,50,221.45,15,10481,2825,333
2026-08-10 14:30:11.589965,NSE:AHLADA-EQ,38.5,20,38.47,1,38.5,1048,18222,7953,4717
2026-08-10 14:16:45.428674,NSE:SHUBHSHREE-SM,345.0,300,341.25,300,347.0,300,9300,6600,1500
2026-08-10 14:30:35.222677,NSE:GOPAL-EQ,274.2,1,274.0,22,274.25,11,182994,58380,313913
2026-08-10 13:55:54.443809,NSE:703RJ36-SG,99.25,1000,0.0,0,0.0,0,0,0,0
2026-08-10 14:30:29.805569,NSE:UNICHEMLAB-EQ,508.75,2,507.85,2,508.85,16,33161,15856,58436
2026-08-10 14:30:38.015807,NSE:BANKBARODA-EQ,247.88,7,247.92,2,247.97,429,797407,1431615,4932810
2026-08-10 14:24:13.174999,NSE:GLOTTIS-BE,67.92,1,67.6,200,67.92,196,12785,64650,24055
2026-08-10 14:30:15.987812,NSE:ONWARDTEC-EQ,285.8,74,285.8,70,286.1,60,33038,33303,15090
2026-08-10 14:25:38.846625,NSE:UCAL-EQ,120.0,50,119.62,10,120.88,9,12539,21270,11507
2026-08-10 14:24:05.911390,NSE:ABCOTS-EQ,202.39,1,201.94,4,202.37,1,29215,5360,2957
2026-08-10 14:19:25.245636,NSE:MODTHREAD-EQ,47.0,1,46.75,9,48.98,2,6147,2038,1849
2026-08-10 14:30:19.811546,NSE:PFOCUS-EQ,282.2,16,282.2,23,282.45,29,46505,111370,238488
2026-08-10 14:30:20.387211,NSE:ACSTECH-EQ,50.6,500,50.6,34602,0.0,0,129751,0,761801
2026-08-10 14:19:57.556047,NSE:AGRITECH-BE,109.0,14,109.0,5,109.99,40,1574,2879,998
2026-08-10 13:55:54.494648,NSE:747AP32-SG,99.75,100,97.15,100,0.0,0,100,0,0
2026-08-10 14:30:38.020241,NSE:DLINKINDIA-EQ,437.0,5,436.6,78,437.0,249,39982,39468,64148
2026-08-10 13:55:54.504195,NSE:965SCL25C-N0,451.8,10,404.2,200,445.0,390,225,1182,0
2026-08-10 14:30:33.965560,NSE:MAFATIND-EQ,128.0,29,127.9,1,128.0,21,29820,28134,81870
2026-08-10 14:30:33.216046,NSE:PARKHOSPS-EQ,289.3,22,289.2,624,289.5,151,63809,154700,222462
2026-08-10 14:29:39.012611,NSE:SUBAHOTELS-SM,113.45,1200,111.6,1200,113.45,1200,54000,42000,27600
2026-08-10 14:30:36.276591,NSE:VISDEM-SM,84.35,1200,80.0,1200,85.45,1200,13200,9600,0
2026-08-10 14:30:30.107067,NSE:GREENLAM-EQ,242.35,27,242.4,2,242.7,93,103005,93678,1169284
2026-08-10 14:30:35.556398,NSE:21STCENMGM-EQ,42.99,5,42.75,41,43.63,175,65,5820,9472
2026-08-10 14:24:34.262283,NSE:SONAMAC-SM,35.0,1000,33.15,1000,35.0,1000,5000,5000,3000
2026-08-10 14:30:30.107067,NSE:SPMLINFRA-EQ,189.12,74,189.3,3,189.63,3,54569,76882,121573
2026-08-10 14:30:38.028536,NSE:ONGC-EQ,239.5,92,239.41,6499,239.5,307,1227152,1882148,8022351
2026-08-10 14:26:24.008894,NSE:XTGLOBAL-EQ,32.15,151,32.03,15,32.15,13,50288,65284,34840
2026-08-10 14:30:34.625153,NSE:FDC-EQ,366.2,1,366.2,30,366.4,96,44667,112921,172445
2026-08-10 14:25:31.715051,NSE:MODISONLTD-BE,292.85,1,292.85,20232,0.0,0,28816,0,89198
2026-08-10 14:45:44.991796,NSE:BANSALWIRE-EQ,322.35,5,322.25,6,322.65,29,37731,67596,129063
2026-08-10 13:55:54.560718,NSE:VIESL-SM,312.0,800,311.25,800,316.95,800,25600,32000,8800
2026-08-10 14:30:34.630988,NSE:TURTLEMINT-EQ,116.12,2,116.0,1000,116.13,38,97277,89774,362734
2026-08-10 14:30:35.571642,NSE:GIPCL-EQ,164.51,5,164.5,2088,164.58,2,94798,169959,555953
2026-08-10 14:30:15.165822,NSE:ANANTAM-IV,105.5,600,105.45,700,105.5,8546,7688,16872,84866
2026-08-10 14:29:15.478430,NSE:ABMKNO-EQ,190.0,15,188.05,6,192.0,10,1680,2139,875
2026-08-10 13:55:54.580166,NSE:759CG46-SG,95.0,200,95.0,100,0.0,0,100,0,0
2026-08-10 13:55:54.582189,NSE:VELS-ST,73.0,1200,0.0,0,69.35,2400,0,15600,0
2026-08-10 14:15:20.615726,NSE:APSISAERO-ST,475.4,1200,475.4,7200,0.0,0,9600,0,19200
2026-08-10 14:30:34.633930,NSE:ALPHAGEO-EQ,246.39,1,244.34,162,246.0,49,14518,17295,36061
2026-08-10 14:25:45.532303,NSE:MPEL-ST,36.75,14400,35.45,1600,37.0,1600,6400,8000,0
2026-08-10 14:30:29.819487,NSE:AUTOIND-BE,94.3,25,94.0,302,94.3,1202,15711,21593,95807
2026-08-10 14:22:46.085743,NSE:LAHOTIOV-EQ,41.0,255,41.01,40,42.97,4,14259,4334,2016
2026-08-10 14:14:18.481808,NSE:MAITREYA-SM,124.3,400,117.1,400,124.75,400,14000,10800,0
2026-08-10 14:23:29.299509,NSE:SYSTMTXC-BE,59.5,25,58.0,700,59.4,50,2921,4905,5115
2026-08-10 14:29:44.156570,NSE:FOCUS-BE,69.0,8,68.52,10,68.98,500,18381,12165,20139
2026-08-10 14:30:34.202274,NSE:SERVOTECH-EQ,84.88,3,84.82,39,84.88,262,94445,215257,355369
2026-08-10 14:30:29.733377,NSE:AEROPLANE-EQ,194.69,6,194.31,86,194.69,19,74949,68862,106945
2026-08-10 14:29:47.086017,NSE:ARIES-EQ,345.2,1,345.65,1,346.8,1,12771,11432,8876
2026-08-10 14:45:45.057615,NSE:MOLDTECH-EQ,196.75,1,196.76,10,196.97,6,122982,140495,530522
2026-08-10 14:28:54.818234,NSE:TRANSTEEL-SM,112.55,1000,112.6,1000,113.95,1000,43000,50000,20000
2026-08-10 13:55:54.639920,NSE:712TN34A-SG,95.0,100,91.75,100,0.0,0,100,0,0
2026-08-10 13:55:54.643977,NSE:PARAMATRIX-SM,58.25,1200,56.05,1200,58.25,1200,34800,25200,0
2026-08-10 14:30:11.316917,NSE:SNOWMAN-EQ,39.73,16,39.74,100,39.76,27,78175,284293,127747
2026-08-10 14:19:02.696041,NSE:AERON-SM,80.0,1000,78.5,1000,80.95,1000,47000,52000,17000
2026-08-10 13:55:54.661201,NSE:VERA-SM,78.25,1500,0.0,0,77.0,3000,0,7500,0
2026-08-10 13:55:54.663890,NSE:738GJ30-SG,97.67,100,97.67,100,0.0,0,200,0,0
2026-08-10 14:30:33.222214,NSE:TRIVENI-EQ,244.5,19,244.37,10,244.5,11,97514,172760,1490363
2026-08-10 14:24:43.584751,NSE:HEXATRADEX-EQ,160.2,23,160.2,20,161.65,39,4480,4665,811
2026-08-10 13:55:54.674142,NSE:727MH30-SG,99.0,5000,95.95,100,0.0,0,100,0,0
2026-08-10 14:28:15.466548,NSE:INFOLLION-SM,160.0,400,157.5,400,162.4,400,15600,12000,10000
2026-08-10 13:55:54.682022,NSE:751UK35-SG,100.5,500,95.5,100,0.0,0,100,0,0
2026-08-10 14:30:33.222214,NSE:EIHOTEL-EQ,305.9,1,305.9,32,306.15,1,57653,76607,153747
2026-08-10 14:30:29.832443,NSE:MEDIASSIST-EQ,354.6,30,354.1,1,354.6,15,60115,55929,438810
2026-08-10 13:55:54.703938,NSE:758AS33-SG,98.25,100,0.0,0,0.0,0,0,0,0
2026-08-10 14:24:23.387928,NSE:SUPERHOUSE-EQ,160.5,1,160.08,1,160.98,2,14977,6855,2491
2026-08-10 14:29:54.140396,NSE:HBESD-EQ,76.98,300,75.09,9,77.0,200,1527,4496,1832
2026-08-10 14:30:39.679611,NSE:TMCV-EQ,450.9,5,450.8,122,450.9,275,151203,710321,4110635
2026-08-10 14:30:38.053676,NSE:AASTHA-EQ,73.75,1,73.76,1,73.8,567,1070856,205440,1887098
2026-08-10 14:28:00.383813,NSE:E2ERAIL-ST,263.0,800,263.25,800,269.35,800,13600,16000,13600
2026-08-10 13:55:54.729936,NSE:890SFIL23A-NZ,420.0,17,405.3,7,440.0,45,266,75,0
2026-08-10 13:55:54.748883,NSE:ALCODIS-SM,67.6,625,66.05,625,74.5,625,19375,3750,0
2026-08-10 14:30:35.222677,NSE:SDBL-EQ,74.86,14,74.81,1809,74.87,68,164216,483648,1170427
2026-08-10 13:55:54.762132,NSE:744JK53-SG,93.69,400,0.0,0,0.0,0,0,0,0
2026-08-10 14:30:35.582694,NSE:EQUITASBNK-EQ,76.2,4,76.15,24,76.2,612,241298,580395,1802030
2026-08-10 13:55:54.772148,NSE:743TN53-SG,99.9,100,0.0,0,0.0,0,0,0,0
2026-08-10 14:30:30.123428,NSE:YATRA-EQ,104.14,17,104.04,50,104.14,184,201934,180523,921426
2026-08-10 14:30:29.242495,NSE:MONTECARLO-EQ,509.5,30,508.8,35,509.45,21,28960,17305,39710
2026-08-10 14:25:27.404645,NSE:MAANALU-EQ,124.73,18,124.78,4,125.08,10,54920,55793,18935
2026-08-10 14:30:38.067340,NSE:OIL-EQ,455.35,2,455.25,260,455.35,13,489808,548735,6476159
2026-08-10 14:30:29.566016,NSE:GENUSPOWER-EQ,304.95,1,304.9,145,304.95,71,161166,417260,771113
2026-08-10 14:30:35.942426,NSE:TNPL-EQ,154.0,1,153.81,58,153.98,1,78125,101130,89301
2026-08-10 13:55:54.800808,NSE:INTERISE-IV,109.75,50000,0.0,0,0.0,0,0,0,0
2026-08-10 14:26:58.992837,NSE:MAXVOLT-ST,331.0,1200,330.4,400,332.0,400,4800,16800,34400
2026-08-10 14:06:36.854729,NSE:VDEAL-SM,164.0,600,158.0,600,165.0,600,12600,12000,600
2026-08-10 14:30:26.317564,NSE:GREENPLY-EQ,284.8,1,284.65,34,284.8,274,44795,48199,34659
2026-08-10 14:30:06.238603,NSE:ARHAM-SM,192.85,1000,191.0,2000,192.7,1000,140000,60000,63000
2026-08-10 13:55:54.828255,NSE:THAKDEV-EQ,139.0,10,127.05,10,140.0,1,329,604,16
2026-08-10 14:20:08.387624,NSE:ASCOM-ST,245.85,500,0.0,0,245.85,2500,0,8500,1500
2026-08-10 14:30:30.129187,NSE:EKC-EQ,114.84,4,114.55,2,114.7,150,105422,172069,190777
2026-08-10 14:45:45.104037,NSE:NSLNISP-EQ,44.55,5162,44.55,6299,44.56,516,600245,1904090,3290859
2026-08-10 14:20:53.495825,NSE:HALDYNGL-BE,129.01,350,129.02,10,130.85,250,7589,28181,15501
2026-08-10 14:30:22.024818,NSE:VOLERCAR-SM,220.0,9600,220.1,800,230.0,800,31200,23200,23200
2026-08-10 14:28:15.491543,NSE:WOMANCART-SM,96.0,400,94.05,400,95.0,400,36000,13600,11200
2026-08-10 14:22:04.744042,NSE:PANACHE-BE,481.45,799,481.45,5824,0.0,0,8720,0,16741
2026-08-10 14:28:54.840658,NSE:GRAVISSHO-EQ,29.51,3,29.55,2,31.07,3,11814,9902,521
2026-08-10 14:26:25.750916,NSE:SHREEOSFM-SM,57.0,1000,56.15,1000,57.5,1000,51000,32000,5000
2026-08-10 13:55:54.872236,NSE:747AP37-SG,98.5,0,95.0,100,0.0,0,100,0,0
2026-08-10 14:30:22.032320,NSE:GPTINFRA-EQ,114.56,10,114.32,202,114.56,5,116387,116120,43425
2026-08-10 13:55:54.883403,NSE:698MH28-SG,100.78,1000,99.15,100,0.0,0,100,0,0
2026-08-10 13:55:54.892572,NSE:743AP31-SG,100.15,100,96.5,100,0.0,0,100,0,0
2026-08-10 14:30:31.043375,NSE:GINNIFILA-BE,45.49,353,45.15,400,45.48,810,22884,19315,42450
2026-08-10 14:27:15.888692,NSE:MARCO-SM,30.7,1500,30.85,1500,31.95,1500,49500,28500,10500
2026-08-10 14:45:45.125747,NSE:MARINE-EQ,354.45,1,354.45,36,354.7,15,102251,198367,1563487
2026-08-10 13:56:43.364958,NSE:SAWALIYA-SM,287.1,600,286.0,600,288.0,1200,43200,16200,15600
2026-08-10 14:21:13.817648,NSE:SHRITECH-SM,58.0,2000,56.8,2000,65.9,2000,68000,10000,0
2026-08-10 13:55:54.914938,NSE:743TS33-SG,98.5,700,94.75,100,0.0,0,100,0,0
2026-08-10 13:55:54.917990,NSE:746MH33-SG,97.76,300,95.5,100,102.4,100,100,100,0
2026-08-10 14:21:55.239850,NSE:SHERA-ST,167.5,1000,162.3,1000,165.8,1000,7000,25000,10000
2026-08-10 13:55:54.926296,NSE:741AP30-SG,100.2,100,97.45,100,0.0,0,100,0,0
2026-08-10 14:20:46.147480,NSE:FINBUD-SM,141.0,1000,141.5,1000,143.0,1000,39000,35000,9000
2026-08-10 14:12:52.801590,NSE:MRIL-ST,69.9,1600,66.55,1600,69.85,1600,4800,33600,0
2026-08-10 14:30:38.075970,NSE:ALLTIME-EQ,219.02,1,219.02,1,219.39,1,21565,36117,19383
2026-08-10 14:24:12.183885,NSE:WEIZMANIND-EQ,78.2,48,78.21,13,79.87,4,34892,11890,592
2026-08-10 14:30:25.969854,NSE:ECOSMOBLTY-BE,133.0,434,132.11,5011,132.75,137,24674,6987,34028
2026-08-10 14:30:05.968824,NSE:FLYSBS-SM,452.65,200,448.0,400,451.95,200,62000,22400,69800
2026-08-10 14:30:05.545521,NSE:TNPETRO-EQ,99.97,20,99.76,9,99.95,9,83066,123371,175775
2026-08-10 13:55:54.958080,NSE:744TS45-SG,99.0,500,94.05,100,0.0,0,100,0,0
2026-08-10 14:28:18.192468,NSE:AMNPLST-EQ,198.44,9,198.24,1,199.02,1,22547,16568,9982
2026-08-10 14:15:24.621143,NSE:SYNOPTICS-ST,71.0,600,69.0,600,70.5,1200,600,3600,600
2026-08-10 14:30:38.082370,NSE:NOCIL-EQ,168.66,53,168.5,1,168.66,9,101704,267114,199134
2026-08-10 14:30:24.343701,NSE:ANUHPHR-EQ,77.86,50,77.86,20,77.89,57,26402,37859,94040
2026-08-10 14:30:21.722528,NSE:LAMOSAIC-ST,54.1,1200,54.1,1200,54.85,2400,10200,31800,100200
2026-08-10 14:30:36.972661,NSE:BIRET-RR,345.95,6,345.93,13,345.95,761,43435,50252,213355
2026-08-10 14:30:05.020553,NSE:STEELCAS-EQ,333.75,3,333.35,75,333.75,306,33875,46076,47183
2026-08-10 14:30:38.330561,NSE:MUTHOOTMF-EQ,218.12,126,217.95,35,218.2,500,98525,139238,476969
2026-08-10 14:25:37.707669,NSE:WPIL-EQ,433.85,3,433.9,1,433.95,108,24045,26385,17200
2026-08-10 14:45:45.143600,NSE:MOIL-EQ,284.0,25,284.0,33,284.05,90,218480,256477,464324
2026-08-10 13:55:54.995814,NSE:672MH38-SG,93.0,100,88.35,100,0.0,0,100,0,0
2026-08-10 14:21:55.239850,NSE:VISACHROME-BE,38.0,383,37.76,142,38.0,190,14004,6714,5693
2026-08-10 14:25:15.796318,NSE:VMOBILE-SM,67.8,800,66.05,800,68.0,800,13600,7200,12800
2026-08-10 13:55:55.007251,NSE:735MH31-SG,96.58,100,96.61,100,100.95,1000,5100,1100,100
2026-08-10 13:55:55.013274,NSE:GRETEX-SM,289.0,750,0.0,0,289.0,750,0,6750,0
2026-08-10 13:55:55.015311,NSE:753TS47-SG,82.15,3000,86.25,100,0.0,0,100,0,0
2026-08-10 14:30:38.093451,NSE:POCL-EQ,483.85,1,483.8,42,483.85,189,44807,89900,315929
2026-08-10 14:30:14.597144,NSE:WELSPLSOL-EQ,48.56,154,48.57,26,48.64,200,104732,183345,434933
2026-08-10 13:55:55.030633,NSE:AILIMITED-SM,35.85,1500,34.25,1500,0.0,0,1500,0,0
2026-08-10 14:30:39.709218,NSE:VEDPOWER-EQ,36.35,255,36.35,7768,36.39,54944,2690013,6963525,57576539
2026-08-10 14:30:16.012461,NSE:BIRLAMONEY-EQ,132.3,22,132.63,24,132.87,17,104202,26219,28036
2026-08-10 14:30:35.608260,NSE:EIEL-EQ,216.6,100,216.6,625,216.68,113,100664,306328,565370
2026-08-10 14:30:34.212651,NSE:TARC-EQ,131.33,150,131.25,41,131.4,11,70141,231317,199032
2026-08-10 14:21:39.701966,NSE:HPTL-SM,309.0,600,296.05,600,314.95,600,1800,6000,600
2026-08-10 14:02:59.308005,NSE:UWCSL-SM,95.0,1000,90.25,1000,96.0,1000,1000,1000,0
2026-08-10 14:30:34.212651,NSE:IIFLCAPS-EQ,333.85,1,333.8,171,333.85,7,87672,139532,115662
2026-08-10 13:55:55.055144,NSE:761TN56-SG,95.0,100,0.0,0,0.0,0,0,0,0
2026-08-10 14:22:55.089647,NSE:AMDIND-EQ,46.5,1,46.4,1,46.94,22,12925,12790,5756
2026-08-10 14:30:31.047877,NSE:HUDCO-EQ,199.95,1,199.95,199,200.0,8429,202720,813273,1254846
2026-08-10 14:30:35.946807,NSE:SUPREMEINF-EQ,88.01,102,88.02,20,88.66,21,33973,43524,58283
2026-08-10 14:30:26.328728,NSE:SURAJEST-EQ,209.17,23,208.14,8,208.95,5,36955,44479,102766
2026-08-10 14:30:35.614887,NSE:ELECTCAST-EQ,74.11,1,74.11,15,74.12,7,271810,770581,3346636
2026-08-10 14:30:11.645529,NSE:EUROPRATIK-EQ,321.7,1,321.6,6,321.95,63,74136,73285,220706
2026-08-10 14:30:34.221722,NSE:ULTRAMAR-EQ,403.0,1,402.9,4,403.0,2276,21037,49679,149762
2026-08-10 14:19:14.621238,NSE:UNIVPHOTO-BE,465.0,1,465.0,9,470.05,87,220,862,177
2026-08-10 14:24:13.198679,NSE:BHADORA-ST,96.7,1200,96.7,4800,0.0,0,9600,0,25200
2026-08-10 14:02:48.318005,NSE:NKIND-EQ,63.9,3,62.1,10,63.9,7,569,3067,533
2026-08-10 14:30:39.720412,NSE:SOUTHBANK-EQ,46.05,1,46.05,39,46.06,1340,1193195,3825449,8856839
2026-08-10 13:55:55.099525,NSE:736MH28-SG,95.5,10000,98.6,100,0.0,0,100,0,0
2026-08-10 14:29:43.247461,NSE:SINCLAIR-EQ,76.9,740,76.9,500,77.0,2447,16038,50517,9186
2026-08-10 14:19:21.785703,NSE:FORGEAUTO-SM,114.05,1200,114.1,1200,118.95,2400,13200,16800,62400
2026-08-10 14:30:31.512705,NSE:SUPREMEPWR-SM,202.1,500,202.05,500,202.35,5000,26000,24500,37500
2026-08-10 13:55:55.110246,NSE:663TN35-SG,91.0,4900,86.75,100,0.0,0,100,0,0
2026-08-10 13:55:55.115269,NSE:699PY29-SG,90.25,100,94.75,100,0.0,0,100,0,0
2026-08-10 14:30:34.226886,NSE:GICRE-EQ,354.25,2,354.5,4,354.55,45,122932,179929,293256
2026-08-10 14:30:38.332591,NSE:NORTHARC-EQ,285.75,84,285.5,158,285.75,134,77104,131824,563708
2026-08-10 13:55:55.117693,NSE:657TN31-SG,104.9,10000,0.0,0,0.0,0,0,0,0
2026-08-10 14:29:58.768180,NSE:NELCAST-EQ,124.11,1,124.19,2,124.41,12,70333,51850,47787
2026-08-10 14:30:25.170955,NSE:WELSPUNLIV-EQ,164.65,2,164.65,6849,164.77,294,136359,545673,1171705
2026-08-10 14:30:36.985740,NSE:EMBASSY-RR,438.75,6,438.72,53,438.75,792,38218,60171,621481
2026-08-10 14:28:01.990610,NSE:GLOBAL-EQ,101.9,285,101.68,6,101.9,4,23847,40499,35055
2026-08-10 14:30:14.370391,NSE:MAHLIFE-EQ,388.0,1,387.8,88,388.0,65,62174,88699,112163
2026-08-10 14:29:44.832517,NSE:IL&FSENGG-BZ,36.0,50,35.52,1,36.0,1158,9174,13664,6946
2026-08-10 14:30:38.100482,NSE:NAZARA-EQ,354.9,8,354.55,1,354.85,48,731995,545331,2828352
2026-08-10 14:30:21.737204,NSE:GOKUL-EQ,39.8,46,39.71,60,39.86,1185,31821,45076,137413
2026-08-10 14:15:20.628523,NSE:LOKESHMACH-BE,351.25,50,351.25,25995,0.0,0,36131,0,17530
2026-08-10 14:30:25.502493,NSE:V2RETAIL-EQ,217.25,3,217.25,37,217.35,1797,93837,217744,723963
2026-08-10 14:30:34.226886,NSE:SURYODAY-EQ,162.34,25,162.19,9,162.34,32,139737,141153,206634
2026-08-10 14:30:33.242268,NSE:TECHERA-SM,177.75,800,176.6,800,180.0,800,12000,68000,138400
2026-08-10 14:30:28.748204,NSE:ORIENTELEC-EQ,189.82,1,189.71,21,189.82,19,60905,248497,635989
2026-08-10 14:21:07.245833,NSE:ALUWIND-SM,49.5,1500,49.4,1500,50.5,1500,61500,28500,4500
2026-08-10 14:30:04.067655,NSE:VRAJ-EQ,125.8,1,125.69,5,125.99,20,27747,28130,21477
2026-08-10 14:25:41.533045,NSE:MADRASFERT-EQ,66.68,5,66.6,203,66.68,442,38632,70229,21029
2026-08-10 14:29:53.427302,NSE:ZODIACLOTH-EQ,76.2,75,76.06,200,76.2,25,46355,10711,5054
2026-08-10 13:55:55.181644,NSE:754MH37-SG,95.0,100,95.0,100,0.0,0,100,0,0
2026-08-10 14:30:38.335621,NSE:CAMPUS-EQ,222.15,9,222.13,77,222.36,20,89619,281228,311370
2026-08-10 14:29:59.006267,NSE:INDOAMIN-BE,132.0,1,131.4,40,132.0,67,18356,36968,33030
2026-08-10 14:12:27.508433,NSE:ENVIRO-SM,75.0,1000,74.65,1000,75.45,1000,95000,50000,28000
2026-08-10 14:24:58.884763,NSE:BALPHARMA-EQ,90.76,8,90.38,3,90.75,9,25943,47799,35348
2026-08-10 14:30:21.012659,NSE:IGL-EQ,152.43,1,152.36,77,152.43,115,173158,401077,845940
2026-08-10 14:30:20.590193,NSE:TARMAT-EQ,53.86,317,53.57,25,54.22,8,24692,27012,19044
2026-08-10 14:30:37.002222,NSE:HINDPETRO-EQ,392.1,109,392.1,941,392.15,2989,1030328,1258422,4932920
2026-08-10 14:30:35.952330,NSE:HINDOILEXP-EQ,163.29,4,163.29,1,163.38,51,94993,256652,989037
2026-08-10 14:15:20.486096,NSE:NRL-BE,115.0,100,115.0,16336,115.14,64,16342,23299,91511
2026-08-10 14:30:21.742344,NSE:SILKY-SM,77.25,800,73.0,800,78.95,800,11200,14400,3200
2026-08-10 14:29:49.312718,NSE:ZUARIIND-EQ,263.2,6,262.2,8,262.95,8,17131,21287,6348
2026-08-10 14:24:12.192346,NSE:AERONEU-EQ,84.01,6,83.75,3,84.19,1,13797,8265,39570
2026-08-10 14:30:38.344551,NSE:LLOYDSENGG-EQ,95.52,19,95.52,545,95.56,99,1229797,4651931,17583051
2026-08-10 14:30:36.305572,NSE:INFOBEAN-EQ,162.94,44,162.69,26,162.92,2,57427,104683,167531
2026-08-10 13:55:55.228033,NSE:VILINBIO-SM,41.9,4000,0.0,0,41.85,4000,0,44000,4000
2026-08-10 13:55:55.232178,NSE:683GJ30-SG,97.4,6700,95.6,100,0.0,0,100,0,0
2026-08-10 14:23:23.839753,NSE:BEDMUTHA-EQ,114.0,700,112.03,11,114.99,12,4529,3908,4410
2026-08-10 14:25:43.241251,NSE:AKSHARCHEM-BE,278.6,30,278.75,50,288.0,20,1370,9420,6220
2026-08-10 14:29:41.362921,NSE:BHARATGEAR-BE,108.99,27,108.62,5,108.99,318,18306,7637,24458
2026-08-10 14:12:06.220088,NSE:DTL-SM,116.0,1200,116.0,1200,131.0,1200,28800,7200,2400
2026-08-10 13:55:55.244057,NSE:ENFUSE-SM,164.95,600,160.2,600,165.0,600,13200,12600,1200
2026-08-10 14:05:56.930424,NSE:PELATRO-SM,280.0,300,274.3,300,285.0,1500,12600,10200,1500
2026-08-10 14:19:35.784085,NSE:NIMBSPROJ-BE,180.0,6,181.0,45,185.95,70,254,269,643
2026-08-10 13:55:55.251998,NSE:700TN29-SG,100.0,0,95.45,100,104.9,100,100,100,0
2026-08-10 14:30:39.739013,NSE:BALAJITELE-EQ,90.48,334,90.48,347,90.69,9,82307,144315,737897
2026-08-10 14:25:25.687059,NSE:WCIL-EQ,88.25,314,88.1,975,88.26,6,38603,30766,45592
2026-08-10 13:55:55.262078,NSE:753TN37-SG,95.0,1000,95.0,100,0.0,0,100,0,0
2026-08-10 14:16:23.975841,NSE:YAAP-SM,143.0,1000,142.25,1000,143.8,1000,14000,21000,13000
2026-08-10 14:30:00.992501,NSE:ADVANCE-EQ,121.75,110,121.75,100,121.83,5,119728,104399,329715
2026-08-10 14:21:44.699339,NSE:SYSTANGO-SM,212.85,400,210.85,400,212.6,400,17200,22400,8800
2026-08-10 14:30:33.977579,NSE:SUVEN-EQ,336.4,1,336.4,2,336.55,72,137534,167623,937891
2026-08-10 14:30:36.332748,NSE:LLOYDS-ST,66.15,1000,66.3,1000,69.9,1000,4000,8000,6000
2026-08-10 14:30:35.235096,NSE:ADVANIHOTR-EQ,50.33,1,50.26,1,50.38,39,50224,25145,20995
2026-08-10 14:30:29.845455,NSE:20MICRONS-EQ,189.5,19,189.28,11,189.49,5,107303,45362,54788
2026-08-10 14:45:45.157781,NSE:ASHOKA-EQ,117.99,5,117.97,145,117.99,235,191320,196301,407930
2026-08-10 14:24:01.857684,NSE:FRESHARA-ST,376.0,600,369.05,600,376.0,600,9600,9600,37200
2026-08-10 14:30:05.564870,NSE:MCL-EQ,58.99,58,58.8,5,58.98,31,20347,46264,72299
2026-08-10 14:19:01.782155,NSE:YASHOPTICS-SM,115.0,800,114.05,800,118.0,1600,27200,29600,4800
2026-08-10 14:30:34.987996,NSE:BCLIND-EQ,37.54,564,37.51,67,37.56,173,155198,798731,815586
2026-08-10 13:55:55.302863,NSE:SLONE-ST,137.75,400,138.0,800,141.0,1200,1600,4800,2000
2026-08-10 13:55:55.307714,NSE:MACOBSTECH-SM,209.05,800,209.0,800,214.95,800,32800,32000,4800
2026-08-10 14:30:38.351325,NSE:KTKBANK-EQ,306.6,27,306.55,87,306.6,23,144722,628358,1296178
2026-08-10 14:30:38.352914,NSE:PNCINFRA-EQ,221.36,9,221.35,4,221.51,4,108575,261920,1318666
2026-08-10 14:30:07.478931,NSE:NATIONSTD-EQ,182.26,20,0.0,0,182.26,49229,0,55919,2869
2026-08-10 14:28:00.886968,NSE:AKIKO-ST,321.0,800,318.5,800,323.0,800,22400,10400,33600
2026-08-10 14:30:37.017118,NSE:KRMAYURVED-SM,329.0,3000,326.25,1000,328.95,1000,35000,49000,200000
2026-08-10 14:30:35.962534,NSE:EMKAY-EQ,239.99,1,238.54,1,239.93,4,17010,12217,4142
2026-08-10 14:25:03.626576,NSE:GEECEE-BE,369.85,30,369.85,20,369.9,35,2596,1928,6522
2026-08-10 13:55:55.334192,NSE:SOTAC-SM,94.9,1200,90.0,1200,0.0,0,2400,0,0
2026-08-10 14:30:34.236255,NSE:UTLSOLAR-EQ,403.0,9,403.05,35,403.55,33,37729,67417,662017
2026-08-10 13:55:55.337962,NSE:MHHL-SM,35.15,3000,35.15,1500,36.8,1500,1500,6000,0
2026-08-10 14:24:06.743546,NSE:BHAGERIA-BE,206.5,2,204.9,50,206.5,28,8344,13496,19142
2026-08-10 14:30:05.862738,NSE:OSWALAGRO-EQ,38.88,5,38.8,1,38.88,50,55816,44699,170058
2026-08-10 14:30:35.962534,NSE:ELIN-EQ,96.89,1,96.7,5,96.89,7,73352,81493,62881
2026-08-10 14:30:31.535708,NSE:INDBANK-EQ,33.3,198,33.13,155,33.29,72,89995,68984,19490
2026-08-10 14:25:28.984484,NSE:BANSWRAS-EQ,124.97,203,124.46,4,124.99,1,52769,27607,14289
2026-08-10 14:18:34.602601,NSE:ORICONENT-EQ,53.46,7,53.46,91,53.58,2,15944,17215,14181
2026-08-10 14:30:36.332748,NSE:AIROLAM-EQ,91.17,1,91.21,14,92.6,1,15891,3520,2167
2026-08-10 14:30:05.052492,NSE:MAHESHWARI-BE,73.0,2,73.01,10,73.11,146,9300,33390,2467
2026-08-10 14:30:34.655365,NSE:PAISALO-EQ,69.89,134,69.89,1050,69.91,427,1825286,2036809,9714867
2026-08-10 13:55:55.378216,NSE:683TN31A-SG,95.24,100,92.55,100,0.0,0,100,0,0
2026-08-10 13:55:55.384678,NSE:709TS58-SG,93.0,100,88.35,100,96.0,200,100,200,0
2026-08-10 14:30:33.252302,NSE:VBL-EQ,445.35,1,445.35,232,445.55,446,438945,599967,1410680
2026-08-10 13:55:55.393770,NSE:709TS60-SG,95.5,100,0.0,0,0.0,0,0,0,0
2026-08-10 14:30:28.042548,NSE:VIKRAN-EQ,72.54,51,72.56,72,72.65,1100,203944,557375,878169
2026-08-10 14:30:30.176880,NSE:SIRCA-EQ,453.75,7,453.8,5,454.0,10,272097,71976,340058
2026-08-10 14:29:14.008567,NSE:UNIENTER-EQ,97.0,95,96.61,18,96.96,1,34804,5843,3328
2026-08-10 14:30:39.760940,NSE:PINELABS-EQ,162.36,12,162.28,102,162.35,2300,1429362,3201398,31743282
2026-08-10 14:30:34.669907,NSE:SMSPHARMA-EQ,374.5,3,374.5,138,375.0,1,70817,82136,76533
2026-08-10 14:24:39.033011,NSE:GILLANDERS-EQ,91.4,200,91.2,148,91.78,25,16624,19901,5324
2026-08-10 13:55:55.427275,NSE:743AP39-SG,95.6,100,0.0,0,0.0,0,0,0,0
2026-08-10 14:07:45.175678,NSE:BMETRICS-SM,38.5,800,32.45,800,38.5,2400,23200,6400,0
2026-08-10 14:30:38.117482,NSE:INDUSINVIT-IV,135.0,1,134.83,400,135.0,4264,55268,33075,126441
2026-08-10 14:30:17.744481,NSE:XELPMOC-EQ,81.99,100,81.98,10,81.99,592,8951,13231,6271
2026-08-10 14:29:54.224886,NSE:MITCON-BE,78.0,50,75.6,100,80.0,236,440,8709,2237
2026-08-10 13:55:55.444609,NSE:722TN54A-SG,95.0,100,90.25,100,97.0,100,100,100,0
2026-08-10 14:20:28.183924,NSE:BBTCL-EQ,226.0,279,223.43,1,226.0,1,22466,3488,1855
2026-08-10 14:30:01.762572,NSE:MCON-SM,41.6,2000,41.05,1000,41.95,1000,5000,3000,2000
2026-08-10 14:22:28.159850,NSE:NATHBIOGEN-EQ,156.5,60,156.55,8,156.96,12,19297,16896,17359
2026-08-10 14:24:38.774686,NSE:ACL-EQ,47.51,25,47.51,578,47.7,88,19816,21261,10705
2026-08-10 13:55:55.461039,NSE:SATTVAENGG-SM,82.0,1600,81.05,1600,84.95,1600,44800,38400,1600
2026-08-10 14:25:32.873575,NSE:KRISHIVAL-EQ,398.0,16,394.9,1,397.8,56,3678,2736,9437
2026-08-10 14:30:39.792527,NSE:KSOLVES-EQ,278.05,1,278.0,14,278.4,1,21901,14763,18778
2026-08-10 13:55:55.467898,NSE:758HR30-SG,99.22,100,96.25,100,0.0,0,100,0,0
2026-08-10 13:55:55.474011,NSE:745GJ31-SG,100.25,100,96.8,100,0.0,0,100,0,0
2026-08-10 14:30:30.195558,NSE:MAHEPC-EQ,108.73,5,108.51,5,108.73,2,78138,29124,10912
2026-08-10 14:24:59.319350,NSE:GPECO-ST,393.0,200,391.0,200,400.9,200,3200,6200,18400
2026-08-10 13:55:55.484263,NSE:DIVYADHAN-ST,51.5,2000,50.05,2000,51.5,4000,2000,8000,8000
2026-08-10 14:19:05.792220,NSE:NEPHROCARE-ST,79.55,2400,79.55,109200,0.0,0,119200,0,104800
2026-08-10 13:55:55.489003,NSE:711GJ31-SG,99.5,2800,96.35,100,0.0,0,100,0,0
2026-08-10 14:30:35.242423,NSE:TAJGVK-EQ,356.85,4,356.4,4,356.85,3,44563,44596,39239
2026-08-10 14:30:39.804793,NSE:ARVINDFASN-EQ,457.9,1,457.6,12,457.95,6,32176,58162,131717
2026-08-10 14:19:05.799191,NSE:MYMUDRA-SM,78.05,1200,78.0,7200,78.5,1200,32400,22800,4800
2026-08-10 14:12:37.549604,NSE:ETML-SM,81.1,1200,81.05,1200,81.5,1200,45600,28800,7200
2026-08-10 14:25:04.943946,NSE:MADHAVBAUG-ST,184.0,400,181.1,400,188.95,400,1600,2000,400
2026-08-10 14:12:52.575936,NSE:SOFTTECH-BE,423.0,181,423.0,777,427.0,104,2427,4537,4697
2026-08-10 14:30:29.262456,NSE:TRANSRAILL-EQ,478.65,3,478.7,18,479.05,4,83953,133175,317285
2026-08-10 14:25:33.071618,NSE:ALKALI-BE,66.0,50,65.56,2,66.0,449,8738,2004,4203
2026-08-10 14:00:39.270421,NSE:ALLETEC-ST,135.75,400,131.3,400,135.75,400,11200,6400,6800
2026-08-10 14:30:35.972712,NSE:TVTODAY-EQ,113.79,1,113.46,50,113.79,4,39085,26831,22408
2026-08-10 14:30:36.352572,NSE:WHITEFORCE-SM,35.7,1600,35.9,1600,38.7,1600,43200,9600,4800
2026-08-10 14:30:19.880216,NSE:SULA-EQ,153.94,24,153.94,2475,154.0,2064,127856,124419,440960
2026-08-10 14:30:34.252574,NSE:ZEEL-EQ,93.69,10,93.66,215,93.69,284,1445947,4287720,12132909
2026-08-10 14:30:34.262479,NSE:ARIHANTCAP-EQ,75.64,10,75.64,89,75.83,24,126719,123822,95001
2026-08-10 14:30:05.992612,NSE:AVG-BE,199.0,86,199.0,59,199.95,50,4812,4108,4910
2026-08-10 14:30:17.750062,NSE:DOLATALGO-EQ,72.09,1,72.0,40,72.09,1193,90285,136673,129737
2026-08-10 13:55:55.538063,NSE:762MH30A-SG,99.0,200,98.35,100,0.0,0,100,0,0
2026-08-10 14:30:37.022508,NSE:STARCEMENT-EQ,198.64,3,198.47,18,198.57,14,41686,76688,142925
2026-08-10 14:12:14.925679,NSE:NDLVENTURE-EQ,129.28,5,129.25,10,129.82,2,14589,25446,3477
2026-08-10 14:30:34.680891,NSE:ENGINERSIN-EQ,244.63,5,244.51,122,244.61,107,169416,1007180,1791660
2026-08-10 14:30:37.036617,NSE:FSL-EQ,276.1,4,276.1,130,276.15,1,233243,345887,1890813
2026-08-10 14:30:34.690886,NSE:SPARC-EQ,209.13,12,209.14,2,209.26,39,102384,233680,1591427
2026-08-10 14:30:15.590319,NSE:MICEL-BE,37.1,161,37.0,4683,37.1,1239,78032,70411,110677
2026-08-10 14:25:16.567212,NSE:TECHLABS-SM,121.0,250,120.0,125,122.95,250,10125,3625,6250
2026-08-10 13:55:55.573912,NSE:744TS53-SG,91.14,100,88.95,100,0.0,0,100,0,0
2026-08-10 13:55:55.578198,NSE:745AP37-SG,102.63,8000,0.0,0,106.9,100,0,100,0
2026-08-10 14:29:44.712488,NSE:VR-SM,151.85,400,145.05,400,151.8,400,2000,1200,1200
2026-08-10 14:30:30.898690,NSE:VINEETLAB-BE,36.55,25,36.0,230,36.5,50,1796,14032,57023
2026-08-10 14:30:39.818776,NSE:BECTORFOOD-EQ,234.15,20,234.12,100,234.15,1400,254619,441897,8383393
2026-08-10 14:30:05.872526,NSE:HINDWAREAP-EQ,217.16,517,217.21,4,217.69,2,49908,48131,60526
2026-08-10 14:23:43.181905,NSE:DYNAMIC-ST,133.1,500,132.55,500,134.15,500,5500,7500,7500
2026-08-10 14:28:19.803026,NSE:SHIVASHRIT-SM,124.3,1000,123.55,1000,126.8,1000,38000,62000,8000
2026-08-10 14:30:29.578043,NSE:ALPINETEX-EQ,63.49,3,63.37,46,63.49,20,60450,154296,228317
2026-08-10 14:30:35.251016,NSE:MEIL-EQ,274.0,4,274.0,4,274.35,2,14096,14300,26569
2026-08-10 14:30:33.989665,NSE:ATALREAL-EQ,34.59,342,34.58,285,34.62,2077,5460467,540426,11890440
2026-08-10 14:30:17.352446,NSE:FISCHER-EQ,39.01,111,38.98,380,39.01,652,93294,184913,1618540
2026-08-10 14:19:56.831116,NSE:ATAM-EQ,65.29,1,64.88,10,65.29,9,39134,13763,1978
2026-08-10 14:17:22.823825,NSE:VIAZ-SM,58.0,2000,57.85,2000,63.8,2000,2000,2000,6000
2026-08-10 14:30:35.628149,NSE:FLAIR-EQ,256.95,27,256.75,32,256.95,16,191080,27373,200126
2026-08-10 14:22:40.143774,NSE:DJML-EQ,112.77,1,112.66,8,112.77,8,30320,38991,71983
2026-08-10 14:30:31.082737,NSE:DONEAR-EQ,83.75,24,83.76,8,84.36,8,74232,23317,5998
2026-08-10 13:55:55.638018,NSE:OLIL-SM,414.0,800,417.0,400,431.8,400,8000,2800,800
2026-08-10 13:55:55.640411,NSE:AMBANIORGO-SM,106.6,1000,103.1,1000,0.0,0,2000,0,0
2026-08-10 13:55:55.640411,NSE:729GJ32-SG,98.5,100000,95.75,100,0.0,0,100,0,0
2026-08-10 13:55:55.647804,NSE:746AP27-SG,100.74,100,99.3,100,0.0,0,100,0,0
2026-08-10 14:30:38.360436,NSE:BHEL-EQ,407.55,24,407.55,730,407.6,4107,909595,1044902,3722178
2026-08-10 14:30:35.986551,NSE:IFGLEXPOR-EQ,227.32,2,226.81,1,227.86,8,31457,60441,153379
2026-08-10 13:55:55.656075,NSE:697TN31A-SG,99.77,11300,94.8,100,0.0,0,100,0,0
2026-08-10 14:30:38.127043,NSE:EXIDEIND-EQ,485.05,122,484.8,572,485.0,1,117958,451496,2556574
2026-08-10 14:28:50.789220,NSE:GSMFOILS-SM,119.8,10000,0.0,0,119.8,1114000,0,1142500,50500
2026-08-10 14:30:35.018893,NSE:MINDTECK-EQ,192.17,1,192.15,25,192.43,1,51451,29601,19928
2026-08-10 14:25:16.944685,NSE:INFLUX-SM,290.0,600,285.0,600,291.0,1200,17400,18000,5400
2026-08-10 14:21:24.170722,NSE:MAL-SM,32.75,1600,31.25,1600,32.75,1600,43200,20800,28800
2026-08-10 14:30:31.557618,NSE:HAPPY-SM,67.8,2000,66.7,2000,67.85,2000,60000,118000,60000
2026-08-10 14:30:31.082737,NSE:INDIQUBE-EQ,184.85,1,184.88,96,185.0,10,17321,46068,255799
2026-08-10 14:23:09.693999,NSE:79NHIT35-N1,310.0,1,310.5,100,311.5,707,3868,3069,1344
2026-08-10 14:20:20.120622,NSE:SKP-SM,171.0,500,168.0,500,177.0,500,21000,6000,0
2026-08-10 14:30:26.024922,NSE:GEOJITFSL-EQ,78.42,13,78.24,30,78.4,32,55309,127075,211105
2026-08-10 14:22:11.993795,NSE:EASTSILK-BE,64.81,30,64.81,20,66.15,263,2230,263,2802
2026-08-10 14:25:25.589002,NSE:EVERESTIND-BE,480.0,5,475.0,68,480.0,106,2614,2947,8334
2026-08-10 14:27:33.182642,NSE:APS-SM,247.1,250,247.1,250,248.35,500,21000,9000,21000
2026-08-10 14:21:44.723747,NSE:MAXPOSURE-SM,33.5,1000,33.05,1000,34.7,1000,34000,13000,4000
2026-08-10 14:30:10.776816,NSE:ORIENTTECH-EQ,256.45,11,256.35,78,256.45,39,37162,67353,100550
2026-08-10 14:07:39.967875,NSE:ATMASTCO-ST,147.0,400,147.0,400,149.9,400,5200,9600,5600
2026-08-10 13:55:55.744131,NSE:736RJ37-SG,95.0,100,95.0,100,0.0,0,100,0,0
2026-08-10 13:55:55.744131,NSE:758GJ26-SG,101.5,100,0.0,0,0.0,0,0,0,0
2026-08-10 14:22:50.803653,NSE:SURAJLTD-EQ,220.0,1,221.0,1,222.64,31,16720,5964,186
2026-08-10 13:55:55.752268,NSE:ACCORD-ST,198.35,2000,0.0,0,194.4,130000,0,130000,0
2026-08-10 14:30:34.694981,NSE:MINDSPACE-RR,495.0,1,495.48,1,495.49,7,16125,13081,338434
2026-08-10 14:30:31.092620,NSE:WINDMACHIN-EQ,300.75,1,300.75,19,301.0,86,44338,86082,257019
2026-08-10 14:30:31.562542,NSE:INA-EQ,109.0,20,108.85,444,108.99,10,78846,131261,409606
2026-08-10 14:29:59.461538,NSE:SSFL-ST,233.0,500,231.65,500,235.4,500,7500,9500,12000
2026-08-10 14:30:38.362459,NSE:LASERPOWER-EQ,301.0,35,300.75,100,300.95,103,116111,379142,1761342
2026-08-10 14:30:33.276713,NSE:KRBL-EQ,374.0,458,373.75,23,374.0,53,68976,110592,244620
2026-08-10 14:30:26.375663,NSE:DWARKESH-EQ,42.13,50,42.13,1574,42.18,66,224784,619377,1178384
2026-08-10 14:30:33.283183,NSE:MARKSANS-EQ,271.3,6,271.15,82,271.3,91,90781,286684,538415
2026-08-10 14:28:14.905335,NSE:NDTV-EQ,76.23,50,76.08,27,76.23,2,126416,61914,49318
2026-08-10 14:08:18.230287,NSE:79NHIT47-N3,421.7,10,415.45,80,421.5,65,1627,3076,510
2026-08-10 14:30:20.624840,NSE:STRIDERS-SM,64.1,1600,62.2,1600,65.2,1600,44800,24000,1600
2026-08-10 14:30:38.132502,NSE:THOMASCOTT-EQ,346.75,10,346.75,1,347.85,31,36886,52380,1199866
2026-08-10 13:55:55.801094,NSE:762HR31-SG,98.5,100,96.1,100,0.0,0,100,0,0
2026-08-10 13:55:55.809003,NSE:79NHIT40-N2,317.5,1,310.18,15,315.5,20,3458,3456,22
2026-08-10 14:30:34.272688,NSE:PASUPTAC-BE,65.2,201,64.2,4,65.2,100,45336,21707,208724
2026-08-10 14:45:45.187530,NSE:LTFOODS-EQ,426.1,1,425.95,88,426.1,48,59869,143098,174240
2026-08-10 13:55:55.820176,NSE:763KL43-SG,99.85,100,0.0,0,0.0,0,0,0,0
2026-08-10 14:17:50.023420,NSE:INM-SM,166.0,600,165.5,600,179.5,600,24000,8400,0
2026-08-10 14:23:42.439801,NSE:ASHALOG-SM,60.95,1000,60.95,1000,62.35,1000,38000,18000,16000
2026-08-10 14:30:34.276142,NSE:AWFIS-EQ,269.6,55,269.65,76,269.95,54,50595,58477,104937
2026-08-10 14:24:30.433937,NSE:EIFFL-BE,282.75,24,282.75,1133,0.0,0,15373,0,19793
2026-08-10 14:24:54.045463,NSE:IDEALTECHO-SM,181.5,500,172.6,500,181.5,500,10500,12500,1000
2026-08-10 13:55:55.838167,NSE:704GJ30-SG,95.0,100,97.3,100,0.0,0,100,0,0
2026-08-10 14:30:35.266991,NSE:GULPOLY-EQ,200.8,14,200.63,24,200.95,2,96455,199060,438886
2026-08-10 13:57:22.441530,NSE:TCL-SM,118.25,800,115.0,800,119.95,800,25600,16800,0
2026-08-10 14:30:38.135888,NSE:ASHOKLEY-EQ,174.81,74,174.8,1144,174.86,442,939697,2702331,12274237
2026-08-10 14:30:38.362459,NSE:GARUDA-EQ,194.92,1,194.92,200,195.05,142,257996,727400,11037879
2026-08-10 14:25:16.961449,NSE:HPAL-EQ,34.0,31,34.01,27,34.14,18,36673,65021,56510
2026-08-10 13:55:55.860408,NSE:653TN31-SG,100.54,1000,0.0,0,0.0,0,0,0,0
2026-08-10 14:30:33.992655,NSE:AEROFLEX-EQ,420.15,62,420.2,1,420.5,24,133528,161654,1020697
2026-08-10 14:30:33.892487,NSE:SBFC-EQ,94.0,3,94.0,2526,94.07,1648,157495,298185,1090790
2026-08-10 14:13:39.675627,NSE:TSC-ST,45.75,2000,44.0,2000,45.7,2000,20000,6000,10000
2026-08-10 14:30:33.075032,NSE:LLOYDSENT-EQ,82.35,10,82.35,3892,82.42,336,644336,1277225,4130578
2026-08-10 14:17:11.610724,NSE:SMARTEN-ST,50.0,1200,49.45,1200,51.0,1200,7200,12000,13200
2026-08-10 13:55:55.881950,NSE:754TS55-SG,95.0,100,95.0,100,0.0,0,1100,0,0
2026-08-10 13:55:55.886844,NSE:755MH34-SG,95.0,100,95.0,100,0.0,0,100,0,0
2026-08-10 14:24:58.564814,NSE:BARFLEX-SM,53.7,2000,53.6,2000,54.9,2000,62000,16000,4000
2026-08-10 13:55:55.893226,NSE:SPUNWEB-SM,102.0,1200,103.0,2400,107.9,1200,37200,19200,1200
2026-08-10 14:30:35.987745,NSE:UDS-EQ,210.58,1,210.55,100,210.58,170,44564,101569,128258
2026-08-10 14:20:19.813309,NSE:GOYALSALT-SM,115.0,600,114.0,600,115.95,600,20400,13800,1200
2026-08-10 14:30:38.144853,NSE:LAXMIDENTL-EQ,216.33,122,216.35,257,216.49,11,36731,48036,71800
2026-08-10 14:30:38.372616,NSE:NTPC-EQ,339.4,6,339.3,21,339.4,2197,799079,937232,6880374
2026-08-10 14:30:26.375663,NSE:GREENPANEL-EQ,190.21,1,190.21,6,190.48,24,42199,42887,151178
2026-08-10 14:21:16.605773,NSE:SHETHJI-ST,171.25,1000,167.5,1000,0.0,0,12000,0,21000
2026-08-10 14:30:36.379948,NSE:GROWW-EQ,193.5,696,193.5,11453,193.57,210,1410442,3258767,17016468
2026-08-10 14:23:01.667358,NSE:ZODIAC-EQ,251.4,2,250.35,5,251.2,5,2456,5493,4740
2026-08-10 14:24:12.371795,NSE:STARTECK-EQ,256.5,1,256.2,12,256.5,1,3821,1122,7254
2026-08-10 14:30:39.826845,NSE:CAPINVIT-IV,75.8,1,75.78,133,75.8,513,162896,195363,213460
2026-08-10 14:08:16.974548,NSE:ESCONET-SM,165.35,400,165.35,12800,0.0,0,42000,0,81200
2026-08-10 14:30:35.653899,NSE:PAKKA-EQ,71.51,1759,71.23,10,71.5,11,29295,43181,17388
2026-08-10 14:17:11.055642,NSE:UNIDT-BE,232.99,1,231.0,1,232.99,9,1364,6710,2308
2026-08-10 14:15:18.714701,NSE:MUKTAARTS-BE,55.0,300,54.51,45,55.0,2129,841,4375,8593
2026-08-10 14:30:33.679674,NSE:5PAISA-EQ,381.45,1,380.35,2,381.1,3,67467,29329,97265
2026-08-10 14:30:36.000369,NSE:MEDICAMEQ-EQ,232.81,170,232.55,3,232.97,3,19502,10976,11956
2026-08-10 14:30:36.387105,NSE:VRLLOG-EQ,284.75,3,284.65,274,284.75,3,55886,129743,291487
2026-08-10 14:23:45.750121,NSE:BULKCORP-SM,63.2,1200,63.15,3600,63.95,1200,3600,14400,3600
2026-08-10 14:30:39.835676,NSE:ADVENZYMES-EQ,298.1,27,297.9,134,298.2,216,76345,115755,971047
2026-08-10 14:30:38.387947,NSE:LTF-EQ,313.8,4,313.7,583,313.8,125,643273,781747,2043502
2026-08-10 14:30:29.882688,NSE:ARFIN-EQ,87.22,11,87.21,66,87.28,7,183073,147985,1538490
2026-08-10 14:30:02.102722,NSE:AURUM-EQ,227.41,4,227.42,1,227.68,1,92127,128867,195267
2026-08-10 14:30:33.298888,NSE:NAVKARCORP-EQ,101.14,250,101.14,9,101.34,24,108544,185615,211354
2026-08-10 14:08:11.777905,NSE:SNEHAA-SM,48.45,1000,47.05,1000,48.95,1000,34000,21000,8000
2026-08-10 13:55:55.984512,NSE:739TN34A-SG,96.0,100,95.0,100,0.0,0,100,0,0
2026-08-10 14:30:28.082577,NSE:ARIS-EQ,136.3,594,136.33,24,136.49,42,382019,368329,1505281
2026-08-10 14:45:45.197692,NSE:CANBK-EQ,129.27,75,129.27,975,129.3,8,1974131,6352919,16802651
2026-08-10 14:30:27.132550,NSE:ORBTEXP-BE,265.35,1,265.35,82482,0.0,0,85835,0,8310
2026-08-10 13:55:55.998708,NSE:762BR31-SG,99.25,100,97.4,100,0.0,0,100,0,0
2026-08-10 14:23:50.476486,NSE:DTIL-EQ,134.65,31,133.16,10,134.65,69,7919,7824,1718
2026-08-10 14:30:26.402672,NSE:LAKSHYA-SM,85.1,800,85.05,800,86.5,1600,8800,17600,5600
2026-08-10 13:55:56.012060,NSE:755TS32-SG,99.75,2000,96.25,100,0.0,0,100,0,0
2026-08-10 14:29:54.276016,NSE:TOUCHWOOD-EQ,67.98,5,67.5,10,67.98,49,3705,13920,2737
2026-08-10 13:55:56.018089,NSE:707TN38-SG,99.58,1000,0.0,0,103.9,100,0,100,0
2026-08-10 14:30:38.148793,NSE:OLAELEC-EQ,39.58,94,39.56,8241,39.58,605,4255828,9505379,51657457
2026-08-10 14:30:35.288369,NSE:FILATEX-EQ,82.27,20,82.19,176,82.27,179,223448,682285,2870221
2026-08-10 14:30:36.402726,NSE:VAML-EQ,477.65,5,477.65,4,477.7,12,561462,892713,5767583
2026-08-10 14:30:38.394400,NSE:NRBBEARING-EQ,471.1,50,471.15,13,471.45,3,75274,186270,1812052
2026-08-10 13:55:56.042573,NSE:745MH37-SG,95.0,100,95.0,100,0.0,0,100,0,0
2026-08-10 13:55:56.043676,NSE:754CG31-SG,99.36,200,97.05,100,0.0,0,100,0,0
2026-08-10 14:30:36.015775,NSE:KUANTUM-EQ,86.77,16,86.99,14,87.18,16,68907,72502,177116
2026-08-10 14:06:42.146902,NSE:SHREEDHAR-ST,107.5,2000,104.0,2000,107.0,2000,16000,12000,4000
2026-08-10 14:30:34.289944,NSE:NXST-RR,168.82,2,168.94,11,168.95,565,26016,13726,607471
2026-08-10 13:55:56.059143,NSE:753HR33-SG,90.25,100,94.75,100,0.0,0,100,0,0
2026-08-10 14:22:29.629402,NSE:DPWIRES-BE,165.0,2,164.6,64,165.0,222,6133,7733,7068
2026-08-10 14:30:26.412414,NSE:IGCL-EQ,73.09,197,73.06,14,73.33,389,37889,48392,46802
2026-08-10 14:30:34.722380,NSE:SHK-EQ,170.52,16,170.44,55,170.52,48,95987,170900,313777
2026-08-10 14:14:48.075943,NSE:NIRMAN-SM,33.05,300,33.0,300,33.05,300,281100,36600,55200
2026-08-10 14:30:36.410006,NSE:IEX-EQ,126.41,53,126.41,151,126.45,1002,1025430,955225,1569604
2026-08-10 14:30:25.765807,NSE:VMARCIND-SM,365.0,1500,365.15,1500,367.95,1500,117000,78000,726000
2026-08-10 14:30:33.089181,NSE:CAMLINFINE-EQ,124.61,41,124.56,155,124.62,81,165668,203546,476012
2026-08-10 14:30:29.607875,NSE:CANTABIL-EQ,232.61,8,232.51,15,232.75,2,365985,70353,49569
2026-08-10 14:30:35.292649,NSE:GPIL-EQ,239.3,2,239.16,38,239.28,6,277753,413023,1468473
2026-08-10 14:30:37.086588,NSE:TI-EQ,502.4,1,502.35,97,502.4,14,58508,256851,1220944
2026-08-10 14:22:28.178034,NSE:BCONCEPTS-EQ,170.15,4,170.18,5,170.94,1,7739,6206,7725
2026-08-10 14:30:38.394400,NSE:AFFORDABLE-BE,193.65,31,193.66,19,196.2,19,4159,12802,10148
2026-08-10 13:55:56.108148,NSE:663TN55-SG,101.34,0,0.0,0,0.0,0,0,0,0
2026-08-10 13:55:56.111995,NSE:726MH49-SG,92.0,200,87.4,100,96.6,400,100,400,0
2026-08-10 13:55:56.115795,NSE:743TS41A-SG,100.0,0,95.0,100,104.9,100,100,100,0
2026-08-10 13:55:56.118041,NSE:754RJ33-SG,100.0,100,95.45,100,0.0,0,100,0,0
2026-08-10 14:30:22.104607,NSE:BONLON-EQ,40.51,25,40.52,15,40.89,61,3732,3701,7121
2026-08-10 14:30:33.998520,NSE:SUNTV-EQ,487.3,15,487.25,97,487.3,7,62808,59044,92715
2026-08-10 14:30:29.905602,NSE:ARTEMISMED-EQ,319.6,9,319.3,32,319.6,16,86688,149389,382409
2026-08-10 14:30:39.844568,NSE:TALBROAUTO-EQ,426.65,8,426.2,60,426.65,4,95130,87006,852138
2026-08-10 14:30:35.034125,NSE:ELECON-EQ,435.65,3,435.5,393,435.8,22,53574,132518,297865
2026-08-10 14:27:31.122447,NSE:VARDHACRLC-BE,45.39,1,44.89,4,45.39,1174,27623,26212,10096
2026-08-10 14:23:23.853720,NSE:DKEGL-SM,66.05,1500,62.25,1500,69.4,1500,42000,19500,0
2026-08-10 13:55:56.148104,NSE:752TN33-SG,95.35,100,95.4,100,101.0,100,1100,100,100
2026-08-10 13:55:56.151410,NSE:754UK33-SG,99.75,100,95.45,100,0.0,0,100,0,0
2026-08-10 14:45:45.209894,NSE:TIMETECHNO-EQ,206.13,18,206.11,135,206.29,71,170138,309230,2970621
2026-08-10 13:55:56.159119,NSE:755MP35-SG,95.0,100,94.25,100,0.0,0,100,0,0
2026-08-10 13:55:56.162389,NSE:759HR35-SG,90.25,100,94.5,100,0.0,0,100,0,0
2026-08-10 13:55:56.164453,NSE:722MH49-SG,100.0,0,0.0,0,104.9,100,0,100,0
2026-08-10 14:28:29.048401,NSE:VETO-BE,122.0,1,121.5,95,122.0,210,13280,11940,11187
2026-08-10 14:45:45.241943,NSE:MOL-EQ,59.05,84,59.07,4,59.12,11,458936,550008,3929130
2026-08-10 13:55:56.175846,NSE:WOL3D-ST,135.1,1000,135.1,1000,142.0,1000,2000,6000,2000
2026-08-10 14:30:38.415354,NSE:ARIHANTSUP-EQ,263.55,5,264.7,20,265.0,4,10558,17863,4927
2026-08-10 13:55:56.181749,NSE:727MH39-SG,101.14,20000,0.0,0,102.5,200,0,200,0
2026-08-10 14:30:32.465521,NSE:INDOTHAI-EQ,94.62,250,0.0,0,94.62,4576766,0,5586965,279572
2026-08-10 14:30:35.312354,NSE:INDOCO-EQ,220.85,3,220.6,19,220.8,10,70237,33008,69547
2026-08-10 14:29:50.481769,NSE:SHREEPUSHK-EQ,413.8,52,413.8,31,414.0,1,11699,25581,13154
2026-08-10 14:30:33.311188,NSE:SPANDANA-EQ,252.1,5,251.95,23,252.2,269,48366,50093,191096
2026-08-10 14:15:21.405997,NSE:AMANTA-BE,162.83,1,0.0,0,162.83,193901,0,227926,2984
2026-08-10 13:55:56.200037,NSE:GOLDKART-SM,100.0,2500,0.0,0,0.0,0,0,0,0
2026-08-10 13:55:56.203074,NSE:965SCL28-AK,427.8,23,405.2,190,0.0,0,190,0,0
2026-08-10 14:30:10.235218,NSE:KRITINUT-EQ,87.01,25,87.01,17,87.25,333,2236,15288,12970
2026-08-10 14:19:46.522681,NSE:VIGOR-ST,95.0,1600,0.0,0,94.9,1600,0,11200,41600
2026-08-10 14:17:11.758995,NSE:AISL-SM,55.1,600,55.1,1200,60.5,600,1200,2400,600
2026-08-10 13:55:56.220213,NSE:971SCL28-AN,459.9,201,380.5,25,459.9,196,25,196,0
2026-08-10 14:28:50.964865,NSE:MEGATHERM-SM,200.0,400,200.0,400,201.8,400,16400,21600,24800
2026-08-10 14:30:34.299084,NSE:BLSE-EQ,314.2,35,314.2,16,314.5,9,166855,100750,315569
2026-08-10 14:30:37.102505,NSE:VINCOFE-EQ,147.63,1,147.63,144,147.75,9,101889,267283,1430809
2026-08-10 13:55:56.240128,NSE:BDR-IT,87.65,16667,0.0,0,0.0,0,0,0,0
2026-08-10 14:30:25.266020,NSE:VERANDA-EQ,248.95,1,248.4,48,248.8,70,69611,77162,116123
2026-08-10 14:00:12.347733,NSE:BLUEPEBBLE-SM,79.9,3200,77.0,400,79.5,400,14000,5200,3600
2026-08-10 13:55:56.250187,NSE:728AP32-SG,95.0,100,95.0,1000,0.0,0,1000,0,100
2026-08-10 14:30:38.415354,NSE:PARADEEP-EQ,150.1,1,150.04,306,150.1,999,342739,1293931,3467323
2026-08-10 14:20:14.074507,NSE:ADL-EQ,70.5,45,69.33,15,70.97,4,3416,1678,318
2026-08-10 14:30:37.117299,NSE:PANACEABIO-EQ,411.1,5,410.6,7,411.1,1,20109,47807,75407
2026-08-10 14:30:13.325610,NSE:AMBAAUTO-SM,104.0,1000,103.05,1000,106.25,1000,11000,6000,14000
2026-08-10 14:20:14.080748,NSE:LOYALTEX-EQ,213.1,94,214.0,2,224.34,5,2782,1085,310
2026-08-10 14:30:33.315362,NSE:GUJENERGY-EQ,264.35,72,264.35,107,264.55,17,122601,131460,394832
2026-08-10 13:55:56.278309,NSE:762KL53-SG,99.0,100,94.05,100,0.0,0,100,0,0
2026-08-10 14:23:41.913975,NSE:PATILAUTOM-ST,216.8,600,216.0,1200,217.0,600,23400,26400,51600
2026-08-10 14:21:27.744892,NSE:OPTIVALUE-ST,156.5,1600,156.0,1600,158.0,1600,16000,33600,46400
2026-08-10 14:30:26.734417,NSE:AAATECH-EQ,95.94,36,95.94,115,96.2,103,20893,20649,46507
2026-08-10 14:29:53.102424,NSE:HGS-EQ,414.3,1,414.3,2,414.85,6,30230,16439,45209
2026-08-10 14:30:35.674336,NSE:NYKAA-EQ,324.25,40,324.2,1271,324.25,1235,531683,940542,6018932
2026-08-10 14:15:02.655709,NSE:GENCON-EQ,39.52,4,39.33,2,39.52,22,28065,22993,230394
2026-08-10 14:30:31.296144,NSE:SHOPERSTOP-EQ,426.5,9,426.0,11,426.5,1,66450,18848,33875
2026-08-10 14:30:21.522665,NSE:HARIOMPIPE-EQ,399.5,5,399.5,465,399.85,1,40063,137142,92776
2026-08-10 13:55:56.310352,NSE:AVSL-ST,119.7,1000,0.0,0,0.0,0,0,0,0
2026-08-10 14:30:34.764584,NSE:BAJEL-EQ,192.92,13,193.07,33,193.18,3,60593,343554,1003903
2026-08-10 14:25:28.448994,NSE:UTKAL-SM,48.0,2000,47.6,6000,48.0,2000,64000,12000,28000
2026-08-10 13:55:56.319998,NSE:746TS30-SG,100.87,100,97.9,100,0.0,0,100,0,0
2026-08-10 14:30:32.465521,NSE:APEX-EQ,384.0,29,383.8,60,384.0,1846,38890,45688,95823
2026-08-10 14:30:35.042375,NSE:TSFINV-EQ,433.05,1,432.25,12,432.75,2,30036,28051,45240
2026-08-10 14:30:33.736783,NSE:NIPPOBATRY-EQ,326.95,1,323.5,2,326.95,25,4991,3473,1378
2026-08-10 14:30:34.774160,NSE:TEMBO-EQ,63.0,85,62.85,512,63.0,36857,954344,674878,2223707
2026-08-10 13:55:56.336799,NSE:743PN48-SG,98.21,100,93.3,100,0.0,0,100,0,0
2026-08-10 13:55:56.338739,NSE:747AS28-SG,99.57,100,0.0,0,0.0,0,0,0,0
2026-08-10 14:21:25.324659,NSE:TIRUPATI-SM,337.8,125,323.0,125,345.0,125,125,500,125
2026-08-10 14:30:10.252551,NSE:IGPL-EQ,488.7,31,487.55,4,488.4,2,38307,32385,73314
2026-08-10 14:30:34.308011,NSE:MARSONS-EQ,104.16,15,104.1,63,104.16,211,204430,273479,1112936
2026-08-10 14:29:22.285907,NSE:BASILIC-SM,200.0,300,198.15,600,200.0,1200,23700,24900,21900
2026-08-10 14:30:34.779683,NSE:TARIL-EQ,298.85,1,298.75,456,298.85,4,147125,385821,584082
2026-08-10 13:55:56.367740,NSE:745AP42-SG,98.0,100,0.0,0,0.0,0,0,0,0
2026-08-10 13:55:56.370845,NSE:746TS48-SG,97.6,1600,0.0,0,0.0,0,0,0,0
2026-08-10 13:55:56.375771,NSE:752HR42-SG,95.0,100,95.0,100,0.0,0,100,0,0
2026-08-10 13:55:56.379205,NSE:746TS49-SG,97.75,100,92.9,100,97.55,300,100,300,0
2026-08-10 13:55:56.383563,NSE:PARAGON-SM,49.9,1200,48.55,1200,51.0,1200,44400,20400,6000
2026-08-10 14:30:35.687251,NSE:NBCC-EQ,94.75,5,94.75,2468,94.79,715,1258510,1807573,3239121
2026-08-10 14:30:34.314089,NSE:SSWL-EQ,321.7,14,321.4,80,321.7,2019,110145,211778,865569
2026-08-10 14:30:33.744628,NSE:TTML-EQ,39.09,5,39.08,1000,39.09,379,346787,935898,601590
2026-08-10 14:30:37.141234,NSE:HERITGFOOD-EQ,362.4,1,362.25,14,362.55,25,60649,115614,309927
2026-08-10 14:30:22.112511,NSE:SHREERAMA-EQ,38.06,8,38.0,535,38.06,2,21708,29946,19290
2026-08-10 13:55:56.398198,NSE:709TN35-SG,99.0,2800,94.05,100,0.0,0,100,0,0
2026-08-10 13:58:41.444176,NSE:HBSL-EQ,58.5,11,58.5,289,59.75,68,1494,3104,5339
2026-08-10 14:28:02.071130,NSE:BANKA-EQ,84.34,1,83.5,49,84.0,9,1246,3042,3154
2026-08-10 14:27:17.978835,NSE:DRONE-SM,39.5,2500,39.4,500,39.9,1000,28500,26000,10000
2026-08-10 14:30:34.317839,NSE:PARAGMILK-EQ,219.55,1,219.34,24,219.58,22,62999,132893,367817
2026-08-10 14:30:34.326153,NSE:ALEMBICLTD-EQ,85.42,504,85.42,139,85.5,154,127712,210615,145980
2026-08-10 14:30:34.005555,NSE:BGRENERGY-BE,263.5,15,263.5,35,263.6,220,17165,17130,22732
2026-08-10 14:30:30.925409,NSE:GRAUWEIL-EQ,68.16,299,68.16,13,68.18,1456,71588,142813,147830
2026-08-10 13:55:56.437741,NSE:745AP38-SG,99.17,100,94.22,1000,100.35,700,1000,700,0
2026-08-10 13:55:56.442504,NSE:763GJ34-SG,104.9,100,0.0,0,0.0,0,0,0,0
2026-08-10 14:30:40.112336,NSE:EXICOM-EQ,149.44,13,149.25,5,149.43,78,134375,585459,2461455
2026-08-10 14:30:38.162580,NSE:ABCAPITAL-EQ,410.7,1,410.65,159,410.7,338,614269,613556,1540498
2026-08-10 13:55:56.450392,NSE:763GJ33-SG,102.15,25000,97.05,100,0.0,0,100,0,0
2026-08-10 14:22:50.816793,NSE:TEXMOPIPES-EQ,43.2,25,43.2,11,43.45,2,24993,34141,13760
2026-08-10 14:30:36.022580,NSE:ORIENTLTD-BE,78.48,1,76.05,28,78.48,1,11854,1883,731
2026-08-10 14:30:14.117851,NSE:MUFIN-EQ,137.4,3,137.4,235,137.47,428,633489,299459,396855
2026-08-10 14:26:23.266275,NSE:NATCAPSUQ-EQ,169.47,10,167.15,2,169.38,8,14902,9647,81460
2026-08-10 14:29:24.366894,NSE:VISHNUINFR-SM,160.0,500,159.0,500,160.95,11000,28500,24500,10000
2026-08-10 14:30:34.786811,NSE:SPORTKING-EQ,210.7,6,210.55,138,210.72,44,72813,154034,482223
2026-08-10 13:55:56.477789,NSE:739TN42-SG,95.67,100,91.1,100,97.57,100,100,100,0
2026-08-10 13:59:26.970589,NSE:MEGAFLEX-SM,100.0,1000,0.0,0,100.0,3000,0,4000,1000
2026-08-10 14:15:26.951239,NSE:MODINATUR-BE,399.95,5,393.1,10,399.95,95,2669,1288,2508
2026-08-10 14:30:34.341493,NSE:STCINDIA-EQ,119.94,2,119.6,20,119.94,1,60802,74655,23443
2026-08-10 13:55:56.496354,NSE:719KL51-SG,99.0,100,0.0,0,0.0,0,0,0,0
2026-08-10 14:30:25.434745,NSE:MANAKCOAT-EQ,116.58,2,116.62,2,116.91,1,95014,62279,375608
2026-08-10 14:30:17.427021,NSE:MAHAPEXLTD-EQ,48.88,177,48.45,105,48.87,1,37352,21707,76603
2026-08-10 14:12:47.835796,NSE:ONYX-ST,46.0,2000,43.2,2000,46.5,2000,4000,34000,4000
2026-08-10 13:55:56.509189,NSE:990SCL26-N7,360.0,22,356.2,600,363.5,41,622,125,0
2026-08-10 14:22:43.540487,NSE:STARPAPER-EQ,152.41,9,152.43,5,152.61,83,21628,18190,8248
2026-08-10 14:30:34.352363,NSE:SHRINGARMS-EQ,235.1,25,235.1,175,235.29,23,336565,87510,387889
2026-08-10 14:30:36.468819,NSE:PLATIND-EQ,228.72,2,228.11,12,228.54,10,29037,55475,148571
2026-08-10 13:55:56.521085,NSE:71MH36-SG,93.5,200,0.0,0,0.0,0,0,0,0
2026-08-10 13:55:56.525827,NSE:762RJ43-SG,100.0,9800,95.0,100,0.0,0,100,0,0
2026-08-10 14:30:30.935642,NSE:EIHAHOTELS-EQ,297.5,5,297.1,22,297.6,5,39747,16518,26969
2026-08-10 14:22:06.555557,NSE:ASIANHOTNR-EQ,317.25,1,317.25,79,317.8,2,24092,9217,15167
2026-08-10 14:30:20.654803,NSE:MHRIL-EQ,230.34,4,230.07,2,230.34,61,79361,79820,110934
2026-08-10 13:55:56.542545,NSE:675KA33A-SG,101.1,7000,96.05,100,0.0,0,100,0,0
2026-08-10 14:30:30.277697,NSE:WANBURY-EQ,246.0,1,245.75,8,245.95,10,48440,61913,451124
2026-08-10 13:55:56.547825,NSE:INTEGRITY-ST,156.8,1200,157.0,1200,164.6,1200,1200,1200,0
2026-08-10 13:55:56.554568,NSE:752AP42-SG,99.95,100,0.0,0,0.0,0,0,0,0
2026-08-10 14:24:23.609711,NSE:TEAMGTY-EQ,220.0,8,220.05,1,221.0,2,2824,2171,1423
2026-08-10 14:25:21.500774,NSE:BIOFILCHEM-EQ,32.61,10,32.58,16,32.96,40,9813,12713,9336
2026-08-10 14:30:05.192358,NSE:MHLXMIRU-EQ,155.06,1,155.74,7,156.96,7,3962,7365,8848
2026-08-10 14:30:29.352577,NSE:SCI-EQ,297.15,1,297.15,15,297.25,2860,256334,1092606,2014444
2026-08-10 13:55:56.570622,NSE:752AP38-SG,103.67,19000,0.0,0,0.0,0,0,0,0
2026-08-10 13:55:56.578280,NSE:746MP32-SG,99.9,0,96.3,100,0.0,0,100,0,0
2026-08-10 14:29:43.377865,NSE:SUKHJITS-EQ,163.97,25,163.56,1,163.99,8,15593,13880,5852
2026-08-10 14:28:14.173040,NSE:PNBGILTS-EQ,81.16,13,81.18,20,81.27,248,135242,222024,156075
2026-08-10 13:55:56.617017,NSE:698HR31-SG,95.55,200,92.7,100,0.0,0,100,0,0
2026-08-10 13:55:56.623823,NSE:744AP36-SG,101.9,100,0.0,0,0.0,0,0,0,0
2026-08-10 14:30:33.332531,NSE:URBANCO-EQ,139.72,3,139.66,49,139.72,279,210037,794890,2584787
2026-08-10 14:30:31.112705,NSE:SBC-EQ,41.21,50,41.2,546,41.21,2720,2523841,460562,3321631
2026-08-10 14:30:36.033824,NSE:HPL-EQ,341.15,1,341.05,41,341.15,50,28680,45377,80522
2026-08-10 13:55:56.662911,NSE:AVATAR-ST,207.6,2000,197.8,2000,207.5,2000,12000,8000,8000
2026-08-10 14:30:37.170259,NSE:INDIGRID-IV,178.6,1,178.3,112,178.62,100,77845,226664,920646
2026-08-10 14:18:57.109711,NSE:HITECHCORP-BE,323.0,16,323.0,875,324.9,233,8256,8695,11106
2026-08-10 14:29:55.731730,NSE:APTECHT-BE,95.87,5,95.55,1,95.87,322,18633,34959,25249
2026-08-10 14:30:10.302456,NSE:BIGBLOC-EQ,46.8,50,46.95,35,47.04,28,43930,134727,105835
2026-08-10 14:30:28.153725,NSE:ADFFOODS-EQ,262.95,12,262.65,211,262.95,8,59198,49166,111581
2026-08-10 14:14:57.490986,NSE:TEAMTECH-ST,117.95,2000,114.0,2000,118.0,2000,16000,26000,18000
2026-08-10 14:15:21.645616,NSE:VITAL-BE,51.45,474,51.45,4476,0.0,0,4476,0,8479
2026-08-10 14:15:51.075781,NSE:SPCON-SM,152.6,1200,140.05,1200,152.0,1200,50400,9600,2400
2026-08-10 14:16:13.480719,NSE:VEEKAYEM-SM,114.05,500,0.0,0,123.5,500,0,7500,1500
2026-08-10 14:30:38.175514,NSE:OSWALPUMPS-EQ,308.95,73,308.95,6,309.2,21,174716,187266,1327583
2026-08-10 14:29:39.346747,NSE:IITL-EQ,146.55,10,146.65,4,146.93,6,41792,17989,152780
2026-08-10 14:30:33.752385,NSE:NAVNETEDUL-EQ,132.81,20,132.81,3,132.93,19,104438,102672,151008
2026-08-10 14:30:16.653206,NSE:UFLEX-EQ,491.55,5,491.65,100,492.35,1,107141,48355,38095
2026-08-10 14:10:51.142448,NSE:ATLASCYCLE-EQ,97.08,9,97.11,9,97.88,56,4486,13661,2257
2026-08-10 14:30:16.662591,NSE:OAL-EQ,377.3,2,377.8,4,378.3,16,19312,16625,11101
2026-08-10 14:30:36.532583,NSE:WEL-EQ,133.99,25,133.81,668,133.98,28,1204448,346778,14592762
2026-08-10 14:24:11.314747,NSE:AARTECH-BE,46.0,5,46.23,2,46.5,72,8624,9856,15683
2026-08-10 14:30:35.084944,NSE:HAPPSTMNDS-EQ,403.0,100,402.85,1,403.0,192,88075,310568,550025
2026-08-10 14:30:05.215874,NSE:IGARASHI-EQ,460.05,12,460.7,25,461.3,20,51801,56337,196927
2026-08-10 14:21:48.543806,NSE:BLUEWATER-ST,419.5,1000,419.0,1000,427.0,1000,10000,17000,30000
2026-08-10 14:30:37.193141,NSE:BALUFORGE-EQ,462.6,8,462.65,17,462.85,25,54888,185005,959921
2026-08-10 14:13:19.605677,NSE:FONEBOX-SM,98.1,1000,98.5,1000,98.9,1000,4000,5000,1000
2026-08-10 14:30:37.202291,NSE:TATACAP-EQ,367.1,2,367.05,1,367.1,98,165683,340479,1104014
2026-08-10 14:22:28.774599,NSE:THEINVEST-EQ,100.42,81,99.51,11,100.41,2,44060,7557,401
2026-08-10 14:29:13.144781,NSE:NIKITA-SM,73.05,1200,70.55,1200,73.05,14400,12000,22800,1200
2026-08-10 14:30:35.315532,NSE:WAKEFIT-EQ,126.03,122,126.04,10,126.14,36,126236,260486,549771
2026-08-10 13:55:56.764673,NSE:SERVICE-SM,61.0,2000,61.0,4000,63.0,2000,22000,14000,0
2026-08-10 13:55:56.768131,NSE:727MH36-SG,98.9,100,0.0,0,0.0,0,0,0,0
2026-08-10 14:25:44.075839,NSE:FEDDERSHOL-EQ,43.16,340,43.18,27,43.3,43,453188,121622,100370
2026-08-10 14:30:29.645392,NSE:OMPOWER-EQ,170.0,400,169.62,6,170.0,32,25481,60296,28837
2026-08-10 14:30:37.214815,NSE:PHANTOMFX-SM,146.75,300,146.7,300,148.35,300,20400,21600,25800
2026-08-10 14:27:16.441881,NSE:SATKARTAR-SM,124.0,800,124.0,2400,126.0,800,32800,23200,32800
2026-08-10 14:19:14.476441,NSE:SHAHALLOYS-EQ,70.85,5,70.16,19,70.84,18,1947,16125,554
2026-08-10 14:30:34.013221,NSE:UGARSUGAR-EQ,46.51,201,46.54,59,46.57,47,71717,201060,814601
2026-08-10 13:55:56.793002,NSE:ARVINDPORT-SM,31.25,1500,31.0,3000,31.9,1500,9000,45000,6000
2026-08-10 14:13:39.390518,NSE:SURYALAXMI-EQ,60.64,1,60.61,21,61.87,38,25940,29460,13305
2026-08-10 14:30:35.328498,NSE:FINPIPE-EQ,161.42,1,161.42,665,161.49,2,172490,229263,490875
2026-08-10 13:55:56.802076,NSE:MDL-ST,63.75,1000,60.65,2000,65.95,2000,3000,4000,0
2026-08-10 14:30:35.722316,NSE:DMCC-EQ,286.8,16,286.8,16,287.4,8,45892,56755,259371
2026-08-10 14:30:29.372302,NSE:TFCILTD-EQ,115.92,2,115.84,711,115.92,20,6821339,1080552,14521228
2026-08-10 14:45:41.886528,NSE:INDUSTOWER-EQ,372.0,20,371.95,4,372.0,22,544751,700013,3381630
2026-08-10 13:55:56.816283,NSE:NGIL-BE,39.68,18,37.75,250,39.99,200,4751,3828,20210
2026-08-10 14:30:12.269070,NSE:DOLLAR-EQ,276.8,41,276.35,72,276.65,19,28513,84858,226395
2026-08-10 14:21:24.211947,NSE:SUTLEJTEX-BE,38.34,375,38.34,364,38.4,1,13317,15281,28044
2026-08-10 14:18:13.330898,NSE:ICDSLTD-EQ,41.9,17,41.9,9,42.79,1,19538,241,990
2026-08-10 14:30:33.779640,NSE:MOBIKWIK-EQ,207.48,4,207.4,550,207.48,96,159667,660043,2572648
2026-08-10 14:11:31.022070,NSE:SEL-SM,240.0,200,237.0,1000,243.0,600,3600,1400,5600
2026-08-10 14:24:27.775608,NSE:SHANKARA-EQ,142.06,43,141.81,9,142.0,7600,80304,66718,51283
2026-08-10 14:30:25.659268,NSE:FEDFINA-EQ,149.8,33,149.75,179,149.8,445,136793,555196,642316
2026-08-10 14:30:35.729575,NSE:GFLLIMITED-EQ,49.8,6,49.56,27,49.8,4,33246,148394,42979
2026-08-10 14:29:14.352044,NSE:ELGIRUBCO-EQ,61.11,5,61.08,8,61.21,5,51806,80886,41760
2026-08-10 14:30:35.097765,NSE:EXCELSOFT-EQ,78.17,2,78.14,16,78.18,50,142767,339086,950332
2026-08-10 13:55:56.860364,NSE:GLOBALPET-ST,162.0,750,153.9,750,163.0,750,750,6000,0
2026-08-10 14:30:15.317559,NSE:MENONBE-BE,248.0,1,247.5,63,248.0,1,10781,9372,70156
2026-08-10 14:02:33.700304,NSE:GURUNANAK-SM,40.9,3200,40.5,1600,41.95,1600,8000,17600,24000
2026-08-10 14:45:45.333735,NSE:BMWVENTLTD-EQ,58.87,3,58.87,19,58.9,1,25865,130429,70709
2026-08-10 14:28:51.228185,NSE:GANESHCP-EQ,160.47,1,160.47,17,160.72,5,32657,48294,150134
2026-08-10 13:55:56.877883,NSE:737CG31-SG,97.0,700,97.0,100,101.0,5000,5100,5000,0
2026-08-10 13:55:56.882212,NSE:757GJ26-SG,100.4,100,0.0,0,0.0,0,0,0,0
2026-08-10 13:55:56.885733,NSE:763KA42-SG,97.0,100,92.15,100,0.0,0,100,0,0
2026-08-10 14:30:34.386187,NSE:TIRUMALCHM-EQ,167.0,1997,167.02,20,167.25,10,60465,149887,168895
2026-08-10 14:30:37.222844,NSE:APTUS-EQ,253.85,9,253.65,66,253.85,75,118215,114861,620634
2026-08-10 14:30:36.557581,NSE:INOXWIND-EQ,73.99,12,73.97,578,73.99,688,2551746,3499692,47034945
2026-08-10 13:55:56.898107,NSE:VIVO-SM,119.75,3200,119.75,8000,0.0,0,11200,0,36800
2026-08-10 14:45:43.587737,NSE:TATASTEEL-EQ,190.83,32,190.83,188,190.84,221,1679667,3667394,26461365
2026-08-10 14:23:56.057834,NSE:SILINV-EQ,440.0,1,432.05,3,439.9,13,3586,2280,915
2026-08-10 14:30:34.406567,NSE:SAURASHCEM-EQ,61.99,10,61.95,28,61.99,914,92131,115043,68775
2026-08-10 13:55:56.913968,NSE:724UP32-SG,95.0,100,93.55,100,0.0,0,100,0,0
2026-08-10 14:26:58.189029,NSE:VSTL-EQ,106.6,95,106.6,700,106.96,1,15798,21749,6105
2026-08-10 13:55:56.918025,NSE:683MH32B-SG,93.0,11700,91.9,100,0.0,0,100,0,0
2026-08-10 14:30:30.962647,NSE:BHAGYANGR-BE,379.0,51,378.5,1267,379.0,114,18850,18037,78377
2026-08-10 14:15:47.595666,NSE:MVKAGRO-SM,254.2,300,254.2,135000,0.0,0,274800,0,484800
2026-08-10 13:55:56.927845,NSE:728JK30-SG,101.0,200,0.0,0,0.0,0,0,0,0
2026-08-10 14:30:33.352521,NSE:PGINVIT-IV,100.0,200,99.98,5,100.0,6106,380729,518444,1233800
2026-08-10 14:30:26.449429,NSE:SPIC-EQ,67.6,2,67.58,588,67.72,23,98954,210675,396314
2026-08-10 13:55:56.940165,NSE:663GJ29-SG,104.9,8200,0.0,0,0.0,0,0,0,0
2026-08-10 14:30:34.815742,NSE:ZENSARTECH-EQ,500.25,7,499.95,67,500.25,70,86975,240533,464837
2026-08-10 13:55:56.947902,NSE:FORCAS-ST,196.45,1600,183.15,1600,193.0,1600,9600,9600,1600
2026-08-10 14:23:55.026448,NSE:VALUE360-SM,75.0,1200,73.5,2400,77.0,1200,34800,93600,2400
2026-08-10 14:30:34.420303,NSE:GKENERGY-EQ,134.34,4,134.34,1,134.39,45,74328,277177,703601
2026-08-10 14:30:29.655598,NSE:MANINFRA-EQ,115.9,1000,115.9,1100,115.91,500,755665,590809,2831061
2026-08-10 14:30:33.784412,NSE:BEPL-EQ,125.52,72,125.4,1625,125.52,84,236947,838591,2335385
2026-08-10 14:29:25.135747,NSE:GRANDOAK-EQ,41.58,90,42.0,2000,42.97,55,2691,348,5031
2026-08-10 14:29:48.499665,NSE:MANAKSIA-EQ,58.17,1,58.18,23,58.75,14,48781,76493,43378
2026-08-10 14:16:45.291039,NSE:PENTAGON-SM,51.15,1000,51.55,1000,53.95,1000,28000,6000,11000
2026-08-10 14:30:36.569103,NSE:GNRL-EQ,101.73,1,101.76,7,101.88,104,69949,85623,598386
2026-08-10 13:55:56.981337,NSE:TAPIFRUIT-SM,50.0,750,0.0,0,0.0,0,0,0,0
2026-08-10 13:55:56.981337,NSE:675GJ31-SG,100.0,100,95.0,100,0.0,0,100,0,0
2026-08-10 14:30:04.504667,NSE:WONDERLA-EQ,489.2,1,489.2,77,489.25,17,22981,21125,54778
2026-08-10 14:30:38.206062,NSE:ABFRL-EQ,61.0,306,61.0,149484,61.02,583,2379630,1794819,27602278
2026-08-10 14:45:43.816341,NSE:BSOFT-EQ,318.6,10,318.5,7,318.6,158,91664,390301,759856
2026-08-10 14:26:27.191813,NSE:NITIRAJ-EQ,203.36,1,203.41,60,205.99,98,2569,4418,1463
2026-08-10 14:30:38.435229,NSE:NTPCGREEN-EQ,91.88,24,91.88,199,91.93,188,507587,1336546,1866038
2026-08-10 14:30:19.692596,NSE:NUVOCO-EQ,339.3,3,339.3,19,339.4,14,67717,166867,268289
2026-08-10 13:55:57.004213,NSE:722KA36-SG,95.0,1000,90.25,100,0.0,0,100,0,0
2026-08-10 14:29:44.764130,NSE:ELGNZ-SM,86.9,1000,0.0,0,86.9,3000,0,44000,86000
2026-08-10 14:30:25.297477,NSE:GUFICBIO-EQ,432.75,1,432.15,48,432.55,3,32251,91447,150415
2026-08-10 14:23:50.506768,NSE:TRIGYN-EQ,53.82,1,53.88,7,54.16,8,15433,30338,20826
2026-08-10 13:55:57.017850,NSE:718MH30-SG,97.07,100,97.3,100,0.0,0,100,0,0
2026-08-10 13:55:57.021464,NSE:726MZ40-SG,96.0,100,0.0,0,94.0,100,0,200,0
2026-08-10 14:30:37.242091,NSE:SJLOGISTIC-SM,309.0,250,308.0,500,310.95,250,20250,13750,31500
2026-08-10 13:55:57.028079,NSE:724KL41-SG,95.0,100,90.25,100,94.5,100,100,100,0
2026-08-10 14:30:36.579774,NSE:GANDHAR-EQ,238.25,152,238.5,718,238.62,128,127068,314449,1035181
2026-08-10 14:45:43.957667,NSE:THOMASCOOK-EQ,105.43,4,105.3,247,105.43,12,210424,381534,696005
2026-08-10 14:24:14.124017,NSE:BEWLTD-SM,53.1,500,53.0,500,53.95,500,26500,13000,19000
2026-08-10 13:55:57.042381,NSE:678RJ31-SG,105.0,0,95.0,100,0.0,0,100,0,0
2026-08-10 14:30:15.354438,NSE:TIL-EQ,230.6,1,230.5,19,230.75,5,87993,107692,420501
2026-08-10 13:55:57.047961,NSE:744TS49-SG,95.0,100,90.25,100,97.0,100,100,100,0
2026-08-10 13:55:57.047961,NSE:BRACEPORT-SM,71.5,1600,70.05,1600,72.0,1600,41600,30400,3200
2026-08-10 13:55:57.047961,NSE:744KL50-SG,97.0,200,92.15,100,0.0,0,100,0,0
2026-08-10 13:55:57.061952,NSE:741RJ34-SG,102.8,100,0.0,0,107.4,200,0,200,0
2026-08-10 13:55:57.063980,NSE:744TS48-SG,95.0,100,90.25,100,98.0,100,100,100,0
2026-08-10 14:24:28.373549,NSE:WTICAB-SM,113.95,500,111.8,500,114.0,2500,28500,17500,21500
2026-08-10 14:30:38.437515,NSE:ADANIPOWER-EQ,209.05,16,209.02,565,209.05,571,1585443,2581056,8924345
2026-08-10 14:26:13.358735,NSE:ACETEC-SM,124.7,1200,121.7,1200,126.45,1200,147600,8400,6000
2026-08-10 13:55:57.078337,NSE:745BR50-SG,94.05,100,89.75,100,96.83,100,100,100,0
2026-08-10 13:55:57.081959,NSE:756AP39-SG,95.0,900,95.0,100,0.0,0,100,0,0
2026-08-10 14:30:37.250444,NSE:LORDSCHLO-EQ,144.89,1,144.03,2,144.86,5,19082,15834,17293
2026-08-10 13:55:57.090125,NSE:744TS51A-SG,97.0,100,92.15,100,0.0,0,100,0,0
2026-08-10 13:55:57.093460,NSE:753TS39-SG,95.0,900,95.0,100,0.0,0,100,0,0
2026-08-10 14:30:37.261204,NSE:UNIONBANK-EQ,181.7,5,181.7,760,181.75,1604,959463,2564981,6215381
2026-08-10 14:29:42.945503,NSE:HISARMETAL-EQ,158.99,8,158.12,37,159.0,2,10154,16477,8674
2026-08-10 14:30:35.749961,NSE:INDORAMA-EQ,56.95,99,56.89,100,56.95,1,63227,128104,149118
2026-08-10 14:30:37.267746,NSE:OSELDEVICE-SM,378.8,200,376.1,200,377.9,200,11600,10800,42800
2026-08-10 13:55:57.111952,NSE:739TN32-SG,100.0,0,95.0,100,104.9,200,100,200,0
2026-08-10 14:30:38.212686,NSE:CASTROLIND-EQ,193.46,2,193.42,410,193.46,869,525319,1284254,4294278
2026-08-10 14:30:37.277264,NSE:IFCI-EQ,76.03,476,76.02,522,76.05,375,1108193,5726276,15078040
2026-08-10 14:30:35.332713,NSE:SIGIND-EQ,70.88,19,70.5,1,70.88,31,32657,40599,165181
2026-08-10 13:55:57.125667,NSE:739UK30-SG,97.76,100,96.3,100,0.0,0,100,0,0
2026-08-10 14:23:48.272719,NSE:BROOKS-BE,60.0,10,59.87,36,59.9,100,13700,7398,10086
2026-08-10 14:30:34.826791,NSE:VESUVIUS-EQ,457.15,6,457.2,3,457.7,25,42346,35499,54220
2026-08-10 13:55:57.134818,NSE:738HR34-SG,95.06,100,92.65,100,0.0,0,100,0,0
2026-08-10 14:30:34.425046,NSE:TARSONS-EQ,317.2,13,317.3,1,318.4,16,36026,63256,191482
2026-08-10 13:55:57.143218,NSE:VERTEXPLUS-SM,46.0,600,0.0,0,0.0,0,0,0,0
2026-08-10 14:30:33.365674,NSE:NCLIND-EQ,174.3,1,174.3,4244,174.32,240,42844,37894,77706
2026-08-10 14:26:59.665796,NSE:SAYAJIHOTL-EQ,312.0,2,313.0,2,325.0,17,157,1123,109
2026-08-10 13:55:57.154132,NSE:704GJ32-SG,104.89,8500,0.0,0,104.9,100,0,100,0
2026-08-10 14:30:02.582599,NSE:THEMISMED-EQ,110.5,186,110.5,30,110.67,3,63053,69960,78078
2026-08-10 14:45:44.179697,NSE:NMDC-EQ,85.51,500,85.51,1739,85.53,6711,1874852,5871379,18501499
2026-08-10 13:55:57.160268,NSE:756TN53A-SG,100.0,300,0.0,0,0.0,0,0,0,0
2026-08-10 14:27:48.203150,NSE:NIRAJISPAT-EQ,199.4,5,200.0,5,209.4,5,934,323,120
2026-08-10 14:18:25.470914,NSE:MARC-SM,131.95,1200,126.5,1200,130.95,1200,37200,37200,10800
2026-08-10 14:30:21.858544,NSE:GANESHBE-BE,119.0,5,119.0,22,120.65,156,11166,50744,54940
2026-08-10 14:30:37.284123,NSE:ZAGGLE-EQ,204.46,23,204.25,3901,204.38,7,88881,248256,392456
2026-08-10 14:30:03.414207,NSE:AVTNPL-EQ,71.51,203,71.51,64,71.8,20,36023,88670,37577
2026-08-10 14:11:50.497835,NSE:UNITEDTEA-EQ,471.0,1,470.1,1,473.6,3,1973,1471,383
2026-08-10 14:30:30.339183,NSE:INDRAMEDCO-EQ,390.0,13,389.95,615,390.0,74,73595,194890,436919
2026-08-10 14:21:18.937015,NSE:NIBL-EQ,34.85,31,34.85,279,34.91,4,21123,41202,6336
2026-08-10 14:30:16.706063,NSE:GUJTHEM-EQ,367.05,10,367.0,50,367.5,18,22677,71203,82715
2026-08-10 13:55:57.195001,NSE:683MH32A-SG,96.5,11000,92.35,100,0.0,0,100,0,0
2026-08-10 13:55:57.197888,NSE:697RJ31-SG,96.75,400,93.25,100,0.0,0,100,0,0
2026-08-10 13:55:57.200480,NSE:722KA38A-SG,96.7,4000,0.0,0,0.0,0,0,0,0
2026-08-10 13:55:57.204046,NSE:699GA31-SG,81.47,100,77.4,100,0.0,0,100,0,0
2026-08-10 14:30:36.596911,NSE:TATAPOWER-EQ,380.25,2,380.1,2297,380.25,656,546251,869282,4247089
2026-08-10 14:30:36.604974,NSE:GSFC-EQ,161.8,5,161.75,34,161.8,265,112634,259389,246369
2026-08-10 14:30:21.342413,NSE:GEMAROMA-EQ,180.5,1,180.03,5,180.73,9,30722,32522,63657
2026-08-10 14:22:24.629571,NSE:ZEAL-SM,66.0,600,66.2,600,68.4,600,19200,3000,600
2026-08-10 14:29:13.268260,NSE:BTTL-BE,44.08,10,43.05,300,44.07,50,3589,12792,2341
2026-08-10 14:29:43.418906,NSE:SHALPAINTS-BE,85.1,722,85.1,265,85.5,700,28343,53449,207641
2026-08-10 14:30:35.339976,NSE:TRUALT-EQ,474.5,24,474.5,55,474.7,13,26442,102652,260487
2026-08-10 14:30:26.467879,NSE:MARKOLINES-EQ,181.55,332,181.62,6,181.75,5,121774,48703,138567
2026-08-10 14:30:36.609876,NSE:VIKRAMSOLR-EQ,159.65,174,159.65,14,159.7,8,515033,541662,4328596
2026-08-10 13:55:57.239994,NSE:758GJ32-SG,98.16,100,94.5,100,0.0,0,100,0,0
2026-08-10 13:55:57.242017,NSE:762PN38-SG,102.05,1000,96.95,100,0.0,0,100,0,0
2026-08-10 14:30:26.165667,NSE:INTLCONV-EQ,74.5,379,74.67,10,74.99,3,38458,88656,46936
2026-08-10 13:56:56.278100,NSE:PCCL-SM,300.0,800,300.0,400,303.5,400,16800,18000,8400
2026-08-10 13:55:57.252121,NSE:761RJ43-SG,102.05,100,96.95,100,0.0,0,100,0,0
2026-08-10 13:55:57.254878,NSE:761TS44-SG,97.0,100,92.15,100,0.0,0,100,0,0
2026-08-10 13:55:57.260459,NSE:MINDPOOL-SM,71.1,1000,0.0,0,71.0,4000,0,5000,0
2026-08-10 14:30:21.348471,NSE:PAR-EQ,103.4,1,103.4,29,103.8,15,33790,45051,52150
2026-08-10 13:55:57.270037,NSE:VISAMAN-SM,117.3,0,0.0,0,102.25,20000,0,35000,0
2026-08-10 14:30:25.552482,NSE:AARON-EQ,138.0,1,136.85,6,137.54,6,29884,16980,23972
2026-08-10 14:30:35.759724,NSE:GOCOLORS-EQ,328.65,4,328.65,12,329.1,8,54975,75952,96633
2026-08-10 13:55:57.285996,NSE:TEJASCARGO-SM,399.0,400,395.0,400,0.0,0,1600,0,400
2026-08-10 14:24:49.554470,NSE:GIRIRAJ-SM,53.95,250,52.6,250,54.0,3000,6500,5750,19250
2026-08-10 14:30:36.615547,NSE:AMBUJACEM-EQ,432.5,27,432.5,213,432.55,1234,496027,435117,1270314
2026-08-10 14:29:25.152681,NSE:MASON-SM,116.15,500,116.15,1000,120.95,500,17000,16000,1000
2026-08-10 14:30:35.763740,NSE:TMPV-EQ,347.2,2,347.1,171,347.25,1516,669111,2027637,4187041
2026-08-10 14:22:40.393735,NSE:GUJRAFFIA-EQ,40.0,2,39.63,25,40.1,15,1251,2257,349
2026-08-10 13:55:57.311030,NSE:712AP37-SG,95.0,100,90.25,100,0.0,0,100,0,0
2026-08-10 14:25:30.216485,NSE:AGARWALTUF-SM,149.65,1200,147.0,1200,149.45,1200,116400,54000,19200
2026-08-10 13:55:57.317885,NSE:706WB36-SG,98.16,100,0.0,0,0.0,0,0,0,0
2026-08-10 14:30:36.045247,NSE:EPACKPEB-EQ,253.5,1,253.55,70,253.8,42,109822,179925,424542
2026-08-10 14:30:38.446223,NSE:AEQUS-EQ,248.12,3,248.13,8,248.25,113,216521,764380,3117582
2026-08-10 14:23:53.692831,NSE:SHARDUL-BE,43.03,50,43.03,11016,0.0,0,19606,0,17392
2026-08-10 14:30:34.846703,NSE:ANNAPURNA-SM,161.9,250,160.15,500,162.0,1000,36000,58750,41750
2026-08-10 14:24:58.969436,NSE:SHBAJRG-EQ,177.95,97,176.0,2,177.9,19,1520,8731,4023
2026-08-10 13:55:57.338154,NSE:IMC1-N2,250.0,10,250.0,60,254.5,1245,306,1595,20
2026-08-10 13:55:57.340261,NSE:763KA40-SG,99.0,100,94.05,100,0.0,0,100,0,0
2026-08-10 14:30:34.858379,NSE:UTTAMSUGAR-EQ,257.46,1,257.25,5,257.71,2,40373,95771,215172
2026-08-10 13:55:57.346347,NSE:756KL44-SG,95.0,8800,90.25,100,0.0,0,100,0,0
2026-08-10 13:55:57.351137,NSE:762GA32A-SG,99.0,100,94.65,100,0.0,0,100,0,0
2026-08-10 13:55:57.354681,NSE:739ML26-SG,99.0,100,0.0,0,0.0,0,0,0,0
2026-08-10 14:15:20.668427,NSE:BAFNAPH-BE,279.3,5,0.0,0,279.3,999,0,5100,21854
2026-08-10 14:22:34.883736,NSE:IMC1-N3,250.0,10,251.0,1,255.77,500,276,2009,20
2026-08-10 14:30:17.912689,NSE:URBAN-SM,145.5,800,145.5,800,148.25,800,30400,26400,28800
2026-08-10 14:04:11.234425,NSE:3PLAND-EQ,31.8,1,31.61,300,31.8,2321,5940,9617,4041
2026-08-10 13:55:57.371489,NSE:TIMESCAN-SM,42.0,2000,41.1,4000,44.1,2000,10000,2000,0
2026-08-10 14:30:21.864090,NSE:MANBA-EQ,131.31,1,131.31,360,131.44,6,171552,20369,21108
2026-08-10 14:30:34.439390,NSE:LINC-EQ,100.25,7,100.09,7,100.38,3,40823,83770,45396
2026-08-10 14:30:16.213655,NSE:AMJLAND-EQ,38.13,1,38.13,99,38.35,5,18792,26784,6677
2026-08-10 14:30:25.324222,NSE:KRONOX-EQ,167.47,1,167.18,7,167.45,3,21916,192983,151628
2026-08-10 14:19:24.966989,NSE:SYLVANPLY-SM,50.0,2000,49.0,2000,52.25,4000,12000,4000,4000
2026-08-10 14:20:51.369376,NSE:LAGNAM-EQ,83.27,16,82.63,5,83.26,1,21210,7290,8591
2026-08-10 14:30:21.869745,NSE:PARTYCRUS-SM,89.0,1000,82.5,1000,88.9,1000,25000,12000,1000
2026-08-10 14:30:38.219843,NSE:ESTER-EQ,101.4,1,101.24,340,101.4,49,189773,102917,1305368
2026-08-10 13:55:57.440235,NSE:71MH33-SG,95.8,200,0.0,0,0.0,0,0,0,0
2026-08-10 14:07:35.167886,NSE:BOSS-SM,45.7,2000,43.5,2000,47.8,2000,4000,2000,0
2026-08-10 14:30:26.172489,NSE:GOKULAGRO-EQ,228.4,40,228.4,40,228.41,10,272030,113532,169224
2026-08-10 14:30:17.916804,NSE:VGINFOTECH-SM,149.0,1000,149.0,1000,150.15,1000,49000,47000,83000
2026-08-10 14:30:38.453491,NSE:FEDERALBNK-EQ,354.3,2,354.2,2749,354.3,1511,431272,650134,1882371
2026-08-10 14:30:36.622696,NSE:MBEL-EQ,279.5,1,279.5,63,279.55,11,36776,166370,1163315
2026-08-10 14:30:17.922687,NSE:SEIL-EQ,204.0,19,204.0,81,204.13,101,111176,39260,103650
2026-08-10 14:30:10.366672,NSE:STYLEBAAZA-BE,336.65,100,336.65,71771,0.0,0,157264,0,656660
2026-08-10 14:30:38.462444,NSE:MEESHO-EQ,192.17,7,192.17,902,192.24,18,414780,1694251,10436012
2026-08-10 14:30:05.768961,NSE:NURECA-EQ,330.25,2,330.9,2,331.65,3,7361,12549,22938
2026-08-10 14:30:35.151003,NSE:CANHLIFE-EQ,151.0,19,151.0,20,151.07,28,64404,182583,185535
2026-08-10 14:30:29.926478,NSE:VIDYAWIRES-EQ,97.09,30,97.09,68,97.12,10,145840,423447,1228356
2026-08-10 14:30:38.225601,NSE:LOTUSDEV-EQ,183.91,259,183.91,367,183.98,1953,339100,182431,4856146
2026-08-10 14:30:17.935661,NSE:SCANSTL-BE,62.5,10,62.01,2000,62.5,12815,10712,55220,150377
2026-08-10 14:30:37.302600,NSE:FINKURVE-EQ,60.33,21,60.14,13,60.32,13,16887,10569,21531
2026-08-10 13:55:57.493992,NSE:718GJ28-SG,100.0,200,96.8,100,0.0,0,100,0,0
2026-08-10 14:25:05.749495,NSE:INCREDIBLE-EQ,33.52,5,33.52,3,33.99,1,20558,20133,3992
2026-08-10 14:30:31.352626,NSE:SIGMA-EQ,47.6,53,47.7,9,47.85,150,362990,100343,252810
2026-08-10 14:30:33.107492,NSE:NIITMTS-EQ,246.37,10,246.37,32,246.83,5,30959,80052,84128
2026-08-10 14:23:45.811054,NSE:ANIKINDS-EQ,42.9,1,42.8,1,42.95,22,7282,6517,2839
2026-08-10 14:30:10.370874,NSE:TRF-EQ,235.23,35,234.71,1,235.14,1,11681,14359,20440
2026-08-10 13:55:57.517092,NSE:723GJ27-SG,102.0,2700,98.2,100,102.0,100,100,200,2700
2026-08-10 14:30:35.162285,NSE:OMAXAUTO-EQ,201.43,10,201.43,12830,0.0,0,49504,0,326211
2026-08-10 14:24:49.272671,NSE:ASHWINI-SM,198.0,1000,198.0,1000,199.0,2000,47000,33000,105000
2026-08-10 13:55:57.521882,NSE:654KA30-SG,95.0,100,92.9,100,0.0,0,100,0,0
2026-08-10 13:55:57.530180,NSE:762UP33-SG,97.5,8000,95.0,100,99.63,200,100,200,0
2026-08-10 14:08:54.329531,NSE:NEPTUNE-SM,190.0,500,182.7,500,189.0,1000,16000,15000,1500
2026-08-10 13:55:57.537956,NSE:744TN55-SG,95.0,400,95.0,100,0.0,0,100,0,0
2026-08-10 14:21:15.859839,NSE:NRVANDANA-ST,68.25,3000,67.0,3000,69.0,3000,18000,39000,36000
2026-08-10 13:55:57.550058,NSE:743TN33-SG,95.0,100,95.5,100,0.0,0,100,0,0
2026-08-10 14:30:36.632407,NSE:GLOBECIVIL-EQ,43.4,2,43.4,38,43.41,363,73254,88667,432647
2026-08-10 14:22:16.242608,NSE:OWAIS-ST,89.95,100,89.65,100,89.95,200,9900,9700,20700
2026-08-10 14:03:23.852895,NSE:BAGDIGITAL-SM,109.6,1600,108.15,1600,111.0,1600,84800,134400,0
2026-08-10 13:55:57.561839,NSE:CADSYS-ST,50.8,500,0.0,0,50.8,500,0,9000,1000
2026-08-10 14:30:04.524859,NSE:PDMJEPAPER-EQ,98.06,5,98.04,6,98.19,54,77199,71257,44848
2026-08-10 14:15:07.115823,NSE:PIONRINV-BE,87.63,78,83.11,10,87.63,22,389,22,1142
2026-08-10 13:55:57.574405,NSE:747AS33-SG,98.2,100,0.0,0,0.0,0,0,0,0
2026-08-10 13:55:57.577564,NSE:762UP34-SG,96.45,300,93.55,100,0.0,0,100,0,0
2026-08-10 13:55:57.580222,NSE:744AP33-SG,100.0,500,95.55,100,0.0,0,100,0,0
2026-08-10 14:30:36.642453,NSE:SJVN-EQ,67.89,5,67.85,601,67.89,505,561451,1321059,965626
2026-08-10 14:27:49.069103,NSE:SOMICONVEY-EQ,91.0,6,90.94,13,91.49,9,14175,6902,13544
2026-08-10 13:55:57.588226,NSE:762KL38-SG,104.8,400,0.0,0,0.0,0,0,0,0
2026-08-10 14:30:33.814767,NSE:TEXRAIL-EQ,107.67,5,107.66,211,107.75,2,260536,528568,662067
2026-08-10 14:08:47.920391,NSE:GREENLEAF-ST,113.0,1000,110.0,1000,113.0,1000,5000,8000,1000
2026-08-10 14:30:33.110899,NSE:MUNJALSHOW-EQ,135.76,39,135.8,839,135.96,5,55232,63915,63222
2026-08-10 14:30:34.455710,NSE:GPPL-EQ,150.41,1,150.4,188,150.51,1,247372,348731,496380
2026-08-10 13:55:57.608152,NSE:742HP38-SG,99.9,100,0.0,0,0.0,0,0,0,0
2026-08-10 14:25:21.539455,NSE:HOLMARC-SM,108.0,750,107.0,1500,108.0,750,4500,29250,9750
2026-08-10 14:30:33.935116,NSE:MAMATA-EQ,425.85,10,425.65,2,426.15,1,32695,49457,53231
2026-08-10 14:30:36.648692,NSE:GANESHIN-ST,119.8,800,119.0,800,119.8,800,40800,76000,74400
2026-08-10 14:25:17.620600,NSE:MADHAV-EQ,34.5,1,34.23,75,34.4,1,23961,10479,1274
2026-08-10 13:55:57.627513,NSE:AGUL-SM,56.45,2000,53.65,2000,58.4,2000,2000,6000,0
2026-08-10 14:45:45.345127,NSE:PFC-EQ,385.3,10,385.25,1764,385.3,29,1350209,1874973,23281561
2026-08-10 13:55:57.631796,NSE:SHEEL-ST,65.1,2000,63.6,2000,68.15,2000,12000,8000,10000
2026-08-10 14:30:36.656148,NSE:ELLEN-EQ,298.45,170,298.2,32,298.45,98,40196,223531,1782390
2026-08-10 13:55:57.642059,NSE:755GJ31-SG,98.4,2500,95.3,100,0.0,0,100,0,0
2026-08-10 13:55:57.646553,NSE:PATTECH-ST,114.85,1500,0.0,0,109.15,4500,0,6000,0
2026-08-10 13:55:57.648083,NSE:744TS39A-SG,97.77,200,92.9,100,0.0,0,100,0,0
2026-08-10 14:30:21.878504,NSE:OMFREIGHT-BE,90.0,18,90.0,741,90.5,18,10367,915,10653
2026-08-10 14:27:32.499967,NSE:SHKSIL-SM,40.0,2000,39.25,2000,41.0,2000,70000,26000,12000
2026-08-10 14:30:34.888370,NSE:SCODATUBES-EQ,142.7,9,142.7,16,142.8,510,51003,73190,221346
2026-08-10 14:30:33.832263,NSE:VIYASH-EQ,275.2,1,275.2,386,275.5,134,111194,525489,1502220
2026-08-10 14:30:36.669105,NSE:GAIL-EQ,170.77,1,170.75,2,170.77,38,1105952,2019713,7350200
2026-08-10 14:19:08.792145,NSE:MUNISH-SM,87.5,1200,85.25,2400,87.9,1200,27600,34800,124800
2026-08-10 14:30:37.332655,NSE:MARATHON-EQ,383.4,1,383.4,23,383.9,1,54001,17428,43814
2026-08-10 14:30:30.357816,NSE:GENESYS-EQ,223.95,2,224.05,88,224.25,1,54425,97493,126326
2026-08-10 14:29:59.052442,NSE:HUHTAMAKI-EQ,283.65,15,283.65,27,283.8,26,65650,66899,188255
2026-08-10 14:30:25.352739,NSE:SMCGLOBAL-EQ,79.55,500,79.44,126,79.56,25,381192,332316,168971
2026-08-10 14:30:05.922523,NSE:EUREKAFORB-EQ,450.0,1,450.15,7,450.45,10,36664,31940,87688
2026-08-10 14:45:44.257257,NSE:BANKINDIA-EQ,141.62,1,141.61,13,141.65,600,1189184,2099906,5408607
2026-08-10 14:27:22.972762,NSE:BSHSL-BE,90.15,2,90.15,98,91.5,207,3312,10708,9357
2026-08-10 14:25:17.122473,NSE:NAHARCAP-EQ,263.81,30,263.91,1,265.94,5,7830,6760,4812
2026-08-10 14:30:33.948563,NSE:GREAVESCOT-EQ,195.5,3,195.5,429,195.57,43,154936,363593,749954
2026-08-10 14:30:37.339897,NSE:IDBI-EQ,83.26,39,83.27,1,83.3,2,533892,2177367,1751698
2026-08-10 14:20:14.184141,NSE:AVIENCE-SM,249.75,600,247.25,600,254.9,600,24000,48000,9000
2026-08-10 14:30:16.775696,NSE:SPECIALITY-EQ,149.23,3,149.23,154,149.49,130,56139,76508,163538
2026-08-10 13:55:57.728882,NSE:AARADHYA-SM,72.0,1200,70.5,1200,74.5,1200,32400,10800,0
2026-08-10 13:55:57.732000,NSE:675BR27-SG,85.75,300,0.0,0,0.0,0,0,0,0
2026-08-10 14:28:29.348563,NSE:BNALTD-BE,406.0,10,385.0,50,405.9,59,1093,105,60
2026-08-10 14:29:50.831444,NSE:INNOVISION-EQ,283.25,1,282.55,1,283.25,7,6091,21228,7335
2026-08-10 14:06:11.497737,NSE:BNAGROCHEM-BE,265.05,20,256.0,9,265.0,76,299,1235,137
2026-08-10 14:30:25.462492,NSE:VERTOZ-BE,35.6,3,35.6,89,35.97,207,33954,65849,12897
2026-08-10 14:20:03.059884,NSE:ACCPL-ST,190.0,1200,184.2,1200,190.0,2400,18000,6000,16800
2026-08-10 13:55:57.754072,NSE:AGARWALFT-SM,36.85,1500,0.0,0,35.05,1500,0,7500,0
2026-08-10 13:55:57.758112,NSE:NAMOEWASTE-ST,270.5,800,270.0,1600,271.0,800,12800,47200,20000
2026-08-10 13:55:57.762174,NSE:678MH31-SG,98.4,10000,93.5,100,0.0,0,100,0,0
2026-08-10 13:55:57.766315,NSE:759LICH31-N0,71.94,0,0.0,0,0.0,0,0,0,0
2026-08-10 14:30:34.902584,NSE:EDELWEISS-EQ,118.81,60,118.81,309,118.87,1330,398753,1088620,1705514
2026-08-10 14:30:24.498040,NSE:WAAREEINDO-EQ,311.25,50,0.0,0,311.25,22090,0,40133,135007
2026-08-10 14:30:34.476330,NSE:SURAKSHA-EQ,267.1,21,266.75,6,267.4,3,56090,60073,693294
2026-08-10 14:30:37.352308,NSE:ARKADE-EQ,135.0,25,135.0,12806,135.24,5,58346,65350,266824
2026-08-10 14:30:35.782460,NSE:SREEL-EQ,219.39,2,219.39,14,219.73,2,23109,11519,7897
2026-08-10 14:30:26.496117,NSE:MURUDCERA-EQ,31.64,17,31.64,1,31.65,30,35245,38331,24960
2026-08-10 14:30:34.482331,NSE:SKMEGGPROD-EQ,239.8,72,239.53,2,239.8,3,102610,66431,263731
2026-08-10 13:55:57.791283,NSE:699TN41-SG,104.95,12000,0.0,0,0.0,0,0,0,0
2026-08-10 13:55:57.793090,NSE:758AP42-SG,99.0,100,94.05,100,0.0,0,100,0,0
2026-08-10 14:30:35.790061,NSE:ENIL-EQ,102.55,48,102.21,1,102.54,1,69583,11321,54312
2026-08-10 14:28:14.278940,NSE:BLIL-EQ,70.89,1,70.89,49,70.97,419,54170,37442,16734
2026-08-10 14:29:59.649271,NSE:SOMANYCERA-EQ,500.0,8,499.95,5,500.0,247,22840,23425,49576
2026-08-10 14:09:55.587535,NSE:EXIMROUTES-SM,108.3,800,109.0,800,113.95,800,40000,17600,1600
2026-08-10 14:30:25.675467,NSE:GHCLTEXTIL-EQ,120.74,19,120.77,19,120.9,23,109482,290946,387357
2026-08-10 14:26:30.060792,NSE:BLACKROSE-BE,111.31,6,111.31,49,112.65,200,5079,18063,6428
2026-08-10 14:29:50.312774,NSE:ORIENTBELL-EQ,323.05,9,323.0,26,323.5,9,23943,12969,9293
2026-08-10 14:24:53.202472,NSE:EEPL-SM,158.05,1000,158.05,34000,0.0,0,70000,0,326000
2026-08-10 14:30:22.174968,NSE:SHIVATEX-EQ,164.71,1,161.1,2,164.67,1,5613,6527,989
2026-08-10 14:25:30.234428,NSE:MAZDA-BE,235.5,1,234.1,50,235.5,87,5821,12264,4293
2026-08-10 13:55:57.831424,NSE:762KL44-SG,100.0,100,95.0,100,0.0,0,100,0,0
2026-08-10 14:30:34.487610,NSE:VGUARD-EQ,321.6,10,321.6,10,321.8,48,82704,297077,1596794
2026-08-10 14:30:36.082657,NSE:HEIDELBERG-EQ,155.56,7,155.56,7,155.58,1487,67447,77967,26664
2026-08-10 14:30:32.752539,NSE:NCC-EQ,146.66,3,146.66,218,146.74,350,412727,717306,1949111
2026-08-10 14:30:35.163494,NSE:PATELRMART-EQ,219.5,1,219.5,11,219.99,4,134065,109612,16536
2026-08-10 14:30:08.435390,NSE:AJMERA-EQ,123.51,1,123.53,6,123.76,6,105728,111270,146668
2026-08-10 13:55:57.881050,NSE:985SFIL28-NO,385.25,15,385.2,10,450.0,3,198,3,15
2026-08-10 14:30:37.359196,NSE:IVZINNIFTY-EQ,283.02,70,282.25,10000,283.08,4693,26618,19801,2650
2026-08-10 14:16:40.786506,NSE:364D130826-TB,99.8,45000,99.9,1000,100.0,50000,15100,50000,145000
2026-08-10 13:55:57.898313,NSE:757GS2033-GS,105.5,3000,103.9,1000,0.0,0,2000,0,0
2026-08-10 13:55:57.903027,NSE:364D100926-TB,98.59,20000,99.33,100,0.0,0,10200,0,0
2026-08-10 13:55:57.903027,NSE:776TN53-SG,95.48,1000,92.8,100,0.0,0,100,0,0
2026-08-10 14:30:37.362526,NSE:ITBETA-EQ,332.82,1,332.99,3,334.19,4,30022,5774,2457
2026-08-10 14:30:36.102634,NSE:EMULTIMQ-EQ,41.91,146,41.91,33,41.99,33,356977,203007,25689
2026-08-10 14:30:36.112637,NSE:MOMOMENTUM-EQ,63.3,70,63.19,49,63.25,12487,640201,343788,72497
2026-08-10 14:30:37.369990,NSE:NIFTY100EW-EQ,36.1,2,36.03,14334,36.09,41466,396734,188415,30385
2026-08-10 14:02:04.328031,NSE:706GS2041-GS,101.75,520,99.5,100,101.5,800,6100,53895,0
2026-08-10 13:55:57.921773,NSE:628GS2032-GS,98.65,190,96.85,1000,101.0,2000,2000,2000,0
2026-08-10 13:55:57.926908,NSE:364D150127-TB,96.65,500,96.81,5000,0.0,0,10100,0,0
2026-08-10 13:55:57.930024,NSE:776MH30-SG,100.95,9500,99.0,100,0.0,0,100,0,0
2026-08-10 14:30:38.858494,NSE:GOLDBEES-EQ,124.54,25,124.51,9112,124.54,4670,2128505,3967917,25403832
2026-08-10 13:55:57.936120,NSE:77MH31-SG,100.0,100,0.0,0,0.0,0,0,0,0
2026-08-10 14:30:36.142555,NSE:NEXT50ETF-EQ,75.39,333,75.21,25,75.39,44,230954,151933,2939
2026-08-10 14:29:39.634262,NSE:MOGSEC-EQ,65.8,12,65.8,488,66.11,1427,93354,75227,3924
2026-08-10 14:30:37.372527,NSE:GROWWMC150-EQ,236.53,49,235.3,5415,236.48,151,76058,32378,7660
2026-08-10 14:30:36.157116,NSE:HDFCNIFBAN-EQ,59.41,1,59.36,2100,59.46,200,1918436,1705961,81416
2026-08-10 14:30:18.610527,NSE:68GS2060-GS,93.51,1,90.31,10,93.51,518,9058,518,1042
2026-08-10 14:30:36.162737,NSE:ESILVER-EQ,230.03,220,230.03,300,230.11,4,110313,47589,50011
2026-08-10 13:55:57.962232,NSE:182D210127-TB,97.29,0,96.71,5000,0.0,0,10000,0,0
2026-08-10 13:55:57.965510,NSE:182D241226-TB,97.51,500,97.19,5000,0.0,0,10100,0,0
2026-08-10 14:14:15.166596,NSE:91D221026-TB,98.45,24500,98.45,500,99.0,10000,10500,10000,25000
2026-08-10 13:55:57.971824,NSE:364D220727-TB,97.16,100,93.75,5000,0.0,0,10000,0,0
2026-08-10 13:55:57.976302,NSE:769GS2043-GS,103.0,7,102.1,260,0.0,0,610,0,0
2026-08-10 13:55:57.978271,NSE:767NL33B-SG,99.75,100,0.0,0,0.0,0,0,0,0
2026-08-10 13:55:57.982008,NSE:767MP33-SG,98.97,100,94.15,100,0.0,0,100,0,0
2026-08-10 13:55:57.986379,NSE:777GJ32-SG,103.18,10400,98.05,100,0.0,0,100,0,0
2026-08-10 13:55:57.989991,NSE:764TN29-SG,103.0,1200,97.85,100,0.0,0,100,0,0
2026-08-10 13:55:57.992009,NSE:765GJ33-SG,101.99,100,96.9,100,0.0,0,100,0,0
2026-08-10 13:55:57.996336,NSE:797WB42-SG,100.0,1900,95.0,100,0.0,0,100,0,0
2026-08-10 13:55:57.999972,NSE:766ML32-SG,99.28,200,0.0,0,0.0,0,0,0,0
2026-08-10 14:02:29.745340,NSE:601GS2030-GS,101.8,1,98.1,525,101.2,549,3025,738,0
2026-08-10 13:55:58.008112,NSE:364D231026-TB,98.7,100,98.25,5000,0.0,0,10100,0,0
2026-08-10 13:55:58.014943,NSE:767KA36-SG,100.68,100,95.65,100,0.0,0,100,0,0
2026-08-10 13:55:58.018608,NSE:77BR38-SG,98.62,100,0.0,0,0.0,0,0,0,0
2026-08-10 13:55:58.022161,NSE:775AP29-SG,100.0,100,97.5,100,0.0,0,100,0,0
2026-08-10 13:55:58.029755,NSE:784TS39-SG,101.69,100,0.0,0,0.0,0,0,0,0
2026-08-10 13:55:58.033762,NSE:782AS32A-SG,101.0,100,0.0,0,0.0,0,0,0,0
2026-08-10 13:55:58.035778,NSE:785WB42-SG,100.0,100,0.0,0,0.0,0,0,0,0
2026-08-10 13:55:58.037801,NSE:610GS2031-GS,103.25,1,0.0,0,101.0,8978,0,10572,0
2026-08-10 13:55:58.042403,NSE:77PN40-SG,100.0,100,0.0,0,0.0,0,0,0,0
2026-08-10 14:23:48.979483,NSE:91D240926-TB,99.13,100,98.76,5000,0.0,0,10100,0,100
2026-08-10 13:55:58.050165,NSE:789WB40-SG,101.8,400,0.0,0,0.0,0,0,0,0
2026-08-10 14:30:36.182501,NSE:NV20BEES-EQ,142.58,1,142.55,15,142.73,20,260395,153897,12022
2026-08-10 13:55:58.050165,NSE:777MP47-SG,101.09,10000,96.05,100,0.0,0,100,0,0
2026-08-10 14:30:36.189866,NSE:GOLD1-EQ,125.9,1,125.85,190,125.9,415,618576,564155,5702304
2026-08-10 13:55:58.062541,NSE:783RJ50-SG,106.0,2000,0.0,0,0.0,0,0,0,0
2026-08-10 14:30:37.382411,NSE:LICNETFN50-EQ,276.22,1,276.22,517,276.89,30600,36471,31563,272
2026-08-10 14:30:37.393772,NSE:SBIETFQLTY-EQ,230.0,1,230.0,45,230.49,2250,27510,43221,3390
2026-08-10 13:55:58.074157,NSE:668GS2031-GS,97.7,100,100.55,1000,0.0,0,2000,0,0
2026-08-10 13:55:58.076579,NSE:779HP38-SG,100.96,15000,0.0,0,0.0,0,0,0,0
2026-08-10 14:30:36.193810,NSE:BANKBETA-EQ,59.61,75,59.6,76,59.68,64,1479150,655489,934680
2026-08-10 13:55:58.084747,NSE:717GS2028-GS,102.0,1,100.5,1000,0.0,0,2000,0,0
2026-08-10 13:55:58.088131,NSE:794TN32-SG,101.0,3800,97.05,100,0.0,0,100,0,0
2026-08-10 13:55:58.090232,NSE:679GS2027-GS,101.0,30000,100.6,500,0.0,0,2500,0,0
2026-08-10 14:30:36.202559,NSE:NIFTYETF-EQ,267.53,50,267.53,22,267.67,1662,995002,818433,67558
2026-08-10 13:55:58.098051,NSE:182D121126-TB,97.32,0,97.9,5000,0.0,0,10100,0,0
2026-08-10 13:55:58.098051,NSE:807WB38-SG,95.0,100,94.4,100,0.0,0,100,0,0
2026-08-10 14:30:31.189254,NSE:MOCAPITAL-EQ,53.23,56,53.2,894,53.23,58305,1546675,1023427,3316219
2026-08-10 13:55:58.111985,NSE:91D130826-TB,99.28,51700,99.5,5000,0.0,0,5100,0,0
2026-08-10 14:30:37.400884,NSE:ABSLBANETF-EQ,59.28,20811,59.08,74,59.25,487,778091,1046360,41587
2026-08-10 14:30:31.747763,NSE:MOM50-EQ,257.3,40,257.3,448,258.09,23791,175737,105698,2336
2026-08-10 13:55:58.118016,NSE:364D130527-TB,94.54,4400,94.87,5000,0.0,0,10100,0,0
2026-08-10 13:55:58.118016,NSE:781UP34A-SG,101.45,8000,97.05,100,0.0,0,100,0,0
2026-08-10 13:55:58.128250,NSE:667GS2035-GS,103.5,1,100.1,5000,103.48,5000,11000,6189,0
2026-08-10 14:30:36.209583,NSE:NEXT30ADD-EQ,44.24,1645,44.15,361,44.24,283459,791957,854449,5104
2026-08-10 13:55:58.134922,NSE:622GS2035-GS,98.85,3700,96.4,1000,0.0,0,2000,0,0
2026-08-10 14:30:36.213467,NSE:BANKBETF-EQ,58.78,222,58.55,49976,58.78,200000,289470,351468,32154
2026-08-10 13:55:58.145118,NSE:764GJ34-SG,103.15,300,98.0,100,0.0,0,100,0,0
2026-08-10 13:55:58.148173,NSE:764GJ33-SG,95.0,100,95.0,100,0.0,0,100,0,0
2026-08-10 13:57:15.053193,NSE:667GS2050-GS,92.9,200,92.8,10000,92.9,8800,16752,13600,2700
2026-08-10 13:55:58.151275,NSE:767HP34-SG,100.0,100,95.0,100,0.0,0,100,0,0
2026-08-10 13:55:58.160908,NSE:364D100627-TB,94.76,400,94.41,5000,0.0,0,10300,0,0
2026-08-10 13:55:58.162042,NSE:826GS2027-GS,102.8,1,101.0,1010,107.5,10,2010,10,0
2026-08-10 13:55:58.166981,NSE:832GS2032-GS,110.9,100,106.35,1000,0.0,0,2000,0,0
2026-08-10 13:55:58.168053,NSE:785AP37-SG,105.0,100,0.0,0,0.0,0,0,0,0
2026-08-10 14:30:37.409589,NSE:CONSUMIETF-EQ,126.73,238,126.73,13,126.87,123,472446,435686,8116
2026-08-10 13:55:58.178620,NSE:784TN52-SG,110.7,9000,0.0,0,115.4,100,0,100,0
2026-08-10 14:30:36.215504,NSE:MOVALUE-EQ,115.25,5,115.24,1000,115.25,48,293343,235951,45139
2026-08-10 14:30:36.222680,NSE:IDFNIFTYET-EQ,272.36,14,271.65,1,272.42,3971,9679,6629,881
2026-08-10 13:55:58.184679,NSE:679GS2034A-GS,98.84,100,0.0,0,0.0,0,0,0,0
2026-08-10 14:30:37.415561,NSE:MOQUALITY-EQ,207.01,12,207.02,133,207.7,12000,199441,184652,6825
2026-08-10 14:30:37.422475,NSE:ITETF-EQ,33.6,299,33.57,47148,33.6,6256,585297,674317,328116
2026-08-10 14:30:37.435538,NSE:NIFTYBETF-EQ,252.79,9,252.76,99938,253.75,99974,155579,134569,1210
2026-08-10 13:55:58.203304,NSE:613GS2028-GS,99.4,2,99.51,5,100.66,2,2005,2,0
2026-08-10 13:55:58.207902,NSE:764HR31-SG,98.14,1200,95.7,100,0.0,0,100,0,0
2026-08-10 13:55:58.212168,NSE:601GS2028-GS,102.0,6,100.5,1500,102.0,3200,3500,3200,0
2026-08-10 14:09:51.132940,NSE:648GS2035-GS,101.15,1,98.2,120,101.1,99,6120,243,0
2026-08-10 14:30:36.252540,NSE:SHARIABEES-EQ,477.96,60,477.97,2,478.44,57,65880,29370,8043
2026-08-10 14:30:31.795756,NSE:SENSEXETF-EQ,81.1,11,81.03,81376,81.1,1636,261178,107987,46047
2026-08-10 13:55:58.226144,NSE:824GS2027-GS,104.21,10,104.6,3000,106.48,10,10500,18041,0
2026-08-10 14:02:14.928744,NSE:828GS2032-GS,111.3,200,110.6,200,111.3,200,4451,5900,3201
2026-08-10 14:16:30.011177,NSE:738GS2027-GS,102.34,2,102.21,2000,102.34,55,37755,62376,33547
2026-08-10 13:55:58.237822,NSE:833GS2036-GS,108.58,4,108.42,1000,0.0,0,2000,0,0
2026-08-10 14:30:37.439599,NSE:MIDCAPBETA-EQ,237.07,10,236.92,41,237.57,2000,34710,18614,1159
2026-08-10 13:55:58.245468,NSE:364D171226-TB,98.01,1500,97.3,5000,0.0,0,10100,0,0
2026-08-10 13:55:58.248039,NSE:364D240627-TB,94.0,4700,94.19,5000,0.0,0,10100,0,0
2026-08-10 14:30:36.260119,NSE:GOLDIETF-EQ,129.08,50,129.08,1957,129.12,337,865599,928712,6967323
2026-08-10 13:55:58.250147,NSE:75GS2034-GS,105.86,1,102.25,1000,105.8,99,2000,99,0
2026-08-10 13:55:58.257922,NSE:74GS2035-GS,105.95,200,104.8,200,0.0,0,2200,0,0
2026-08-10 13:55:58.261830,NSE:767AP38A-SG,100.0,100,95.0,100,0.0,0,100,0,0
2026-08-10 14:30:36.265213,NSE:ICICIB22-EQ,116.65,18,116.65,41,116.71,50,1331363,982518,274765
2026-08-10 13:55:58.270724,NSE:733GS2026-GS,102.2,100,101.61,250,102.15,100,7250,5669,0
2026-08-10 13:55:58.274819,NSE:763GS2059-GS,105.6,3,101.0,380,0.0,0,3730,0,0
2026-08-10 14:30:39.561050,NSE:HDFCSILVER-EQ,220.41,100,220.42,3126,220.47,44,562756,793709,2343152
2026-08-10 13:55:58.282875,NSE:675GS2029-GS,101.47,350,99.8,1000,101.64,49,2000,49,0
2026-08-10 14:30:27.017705,NSE:MONEXT50-EQ,74.8,21,74.77,7,74.78,5000,170213,31564,9116
2026-08-10 13:55:58.292421,NSE:806RJ57-SG,100.0,100,95.55,100,0.0,0,100,0,0
2026-08-10 13:55:58.295556,NSE:807MH49-SG,101.0,200,101.0,100,104.9,100,200,200,0
2026-08-10 13:55:58.299854,NSE:364D021026-TB,97.25,100,98.61,5000,0.0,0,10100,0,0
2026-08-10 13:55:58.303900,NSE:807AP51-SG,95.5,1400,100.0,100,0.0,0,300,0,0
2026-08-10 14:25:30.602019,NSE:GOLDBND-EQ,150.22,7,150.19,19,150.57,6,39541,63415,4799
2026-08-10 13:55:58.309032,NSE:695GS2061-GS,94.4,5,92.91,2000,94.4,3778,13323,26789,226
2026-08-10 14:30:37.452482,NSE:LICNFNHGP-EQ,281.6,8,281.43,478,282.05,4,37565,34768,101
2026-08-10 14:29:39.830600,NSE:MOENERGY-EQ,38.91,49,38.86,86,38.91,78188,1148314,564193,96260
2026-08-10 13:55:58.322353,NSE:182D081026-TB,98.97,2000,98.51,5000,0.0,0,10100,0,0
2026-08-10 13:55:58.326064,NSE:364D080427-TB,96.01,2800,95.43,5000,0.0,0,10000,0,0
2026-08-10 13:55:58.329188,NSE:795GS2032-GS,108.0,100,108.0,1400,110.25,1000,2400,1000,0
2026-08-10 14:16:13.835783,NSE:1018GS2026-GS,104.64,15,104.4,10,104.64,716,5413,14868,271
2026-08-10 13:55:58.336039,NSE:77UP33-SG,102.15,1000,0.0,0,0.0,0,0,0,0
2026-08-10 14:30:36.285462,NSE:MOSILVER-EQ,227.83,1,227.79,4,227.96,331,390039,54061,53120
2026-08-10 14:30:36.292265,NSE:ENERGY-EQ,38.95,10,38.9,1120,38.96,17682,612918,364108,119700
2026-08-10 14:15:51.730818,NSE:710GS2029-GS,103.65,100,103.75,400,105.0,1000,62601,29100,0
2026-08-10 13:55:58.348035,NSE:364D280127-TB,96.75,100,96.59,5000,0.0,0,10100,0,0
2026-08-10 13:55:58.352350,NSE:796AP38-SG,96.0,400,96.1,100,0.0,0,500,0,0
2026-08-10 14:21:50.675977,NSE:791MH39-SG,100.0,100,95.4,100,105.0,100,100,100,0
2026-08-10 13:55:58.361616,NSE:797TS43-SG,100.64,100,96.05,100,0.0,0,100,0,0
2026-08-10 14:30:37.468016,NSE:EQUAL50-EQ,341.61,30,340.45,4997,341.41,4477,50706,114567,558
2026-08-10 13:55:58.367824,NSE:791PN36-SG,96.47,100,96.5,100,0.0,0,100,0,0
2026-08-10 14:30:36.293384,NSE:BSLSENETFG-EQ,79.1,1,79.14,7501,79.29,11577,413759,371347,10677
2026-08-10 13:55:58.373340,NSE:91D100926-TB,99.3,200,99.4,100,0.0,0,10100,0,0
2026-08-10 13:55:58.378112,NSE:182D101226-TB,97.0,200,97.42,5000,0.0,0,10000,0,0
2026-08-10 14:30:37.472379,NSE:CONSUMBEES-EQ,136.26,38,136.21,60,136.25,321,465650,227767,63945
2026-08-10 13:55:58.384263,NSE:364D040227-TB,96.15,400,96.48,5000,0.0,0,10100,0,0
2026-08-10 13:55:58.387788,NSE:364D210127-TB,96.06,8500,96.71,5000,0.0,0,10100,0,0
2026-08-10 13:55:58.392981,NSE:364D191126-TB,97.2,200,97.78,5000,0.0,0,10100,0,0
2026-08-10 13:55:58.397738,NSE:77HR32-SG,95.0,100,0.0,0,0.0,0,0,0,0
2026-08-10 14:30:36.293384,NSE:SETFNIF50-EQ,265.15,50,265.12,39,265.15,323,633070,541653,324977
2026-08-10 14:30:36.310177,NSE:GOLDBETA-EQ,126.7,20,126.65,127,126.75,20551,234311,335762,616226
2026-08-10 14:30:31.844192,NSE:LICMFGOLD-EQ,135.65,8,135.6,36,135.75,2488,75553,41268,216394
2026-08-10 14:06:32.238099,NSE:71GS2034-GS,103.97,1,103.36,500,104.68,1600,13714,7563,0
2026-08-10 14:30:36.315533,NSE:GROWWEV-EQ,34.15,3,34.12,134,34.14,585994,986737,1125513,579977
2026-08-10 14:30:37.479705,NSE:MOIPO-EQ,48.31,61,48.31,6,48.45,10000,213345,75578,1578
2026-08-10 14:30:36.321403,NSE:GROWWHOSPI-EQ,54.61,188,54.6,7608,54.66,183718,465010,386132,168568
2026-08-10 13:55:58.434843,NSE:763TS43-SG,100.0,2000,95.0,100,0.0,0,100,0,0
2026-08-10 14:30:36.324551,NSE:CHEMICAL-EQ,30.8,2,30.74,780,30.8,1033732,1151943,1434928,330315
2026-08-10 13:55:58.442151,NSE:763TS44-SG,101.65,200,0.0,0,0.0,0,0,0,0
2026-08-10 14:08:01.357823,NSE:778AS34-SG,95.0,100,0.0,0,0.0,0,0,0,200
2026-08-10 13:55:58.450309,NSE:776KL35-SG,99.0,100,94.15,100,0.0,0,100,0,0
2026-08-10 13:55:58.450309,NSE:777HR36-SG,99.67,100,94.7,100,0.0,0,100,0,0
2026-08-10 13:55:58.454608,NSE:698GR2054-GS,96.9,5,92.31,10,94.96,1,9010,147,6
2026-08-10 13:55:58.461895,NSE:664GS2027-GS,100.0,60,99.75,1000,102.25,4533,2005,4533,0
2026-08-10 13:55:58.465545,NSE:766KL50-SG,103.0,100,97.85,100,0.0,0,100,0,0
2026-08-10 14:30:39.780432,NSE:SBISILVER-EQ,225.88,11,225.82,151,225.89,82,420435,379900,848349
2026-08-10 14:22:19.343573,NSE:364D220427-TB,95.89,3700,95.21,5000,95.89,100,10100,100,0
2026-08-10 13:55:58.479792,NSE:779AP42-SG,99.0,100,95.0,100,0.0,0,100,0,0
2026-08-10 13:55:58.484104,NSE:182D221026-TB,98.2,900,98.27,5000,0.0,0,10100,0,0
2026-08-10 13:55:58.488162,NSE:764WB32-SG,102.43,4900,0.0,0,0.0,0,0,0,0
2026-08-10 14:30:36.358822,NSE:MOALPHA50-EQ,55.91,29,55.9,426,56.12,3000,388554,69446,12269
2026-08-10 14:30:36.362516,NSE:BANKIETF-EQ,59.25,281,59.24,84,59.28,110,1609458,1203739,242504
2026-08-10 14:30:22.902348,NSE:754GS2036-GS,106.91,2741,106.85,7000,106.91,3000,216857,92729,233851
2026-08-10 13:55:58.505156,NSE:782GJ32-SG,100.0,200,96.15,100,0.0,0,100,0,0
2026-08-10 13:55:58.511852,NSE:364D121126-TB,97.2,400,97.9,5000,0.0,0,10100,0,0
2026-08-10 14:29:01.203611,NSE:725GS2063-GS,97.8,500,97.75,5,97.94,9000,148751,164947,127535
2026-08-10 13:55:58.518177,NSE:762GS2039-GS,105.7,331,104.85,1000,0.0,0,2000,0,0
2026-08-10 14:30:37.495750,NSE:SBIETFCON-EQ,126.67,8,126.19,5022,126.7,936,116576,62526,4764
2026-08-10 13:55:58.530497,NSE:777MN38-SG,98.5,100,0.0,0,0.0,0,0,0,0
2026-08-10 14:20:08.905375,NSE:GSEC10YEAR-EQ,30.42,15,30.42,4886,30.71,3490,134989,133991,2498
2026-08-10 13:55:58.534061,NSE:779PN37-SG,100.0,100,95.0,100,0.0,0,100,0,0
2026-08-10 13:55:58.540255,NSE:764RJ49-SG,100.0,100,95.0,100,0.0,0,100,0,0
2026-08-10 13:55:58.545144,NSE:765GJ29A-SG,101.9,100,0.0,0,0.0,0,0,0,0
2026-08-10 14:30:22.912526,NSE:ELMDIV-EQ,37.05,10,37.01,150,37.05,11516,176205,50602,8434
2026-08-10 14:30:36.372512,NSE:NIFTYBEES-EQ,280.42,13,280.42,939,280.45,40,1153618,1190367,5881867
2026-08-10 13:55:58.556260,NSE:775UP34-SG,101.85,100,0.0,0,0.0,0,0,0,0
2026-08-10 13:55:58.559869,NSE:775RJ35-SG,99.14,200,94.5,100,0.0,0,100,0,0
2026-08-10 13:55:58.562479,NSE:774TS35-SG,102.57,100,97.45,100,0.0,0,100,0,0
2026-08-10 13:55:58.568199,NSE:779PN36-SG,101.96,100,0.0,0,0.0,0,0,0,0
2026-08-10 13:55:58.572011,NSE:776MP37A-SG,102.35,100,97.25,100,0.0,0,100,0,0
2026-08-10 13:55:58.574160,NSE:779MH54-SG,99.0,100,94.05,100,0.0,0,100,0,0
2026-08-10 13:55:58.579468,NSE:718GS2033-GS,106.3,1000,105.58,1601,107.0,5000,8815,5000,0
2026-08-10 14:12:33.090113,NSE:781RJ49-SG,99.0,100,95.0,100,101.0,100,100,100,0
2026-08-10 13:55:58.588083,NSE:781UP32-SG,102.18,100,97.8,100,0.0,0,100,0,0
2026-08-10 14:30:36.384211,NSE:GILT5BETA-EQ,66.98,1,66.16,21,66.81,14,116276,115341,342
2026-08-10 13:55:58.594127,NSE:775GA33-SG,100.0,100,95.6,100,0.0,0,100,0,0
2026-08-10 14:30:36.392500,NSE:MIDSMALL-EQ,52.21,183,52.2,180,52.28,194,1180251,601688,169428
2026-08-10 14:15:31.015661,NSE:702GS2027-GS,100.81,100,101.0,1,104.5,200,6906,7200,101
2026-08-10 13:55:58.603970,NSE:775UP33-SG,100.96,100,0.0,0,0.0,0,0,0,0
2026-08-10 13:55:58.607741,NSE:697GR2034-GS,101.25,1575,96.2,10,101.25,100,10,100,0
2026-08-10 13:55:58.611113,NSE:364D030926-TB,98.99,200,99.12,5000,0.0,0,10100,0,0
2026-08-10 13:55:58.613984,NSE:779TN32-SG,101.0,100,97.7,100,0.0,0,100,0,0
2026-08-10 13:55:58.617920,NSE:782PN42-SG,99.0,300,94.05,100,0.0,0,100,0,0
2026-08-10 13:55:58.617920,NSE:775GJ32-SG,100.0,100,97.5,100,0.0,0,100,0,0
2026-08-10 14:30:36.399000,NSE:HDFCPSUBK-EQ,87.65,25,87.6,1,87.65,183,917797,851337,228242
2026-08-10 13:55:58.630012,NSE:766GJ32-SG,100.5,200,95.5,100,105.4,200,100,200,0
2026-08-10 13:55:58.634974,NSE:764GJ31-SG,101.9,100,0.0,0,0.0,0,0,0,0
2026-08-10 13:55:58.637903,NSE:771GS2066-GS,104.5,465,104.1,1000,104.88,500,40847,21036,0
2026-08-10 14:30:37.555678,NSE:HDFCNIMEG-EQ,132.25,1,132.19,81,132.38,174,155739,99508,10313
2026-08-10 13:55:58.645276,NSE:364D290727-TB,94.6,300,94.65,100,0.0,0,10100,0,0
2026-08-10 14:30:36.418607,NSE:NIFTYAXIS-EQ,272.5,373,272.55,119,272.68,10,75475,150407,9130
2026-08-10 14:22:12.549490,NSE:706GS2028-GS,102.96,1000,103.06,200,103.48,488,15850,8488,1000
2026-08-10 13:55:58.660326,NSE:182D280127-TB,97.29,0,96.59,5000,0.0,0,10000,0,0
2026-08-10 13:55:58.664183,NSE:710GR2028-GS,100.0,0,0.0,0,0.0,0,0,0,0
2026-08-10 13:55:58.666868,NSE:91D291026-TB,102.9,100,98.36,100,100.0,1600,60100,29600,0
2026-08-10 13:55:58.670142,NSE:729GR2033-GS,100.0,0,0.0,0,0.0,0,0,0,0
2026-08-10 13:55:58.672169,NSE:766KA42-SG,97.88,100,93.0,100,0.0,0,100,0,0
2026-08-10 14:30:36.428920,NSE:BANKADD-EQ,59.12,1,59.04,2,59.12,2624,1079057,923583,36768
2026-08-10 13:55:58.678321,NSE:77AP29A-SG,101.88,100,0.0,0,0.0,0,0,0,0
2026-08-10 14:30:37.566979,NSE:ABSLNN50ET-EQ,78.72,1,78.52,254469,78.68,40238,886738,382235,17745
2026-08-10 13:55:58.687203,NSE:764GA38-SG,100.0,500,95.0,100,0.0,0,100,0,0
2026-08-10 13:55:58.687725,NSE:777PN36-SG,104.89,200,0.0,0,0.0,0,0,0,0
2026-08-10 14:30:36.434792,NSE:MOMENTUM50-EQ,54.24,75,54.22,250,54.29,4494,1128123,616911,373159
2026-08-10 14:30:36.436821,NSE:EVIETF-EQ,34.18,70,34.16,99,34.21,116934,1716884,998493,679599
2026-08-10 14:30:36.449100,NSE:MOM30IETF-EQ,31.77,5,31.78,100,31.8,500,2301394,1694374,877853
2026-08-10 14:30:37.577678,NSE:MOLOWVOL-EQ,37.6,1063,37.58,399,37.62,1266,831989,610210,1956
2026-08-10 13:55:58.710648,NSE:77AP32-SG,100.0,200,0.0,0,0.0,0,0,0,0
2026-08-10 14:30:38.155671,NSE:BSLGOLDETF-EQ,132.41,49,132.41,49,132.44,97,407753,342848,541088
2026-08-10 14:30:36.454915,NSE:MOMNC-EQ,33.88,290,33.86,515,33.88,1665,134536,13638,23861
2026-08-10 13:55:58.721884,NSE:182D100926-TB,99.18,3000,99.0,5000,0.0,0,10100,0,0
2026-08-10 13:55:58.725679,NSE:364D110327-TB,96.35,1000,95.9,5000,0.0,0,10100,0,0
2026-08-10 14:30:37.601253,NSE:NIF100BEES-EQ,273.5,101,273.27,14,273.73,4000,173225,155017,49047
2026-08-10 14:30:36.464528,NSE:ALPHA-EQ,53.9,5000,53.91,400,53.92,3274,1574797,1112246,712669
2026-08-10 13:55:58.738179,NSE:182D171226-TB,97.43,200,97.3,5000,0.0,0,10100,0,0
2026-08-10 14:30:40.260403,NSE:NIFTYIETF-EQ,279.11,1,279.0,843,279.13,221,460401,476443,311590
2026-08-10 13:55:58.748148,NSE:91D170926-TB,99.0,100,99.3,200,0.0,0,10400,0,0
2026-08-10 14:30:40.353822,NSE:AUTOBEES-EQ,307.21,30,307.07,25,307.22,25,257769,226078,340624
2026-08-10 13:55:58.753773,NSE:764KA39-SG,100.0,200,95.0,100,0.0,0,100,0,0
2026-08-10 13:55:58.758186,NSE:182D040227-TB,97.31,0,96.48,5000,101.0,100,10000,100,0
2026-08-10 14:03:04.562043,NSE:91D051126-TB,98.71,0,98.1,200,99.2,600,10200,2600,0
2026-08-10 13:55:58.785759,NSE:364D050827-TB,94.64,0,94.01,10000,0.0,0,15000,0,0
2026-08-10 13:55:58.790179,NSE:763PN39-SG,95.14,1100,91.6,100,0.0,0,100,0,0
2026-08-10 13:55:58.817718,NSE:83GS2040-GS,108.91,50,104.6,400,0.0,0,2400,0,0
2026-08-10 13:55:58.822856,NSE:364D200527-TB,95.39,2700,94.75,5000,0.0,0,10100,0,0
2026-08-10 13:55:58.827994,NSE:792PN44-SG,95.0,800,95.0,100,99.75,1000,1100,1000,0
2026-08-10 13:55:58.831959,NSE:182D191126-TB,97.22,0,97.78,5000,0.0,0,10100,0,0
2026-08-10 14:16:19.692728,NSE:91D200826-TB,99.9,200,99.75,100,99.95,400,10200,400,0
2026-08-10 13:55:58.837905,NSE:791PN41-SG,95.0,4200,95.0,100,0.0,0,100,0,0
2026-08-10 14:30:36.540262,NSE:NETF-EQ,267.89,10,267.15,15,267.9,205,75866,27135,2022
2026-08-10 13:55:58.847813,NSE:763MH35-SG,96.9,100,92.7,100,0.0,0,100,0,0
2026-08-10 13:55:58.850545,NSE:763MH36-SG,103.16,12500,0.0,0,107.9,100,0,100,0
2026-08-10 13:55:58.850545,NSE:763RJ41-SG,95.0,900,95.0,100,0.0,0,100,0,0
2026-08-10 14:30:32.502256,NSE:MOSERVICE-EQ,31.57,20,31.55,21,31.57,1980,144088,11455,8540
2026-08-10 13:55:58.912019,NSE:785KL35-SG,104.95,100,0.0,0,0.0,0,0,0,0
2026-08-10 14:30:38.191090,NSE:MOHEALTH-EQ,52.0,300,51.95,307,52.0,300,277161,35823,42319
2026-08-10 14:45:43.639281,NSE:ITAXIS-EQ,349.28,2,349.2,15,349.93,15,632026,59354,2584835
2026-08-10 13:55:58.917964,NSE:364D240926-TB,98.5,1000,99.02,100,0.0,0,10200,0,0
2026-08-10 13:55:58.925677,NSE:364D261126-TB,97.6,6600,97.66,5000,0.0,0,10100,0,0
2026-08-10 14:30:01.147110,NSE:ENEXT50-EQ,74.5,135,74.23,50,74.5,590,80989,34410,1102
2026-08-10 14:24:44.766281,NSE:74GS2062-GS,103.75,5,101.3,2999,103.75,995,29499,1209,5006
2026-08-10 13:55:58.935020,NSE:654GS2032-GS,98.47,500,99.25,10500,100.85,2999,15700,27999,500
2026-08-10 14:30:31.978498,NSE:BSE500IETF-EQ,40.11,2156,40.11,4383,40.17,105,1448487,198815,96945
2026-08-10 14:30:36.574642,NSE:AUTOIETF-EQ,30.71,25,30.69,5051,30.72,735,2076172,1678495,600558
2026-08-10 14:30:31.982751,NSE:SELECTIPO-EQ,48.31,60,48.31,4890,48.35,48942,176237,77810,28659
2026-08-10 14:30:37.659637,NSE:FMCGADD-EQ,49.6,8,49.5,132,49.6,173,171243,124918,3135
2026-08-10 14:11:26.574598,NSE:719GS2060-GS,101.9,29,98.0,100,101.9,946,9100,946,0
2026-08-10 14:30:36.582705,NSE:NIFTYBETA-EQ,272.68,20,272.74,30,273.25,8,117387,263039,37026
2026-08-10 14:30:17.494511,NSE:GOLD360-EQ,146.9,77,146.6,28873,146.85,7,53569,59022,32475
2026-08-10 14:30:36.592052,NSE:QGOLDHALF-EQ,124.95,1000,124.9,10173,124.92,100,65413,22119,94375
2026-08-10 13:55:58.973276,NSE:683GS2039-GS,94.06,0,96.05,1000,0.0,0,2000,0,0
2026-08-10 14:30:37.665517,NSE:GROWWNXT50-EQ,75.01,389,75.0,1,75.19,30760,331133,177334,7377
2026-08-10 13:55:58.980191,NSE:579GS2030-GS,97.2,1,97.41,100,0.0,0,2100,0,0
2026-08-10 14:30:27.282477,NSE:MOMENTUM30-EQ,31.36,1,31.29,60,31.33,353023,538716,526160,20078
2026-08-10 13:55:58.991320,NSE:364D151026-TB,98.36,1900,98.39,5000,0.0,0,10100,0,0
2026-08-10 14:07:03.604202,NSE:GSEC10IETF-EQ,267.11,74,265.0,1,267.11,4919,45794,44980,188
2026-08-10 14:07:45.713723,NSE:726GS2033-GS,103.0,5000,102.31,1300,103.0,11,7512,9511,0
2026-08-10 13:55:59.004164,NSE:766KL46-SG,99.9,100,0.0,0,0.0,0,0,0,0
2026-08-10 14:30:36.635523,NSE:COMMOIETF-EQ,102.0,7,101.99,7677,102.1,14,666247,416436,25855
2026-08-10 14:30:37.672422,NSE:DIVIDEND-EQ,36.3,9,36.3,1436,36.4,37156,211934,95269,3514
2026-08-10 14:23:14.493520,NSE:741GS2036-GS,105.2,100,105.2,250,105.45,5492,27250,20492,200
2026-08-10 13:55:59.028475,NSE:182D030926-TB,99.0,200,99.12,5000,0.0,0,10100,0,0
2026-08-10 14:30:37.678019,NSE:ESG-EQ,42.46,35,42.35,60043,42.47,57391,384938,258435,3523
2026-08-10 13:55:59.037008,NSE:364D040327-TB,94.36,100,96.01,5000,0.0,0,10100,0,0
2026-08-10 13:55:59.040267,NSE:778BR31-SG,100.0,100,97.7,100,0.0,0,100,0,0
2026-08-10 14:21:46.188179,NSE:736GS2052-GS,103.0,59,101.0,1241,103.0,166,6241,10166,2750
2026-08-10 13:55:59.044558,NSE:828GS2027-GS,167.35,2,0.0,0,158.99,100,0,160,0
2026-08-10 13:55:59.047868,NSE:833GS2032-GS,107.33,0,109.4,1000,0.0,0,2000,0,0
2026-08-10 14:30:38.229704,NSE:GOLDADD-EQ,146.38,3,146.32,316,146.39,23,450046,449433,181783
2026-08-10 13:55:59.056099,NSE:799RJ41-SG,96.59,100,96.8,100,0.0,0,100,0,0
2026-08-10 13:55:59.060083,NSE:775TS37-SG,100.0,100,95.0,100,0.0,0,100,0,0
2026-08-10 13:55:59.064135,NSE:364D081026-TB,98.68,100,98.77,1000,99.11,1000,11100,1000,0
2026-08-10 13:55:59.069348,NSE:776MP37-SG,100.0,100,95.0,100,0.0,0,100,0,0
2026-08-10 13:55:59.073968,NSE:364D200826-TB,99.28,100,99.77,100,0.0,0,10200,0,0
2026-08-10 13:55:59.077440,NSE:777PN33-SG,99.98,100,96.35,100,0.0,0,100,0,0
2026-08-10 13:55:59.081835,NSE:775HR35-SG,90.0,100,94.5,100,0.0,0,100,0,0
2026-08-10 14:30:27.312447,NSE:GROWWPSE-EQ,99.0,1,98.81,7,99.0,198,148648,43709,858
2026-08-10 13:55:59.093493,NSE:364D291026-TB,98.14,1200,98.15,5000,0.0,0,10100,0,0
2026-08-10 14:30:36.694401,NSE:IT-EQ,35.2,1,35.18,1,35.2,7023,1361751,1654341,444269
2026-08-10 14:30:36.700208,NSE:MOGOLD-EQ,148.7,77,148.65,10527,148.85,63,88379,35209,36966
2026-08-10 14:30:32.022644,NSE:MSCIADD-EQ,30.14,2,30.13,29861,30.15,100,230278,110302,207
2026-08-10 14:30:36.715726,NSE:ITBEES-EQ,35.2,822,35.18,27359,35.2,48236,4964294,7677820,10594896
2026-08-10 14:30:36.728263,NSE:HDFCSENSEX-EQ,89.16,11,89.05,1250,89.18,10764,568261,474275,24172
2026-08-10 14:24:54.539423,NSE:724GS2055-GS,101.2,2451,101.2,13821,101.3,4500,41871,35772,12051
2026-08-10 14:08:11.999877,NSE:690GS2065-GS,94.0,5000,94.0,5000,94.29,1000,34629,67240,62055
2026-08-10 13:55:59.117935,NSE:77MH30-SG,97.0,100,0.0,0,0.0,0,0,0,0
2026-08-10 14:30:38.242486,NSE:HDFCNIFTY-EQ,277.2,25,277.28,72,277.59,144,470459,378743,52296
2026-08-10 14:30:23.118426,NSE:QNIFTY-EQ,271.0,50,271.0,30,271.2,50,27555,4201,1200
2026-08-10 13:55:59.137947,NSE:923GS2043-GS,114.99,1,114.0,400,0.0,0,2400,0,0
2026-08-10 14:30:36.736680,NSE:GROWWDEFNC-EQ,96.25,49,96.25,151,96.32,15908,396788,254832,190234
2026-08-10 13:55:59.145489,NSE:86GS2028-GS,108.39,214,103.85,1000,0.0,0,2000,0,0
2026-08-10 14:30:36.746015,NSE:MANUFGBEES-EQ,167.75,20,167.5,50,167.7,3000,59391,8769,5882
2026-08-10 14:30:36.752350,NSE:ESENSEX-EQ,79.37,70,79.06,1,79.35,52132,175888,52438,574
2026-08-10 14:30:36.755552,NSE:DIVOPPBEES-EQ,79.72,23,79.71,60,79.81,1905,558533,198017,85583
2026-08-10 13:55:59.161984,NSE:92GS2030-GS,114.98,700,113.01,100,114.68,180,10800,31680,1101
2026-08-10 13:55:59.161984,NSE:83GS2042-GS,105.1,200,105.5,568,0.0,0,2968,0,0
2026-08-10 14:23:09.619121,NSE:73GS2053-GS,99.0,22699,99.3,1313,99.55,100,28215,12299,25000
2026-08-10 13:55:59.174419,NSE:77KA33-SG,99.1,300,0.0,0,0.0,0,0,0,0
2026-08-10 13:55:59.182462,NSE:775RJ36-SG,97.5,100,94.5,100,0.0,0,100,0,0
2026-08-10 13:55:59.186262,NSE:182D070127-TB,97.0,300,96.95,5000,0.0,0,10000,0,0
2026-08-10 14:10:43.314119,NSE:91D081026-TB,98.9,100,98.9,300,100.0,1000,10900,1000,900
2026-08-10 13:55:59.200133,NSE:364D080727-TB,93.66,1000,93.97,5000,0.0,0,10500,0,0
2026-08-10 13:55:59.204188,NSE:591GS2028-GS,98.36,90,98.41,5000,100.55,289,6005,289,0
2026-08-10 13:55:59.208066,NSE:765TN30-SG,100.5,100,97.5,100,0.0,0,100,0,0
2026-08-10 14:07:45.728355,NSE:783KL49-SG,100.0,500,98.0,100,100.0,1000,1200,1000,0
2026-08-10 13:57:15.320715,NSE:783MP48-SG,99.0,100,95.0,100,99.0,400,100,400,100
2026-08-10 13:55:59.217908,NSE:577GS2030-GS,97.0,1,95.6,1000,0.0,0,2000,0,0
2026-08-10 14:30:36.770445,NSE:EVINDIA-EQ,34.24,4,34.22,330,34.24,49996,760641,652437,1311565
2026-08-10 14:30:06.532326,NSE:LTGILTBEES-EQ,30.08,7,30.06,4968,30.08,67274,4186089,2872875,1527715
2026-08-10 13:55:59.237789,NSE:182D130826-TB,99.2,1000,99.5,10000,100.5,1000,10100,1000,0
2026-08-10 13:55:59.240886,NSE:364D110227-TB,97.17,2900,96.36,5000,0.0,0,10100,0,0
2026-08-10 14:30:36.774578,NSE:HDFCMOMENT-EQ,31.5,410,31.5,1090,31.52,643,1836932,1150624,100605
2026-08-10 14:30:37.706789,NSE:SBIBPB-EQ,50.19,3,50.15,104,50.19,4583,642161,284480,41596
2026-08-10 13:55:59.253502,NSE:793TS34-SG,100.08,100,95.65,100,0.0,0,100,0,0
2026-08-10 13:55:59.257863,NSE:77AP38-SG,99.0,200,0.0,0,98.5,100,0,100,0
2026-08-10 13:55:59.262361,NSE:77TS38-SG,99.5,500,0.0,0,0.0,0,0,0,0
2026-08-10 13:55:59.264951,NSE:GSEC10ABSL-EQ,113.27,1,113.0,100,113.68,1000,15616,71601,0
2026-08-10 13:55:59.268063,NSE:723GS2039-GS,104.6,1500,102.35,1000,0.0,0,2000,0,0
2026-08-10 14:30:36.784502,NSE:MOMENTUM-EQ,31.65,12,31.62,32,31.64,19086,1720788,552702,31954
2026-08-10 13:55:59.275476,NSE:781UP41-SG,99.75,400,0.0,0,0.0,0,0,0,0
2026-08-10 13:55:59.281828,NSE:77UP34-SG,98.79,1000,0.0,0,0.0,0,0,0,0
2026-08-10 14:25:33.739164,NSE:GSEC5IETF-EQ,66.26,14,66.26,5036,66.77,4781,63145,54886,1101
2026-08-10 14:09:10.197885,NSE:897GS2030-GS,111.0,150,111.0,100,114.99,4100,6770,4653,1850
2026-08-10 13:55:59.292981,NSE:766GJ30A-SG,100.87,100,96.75,100,0.0,0,100,0,0
2026-08-10 13:55:59.299556,NSE:883GS2041-GS,110.0,40,111.0,100,0.0,0,2460,0,0
2026-08-10 13:55:59.302101,NSE:633GS2035-GS,98.0,999,96.55,5000,101.0,104,6000,104,0
2026-08-10 13:55:59.311637,NSE:775PN36-SG,96.0,700,92.0,1000,100.8,800,1000,800,0
2026-08-10 14:30:36.790076,NSE:MNC-EQ,35.02,400,34.95,93,35.03,410863,900870,771146,66673
2026-08-10 13:55:59.318141,NSE:767AP38-SG,99.7,100,0.0,0,0.0,0,0,0,0
2026-08-10 13:55:59.318141,NSE:772GS2049-GS,103.51,1,103.5,250,0.0,0,350,0,0
2026-08-10 13:55:59.327802,NSE:364D170627-TB,94.75,500,94.3,5000,0.0,0,10100,0,0
2026-08-10 13:55:59.331978,NSE:679GS2034-GS,100.2,100,100.2,4900,101.0,100,5900,100,100
2026-08-10 14:30:36.796060,NSE:MONQ50-EQ,144.74,75,144.74,265770,0.0,0,280098,0,14385
2026-08-10 14:28:20.897449,NSE:734GS2064-GS,99.99,901,99.7,200,99.99,5146,102632,37146,38201
2026-08-10 14:23:09.635796,NSE:ABGSEC-EQ,114.35,2,114.35,43,114.86,33,66059,70299,24
2026-08-10 13:55:59.349132,NSE:782WB32-SG,101.0,200,96.0,100,0.0,0,100,0,0
2026-08-10 14:30:37.714658,NSE:BANKPSU-EQ,87.46,7,87.47,100,87.56,22,195642,116749,24741
2026-08-10 14:30:37.720046,NSE:NIFTYADD-EQ,259.21,29,259.18,7,259.51,8,411673,379605,2938
2026-08-10 13:55:59.359794,NSE:750GS2056-GS,101.0,5,100.15,100,102.0,50,2715,50,360
2026-08-10 13:55:59.363376,NSE:765GJ29-SG,100.45,300,96.05,100,0.0,0,100,0,0
2026-08-10 14:30:36.805438,NSE:PSUBANK-EQ,86.86,1,86.85,60,86.96,53,713110,519616,261277
2026-08-10 13:55:59.368056,NSE:364D290427-TB,94.41,700,95.09,5000,0.0,0,10100,0,0
2026-08-10 13:55:59.368056,NSE:182D291026-TB,97.34,0,98.15,5000,0.0,0,10100,0,0
2026-08-10 14:14:52.896000,NSE:636GS2031-GS,102.5,100,102.5,4900,102.75,100,10916,1149,100
2026-08-10 14:30:36.839714,NSE:HDFCNEXT50-EQ,76.35,2,76.32,132,76.42,423,1062556,1084645,422140
2026-08-10 13:55:59.384091,NSE:764JK50-SG,97.44,200,0.0,0,0.0,0,0,0,0
2026-08-10 13:55:59.387986,NSE:737GR2054-GS,101.25,94,0.0,0,0.0,0,0,0,0
2026-08-10 13:55:59.394448,NSE:182D270826-TB,99.15,5000,99.25,5000,0.0,0,10100,0,0
2026-08-10 13:55:59.396628,NSE:704GS2029-GS,101.6,100,102.25,500,103.55,8386,9325,8386,100
2026-08-10 13:55:59.402537,NSE:364D250227-TB,96.02,100,96.13,5000,0.0,0,10100,0,0
2026-08-10 14:30:06.595656,NSE:MON50EQUAL-EQ,34.28,10,34.26,3,34.29,6114,797251,533089,8414
2026-08-10 14:29:38.902647,NSE:GILT5YBEES-EQ,66.48,1227,66.44,2681,66.48,8754,206994,225642,330384
2026-08-10 14:30:36.863761,NSE:DEFENCE-EQ,80.81,282,80.81,18,80.96,45,406227,249248,81484
2026-08-10 14:30:38.292310,NSE:PSUBNKBEES-EQ,96.73,13,96.75,104,96.8,42161,992578,1165177,4079915
2026-08-10 14:15:31.263790,NSE:716GS2050-GS,102.25,270,100.01,101,105.0,500,2200,2500,0
2026-08-10 14:17:07.961947,NSE:717GS2030-GS,103.51,2000,103.6,2,104.7,2550,9252,3651,0
2026-08-10 14:30:37.729908,NSE:SBIETFPB-EQ,281.5,17,281.18,106,281.5,743,108952,54985,5699
2026-08-10 13:55:59.450244,NSE:GS220836C-GS,35.78,0,0.0,0,0.0,0,0,0,0
2026-08-10 13:55:59.455040,NSE:364D170926-TB,98.77,500,98.88,5000,103.7,2000,10100,2000,0
2026-08-10 13:55:59.466622,NSE:GS220236C-GS,37.1,0,0.0,0,0.0,0,0,0,0
2026-08-10 13:55:59.471458,NSE:GS220831C-GS,52.05,0,0.0,0,0.0,0,0,0,0
2026-08-10 13:55:59.473669,NSE:781GJ32-SG,104.9,100,0.0,0,109.9,100,0,100,0
2026-08-10 13:55:59.482180,NSE:783HR32-SG,100.0,200,97.7,1000,102.23,600,1000,600,0
2026-08-10 14:30:36.878368,NSE:SBIETFIT-EQ,351.01,1,351.08,18,351.52,91,30574,38770,7207
2026-08-10 13:55:59.492660,NSE:724GR2033-GS,100.0,1,0.0,0,0.0,0,0,0,0
2026-08-10 13:55:59.495903,NSE:767AS32-SG,99.5,300,0.0,0,0.0,0,0,0,0
2026-08-10 13:55:59.498120,NSE:767KA32-SG,96.0,8000,95.9,100,0.0,0,100,0,0
2026-08-10 14:30:36.890110,NSE:MAKEINDIA-EQ,169.92,115,169.72,36,169.8,8377,252728,119855,65988
2026-08-10 14:30:36.898808,NSE:SILVERBETA-EQ,222.62,1,222.56,4,222.63,30,164919,129606,413985
2026-08-10 14:30:36.904137,NSE:NIFTY1-EQ,273.32,4,273.07,15,273.32,1,323992,292403,66981
2026-08-10 13:55:59.515080,NSE:182D180926-TB,98.86,500,98.86,5000,0.0,0,10100,0,0
2026-08-10 13:55:59.518065,NSE:364D190327-TB,96.29,3000,95.76,5000,0.0,0,10100,0,0
2026-08-10 14:30:36.910819,NSE:FMCGIETF-EQ,52.99,1,52.98,2551,53.0,10827,1253829,1291584,758269
2026-08-10 14:30:36.920181,NSE:SETFGOLD-EQ,128.5,2,128.46,2043,128.5,575,710487,577448,4726919
2026-08-10 14:30:36.925656,NSE:LIQUIDCASE-EQ,115.41,5,115.4,133825,115.41,68321181,62130614,68463929,16276448
2026-08-10 14:30:17.684671,NSE:MASPTOP50-EQ,80.65,5,80.65,338135,0.0,0,407134,0,29831
2026-08-10 14:30:37.737607,NSE:CONSUMAXIS-EQ,126.25,70,125.81,28750,126.0,1900,75252,72471,458
2026-08-10 13:55:59.535564,NSE:GS151226C-GS,74.94,19500,0.0,0,0.0,0,0,0,0
2026-08-10 14:30:32.612910,NSE:EBANKNIFTY-EQ,58.02,96,58.02,14904,58.37,14999,185604,18561,393
2026-08-10 13:55:59.538088,NSE:779PY41-SG,98.0,2000,95.4,100,0.0,0,100,0,0
2026-08-10 13:55:59.546678,NSE:765MP41-SG,100.0,100,95.0,100,0.0,0,100,0,0
2026-08-10 13:55:59.550444,NSE:619GS2034-GS,98.5,500,96.75,1000,0.0,0,2000,0,0
2026-08-10 13:55:59.550444,NSE:GS220230C-GS,57.86,0,0.0,0,0.0,0,0,0,0
2026-08-10 13:55:59.556221,NSE:GS220830C-GS,57.48,0,0.0,0,0.0,0,0,0,0
2026-08-10 13:55:59.559919,NSE:364D280527-TB,94.85,100,94.62,5000,0.0,0,10300,0,0
2026-08-10 14:30:36.930230,NSE:PSUBNKIETF-EQ,87.89,1,87.9,123,87.99,527,796638,546277,109926
2026-08-10 13:55:59.564398,NSE:182D271126-TB,98.18,7800,97.65,5000,0.0,0,10000,0,0
2026-08-10 14:30:37.746778,NSE:NEXT50ADD-EQ,75.24,1,75.0,2,75.19,269,240087,127362,3333
2026-08-10 13:55:59.572939,NSE:91D280826-TB,99.63,100,99.23,5000,99.75,1000,10000,1000,100
2026-08-10 13:55:59.577467,NSE:364D070127-TB,96.17,100,96.95,5000,0.0,0,10100,0,0
2026-08-10 13:55:59.581967,NSE:GS220231C-GS,52.81,100,0.0,0,0.0,0,0,0,0
2026-08-10 14:30:36.942412,NSE:EQUAL50ADD-EQ,351.75,48,351.79,9,352.28,13,225612,308570,71661
2026-08-10 14:30:36.950734,NSE:PSUBANKADD-EQ,87.76,1,87.74,2,87.81,83,743980,558798,86108
2026-08-10 14:30:36.957359,NSE:SENSEXADD-EQ,80.94,250,80.94,13250,81.09,4802,100709,55866,650
2026-08-10 13:55:59.597897,NSE:364D031226-TB,98.12,2000,97.54,5000,0.0,0,10100,0,0
2026-08-10 14:17:55.002671,NSE:746GS2073-GS,100.9,1,100.3,101,100.9,939,34112,20132,1561
2026-08-10 14:30:38.322511,NSE:SILVERAG-EQ,224.47,20,224.3,693,224.48,53,351980,265682,123607
2026-08-10 13:55:59.604291,NSE:364D251226-TB,96.35,2000,97.17,5000,0.0,0,10100,0,0
2026-08-10 14:30:36.969041,NSE:MAFANG-EQ,206.32,77,206.32,648923,0.0,0,741042,0,76903
2026-08-10 14:30:36.972661,NSE:ITADD-EQ,33.62,200,33.61,200,33.64,1417,1652685,997613,27430
2026-08-10 13:55:59.618995,NSE:585GS2030-GS,96.51,1,96.71,100,0.0,0,2100,0,0
2026-08-10 13:55:59.618995,NSE:679GS2029-GS,103.01,4,99.85,1000,0.0,0,2000,0,0
2026-08-10 14:30:36.982363,NSE:HDFCNIFIT-EQ,33.92,3000,33.88,3000,33.92,2160,1720160,1188473,188926
2026-08-10 14:30:22.045269,NSE:MOTOUR-EQ,80.94,20,80.82,2,80.9,4704,439787,82548,24413
2026-08-10 14:30:36.992785,NSE:HDFCQUAL-EQ,60.32,166,60.25,19,60.31,34,641163,451073,29752
2026-08-10 13:55:59.634980,NSE:706GS2046-GS,103.0,1,101.0,1000,103.0,1899,5005,2097,0
2026-08-10 14:30:27.515694,NSE:MOPSE-EQ,100.3,50,100.1,25,100.28,721,55733,13304,2412
2026-08-10 13:55:59.651169,NSE:662GS2051-GS,92.77,3,90.5,1000,0.0,0,2000,0,0
2026-08-10 13:55:59.653437,NSE:657GS2033-GS,98.35,1000,98.5,1000,0.0,0,2000,0,0
2026-08-10 14:30:18.443778,NSE:CHOICEGOLD-EQ,149.94,40,149.46,6,149.89,100,94480,73629,11778
2026-08-10 14:30:37.005675,NSE:HDFCVALUE-EQ,128.63,78,128.5,35,128.68,69465,232126,268203,1558
2026-08-10 13:55:59.665724,NSE:802WB37-SG,103.95,100,0.0,0,0.0,0,0,0,0
2026-08-10 13:55:59.669784,NSE:802AP38-SG,97.0,300,94.2,100,0.0,0,100,0,0
2026-08-10 14:30:37.752626,NSE:SENSEXAXIS-EQ,81.77,1,81.46,1785,81.78,992,176357,103301,3698
2026-08-10 14:30:37.012483,NSE:ITIETF-EQ,35.21,100,35.2,688,35.22,2904,1612816,1555471,573358
2026-08-10 13:55:59.689004,NSE:668GS2033-GS,98.7,95,98.45,5000,0.0,0,6000,0,0
2026-08-10 14:30:37.757569,NSE:HDFCGROWTH-EQ,124.56,935,124.4,36,124.58,47647,304523,243202,64775
2026-08-10 13:55:59.701109,NSE:603GS2029-GS,100.36,94,97.66,1000,100.36,200,2005,200,0
2026-08-10 14:30:37.763910,NSE:HEALTHAXIS-EQ,169.93,59,169.6,37,169.84,4143,54380,52955,8452
2026-08-10 14:30:37.020972,NSE:FINIETF-EQ,33.51,1,33.49,200,33.51,872,1936604,1039864,345545
2026-08-10 13:55:59.718012,NSE:697GS2026-GS,103.69,100000,101.7,1000,0.0,0,2000,0,0
2026-08-10 14:45:45.169773,NSE:SILVER-EQ,230.28,26,230.2,27,230.28,138,380654,364547,1093767
2026-08-10 13:55:59.727030,NSE:364D280826-TB,99.3,100,99.61,100,0.0,0,10200,0,0
2026-08-10 13:55:59.728593,NSE:645GS2029-GS,100.5,1,100.3,1000,102.07,97,2000,97,0
2026-08-10 13:55:59.731894,NSE:778MZ37-SG,90.25,100,0.0,0,0.0,0,0,0,0
2026-08-10 13:55:59.733925,NSE:761GS2030-GS,106.65,100000,103.4,1000,0.0,0,2000,0,0
2026-08-10 14:30:37.773698,NSE:BBNPNBETF-EQ,58.16,2,58.0,102,58.16,1378,141103,53422,1781
2026-08-10 13:55:59.739988,NSE:726GS2029-GS,101.84,1,100.35,1000,0.0,0,2000,0,0
2026-08-10 14:29:45.984365,NSE:GROWWLIQID-EQ,110.28,18,110.27,8334228,110.28,8467847,8351401,8502804,202314
2026-08-10 13:55:59.747845,NSE:364D061126-TB,98.0,3100,98.01,5000,0.0,0,10100,0,0
2026-08-10 14:30:37.032348,NSE:LOWVOL-EQ,213.45,5,213.0,74,213.39,14899,109151,56109,119
2026-08-10 13:55:59.755911,NSE:817GS2044-GS,125.1,400,0.0,0,131.35,57,0,57,0
2026-08-10 13:55:59.759838,NSE:815GS2026-GS,105.1,1,100.8,1000,0.0,0,3500,0,0
2026-08-10 14:30:22.068381,NSE:IVZINGOLD-EQ,130.65,440,130.7,500,130.8,900,151142,40236,12824
2026-08-10 13:55:59.764221,NSE:732GS2030-GS,103.2,200,103.31,300,108.35,210,9771,210,0
2026-08-10 13:55:59.767909,NSE:364D060527-TB,95.3,500,94.98,5000,0.0,0,10100,0,0
2026-08-10 13:55:59.767909,NSE:182D051126-TB,98.0,100,98.02,5000,0.0,0,10100,0,0
2026-08-10 13:55:59.772457,NSE:780TN41-SG,95.0,100,95.0,100,0.0,0,100,0,0
2026-08-10 13:55:59.778380,NSE:668GS2040-GS,98.38,1200,97.2,1000,98.35,2000,8675,23126,1200
2026-08-10 13:55:59.780661,NSE:824GS2033-GS,109.75,1000,108.75,1000,0.0,0,2000,0,0
2026-08-10 13:55:59.780661,NSE:778ML31-SG,100.0,500,0.0,0,0.0,0,0,0,0
2026-08-10 14:30:37.042298,NSE:SBIMIDMOM-EQ,64.16,17,64.14,25,64.23,429728,354364,473892,350811
2026-08-10 13:55:59.789411,NSE:781HR32A-SG,101.39,300,96.35,100,0.0,0,100,0,0
2026-08-10 13:55:59.795674,NSE:787TN33-SG,103.6,6600,0.0,0,0.0,0,0,0,0
2026-08-10 13:55:59.797850,NSE:759GS2029-GS,103.65,94512,103.85,1000,0.0,0,2000,0,0
2026-08-10 13:55:59.798910,NSE:772GS2055-GS,106.0,5,101.0,400,0.0,0,3400,0,0
2026-08-10 13:55:59.806002,NSE:364D150727-TB,94.63,0,93.86,5000,0.0,0,10000,0,0
2026-08-10 13:55:59.812088,NSE:182D140127-TB,97.31,0,96.59,5000,100.0,100,10100,100,0
2026-08-10 13:55:59.816147,NSE:775PN42-SG,99.25,100,100.0,100,0.0,0,100,0,0
2026-08-10 14:25:06.739532,NSE:91D151026-TB,98.15,100,98.72,100,99.05,1000,10600,2300,0
2026-08-10 13:55:59.821890,NSE:773GS2034-GS,100.41,0,104.8,1000,0.0,0,2000,0,0
2026-08-10 14:30:17.787720,NSE:HNGSNGBEES-EQ,487.19,1,487.1,1,487.19,72,43576,69398,63438
2026-08-10 13:55:59.829959,NSE:813GS2045-GS,113.0,1,107.5,160,113.99,139,510,139,0
2026-08-10 13:55:59.832185,NSE:788GS2030-GS,104.77,443400,105.5,260,0.0,0,2260,0,0
2026-08-10 14:30:38.380575,NSE:MODEFENCE-EQ,105.55,21,105.51,365,105.56,6463,882317,800734,1460389
2026-08-10 14:29:41.427794,NSE:709GS2054-GS,96.5,50,96.45,50,96.5,948,19151,42965,10433
2026-08-10 14:30:37.070331,NSE:NPBET-EQ,284.24,156,284.35,300,285.0,122,25790,601,524
2026-08-10 14:30:06.826931,NSE:LTGILTCASE-EQ,30.61,120,30.61,1661,30.63,249,594589,436358,132860
2026-08-10 13:55:59.848880,NSE:77MH33A-SG,97.5,100,0.0,0,0.0,0,0,0,0
2026-08-10 13:55:59.851156,NSE:784RJ32-SG,97.17,100,97.4,100,0.0,0,100,0,0
2026-08-10 13:55:59.879715,NSE:782TN32-SG,98.0,100,97.3,100,0.0,0,100,0,0
2026-08-10 14:30:37.783408,NSE:ABSLMSCIN-EQ,30.26,10,30.14,274,30.24,20000,506835,82481,704
2026-08-10 13:55:59.888056,NSE:78GJ32A-SG,99.7,1800,0.0,0,0.0,0,0,0,0
2026-08-10 13:55:59.893977,NSE:765TN33-SG,100.0,100,95.0,100,0.0,0,100,0,0
2026-08-10 13:55:59.898460,NSE:788MP33-SG,99.0,100,97.05,100,0.0,0,100,0,0
2026-08-10 13:55:59.902171,NSE:789TS36-SG,95.48,100,95.7,100,0.0,0,100,0,0
2026-08-10 13:55:59.902171,NSE:793WB37-SG,98.0,100,95.6,100,0.0,0,100,0,0
2026-08-10 14:30:17.807716,NSE:SBINEQWETF-EQ,34.27,50,34.23,497,34.27,488,656166,437076,22558
2026-08-10 13:55:59.912149,NSE:574GS2026-GS,101.45,1,101.0,4000,101.65,4000,10500,4000,0
2026-08-10 14:24:08.042029,NSE:699GS2051-GS,96.1,3000,95.05,1212,95.95,994,17212,13888,3000
2026-08-10 13:55:59.917811,NSE:765RJ33-SG,100.0,200,95.0,100,0.0,0,100,0,0
2026-08-10 13:55:59.917811,NSE:364D190227-TB,95.6,400,96.23,5000,0.0,0,10100,0,0
2026-08-10 13:55:59.927208,NSE:182D210826-TB,99.15,100,99.35,5000,0.0,0,10100,0,0
2026-08-10 13:55:59.930145,NSE:725GR2028-GS,95.0,99,0.0,0,0.0,0,0,0,0
2026-08-10 13:55:59.934307,NSE:778MH30-SG,102.1,100,98.5,100,0.0,0,100,0,0
2026-08-10 13:55:59.934307,NSE:784AS32-SG,97.17,100,0.0,0,0.0,0,0,0,0
2026-08-10 14:30:37.112479,NSE:NEXT50BETA-EQ,80.58,50,80.57,226,80.7,63,1055816,1019372,227808
2026-08-10 13:55:59.945307,NSE:785BR32A-SG,101.8,100,97.45,100,0.0,0,100,0,0
2026-08-10 13:55:59.947921,NSE:783GA32-SG,97.35,100,93.0,1000,101.4,100,1000,100,100
2026-08-10 14:30:32.227296,NSE:MOMIDMTM-EQ,65.0,3,64.99,232,65.0,1572,647660,377531,97824
2026-08-10 14:30:38.425814,NSE:GOLDAXIS-EQ,125.92,960,125.88,13392,125.91,10459,482241,258762,939703
2026-08-10 13:55:59.960301,NSE:364D101226-TB,97.85,10900,97.42,5000,0.0,0,10100,0,0
2026-08-10 13:55:59.963632,NSE:726GS2032-GS,107.1,47,106.2,10900,107.1,53,16900,15548,47
2026-08-10 14:30:37.134067,NSE:INFRAIETF-EQ,97.53,6,97.58,2,97.62,6,1008973,822665,91700
2026-08-10 14:24:45.043633,NSE:709GS2074-GS,95.7,1100,95.6,100,95.7,8900,38922,40845,28251
2026-08-10 13:55:59.972270,NSE:765TS39-SG,100.0,100,95.0,100,0.0,0,100,0,0
2026-08-10 14:30:37.146380,NSE:HDFCGOLD-EQ,128.61,200,128.6,1350,128.66,878,610367,656431,2468762
2026-08-10 14:30:37.154566,NSE:MID150BEES-EQ,243.0,4,242.94,54,243.0,1589,313153,286371,705791
2026-08-10 14:08:43.957818,NSE:694GS2036-GS,102.5,300,101.5,100,102.5,400,9983,8918,0
2026-08-10 13:55:59.984099,NSE:789MH32-SG,101.83,2000,97.0,100,0.0,0,100,0,0
2026-08-10 13:55:59.988136,NSE:774UP38-SG,95.0,500,95.0,100,0.0,0,100,0,0
2026-08-10 13:55:59.990384,NSE:803AP35-SG,99.39,100,96.3,100,0.0,0,100,0,0
2026-08-10 14:30:37.185432,NSE:MOM100-EQ,68.8,5,68.78,11,68.8,20775,718271,548373,314752
2026-08-10 13:55:59.998280,NSE:182D151026-TB,98.5,500,98.39,5000,0.0,0,10100,0,0
2026-08-10 13:56:00.001431,NSE:364D150427-TB,95.91,3000,95.32,5000,0.0,0,10100,0,0
2026-08-10 14:29:02.835953,NSE:718GS2037-GS,102.1,1,102.4,1,102.9,67,41699,5067,2
2026-08-10 13:56:00.012139,NSE:765AS32-SG,100.1,100,0.0,0,102.17,100,0,100,0
2026-08-10 14:45:45.269990,NSE:SILVERADD-EQ,222.29,1,222.18,25,222.3,38,391529,287186,145294
2026-08-10 13:56:00.027170,NSE:781KL37-SG,99.9,100,95.2,1000,0.0,0,1000,0,400
2026-08-10 14:30:37.812704,NSE:ABSL10BANK-EQ,170.24,1,170.11,8,170.32,10000,137448,120910,984
2026-08-10 13:56:00.034878,NSE:788UP46-SG,95.0,100,95.0,100,0.0,0,100,0,0
2026-08-10 13:56:00.037940,NSE:766UP32-SG,101.98,200,97.75,100,0.0,0,100,0,0
2026-08-10 13:56:00.066513,NSE:776KL38-SG,99.69,1200,96.45,100,104.4,100,100,100,0
2026-08-10 14:30:37.222844,NSE:MON100-EQ,328.08,10,328.08,1719238,0.0,0,1825886,0,100303
2026-08-10 13:56:00.116173,NSE:364D010727-TB,94.44,800,94.08,5000,0.0,0,10000,0,0
2026-08-10 13:56:00.121822,NSE:765TS55A-SG,100.32,200000,0.0,0,0.0,0,0,0,0
2026-08-10 13:56:00.128918,NSE:182D311226-TB,97.77,5000,97.12,5000,98.1,1900,10300,1900,0
2026-08-10 13:56:00.145693,NSE:91D011026-TB,99.08,700,99.0,100,104.0,100,10700,100,0
2026-08-10 13:56:00.159135,NSE:77GJ40-SG,99.0,100,0.0,0,0.0,0,0,0,0
2026-08-10 14:30:37.232590,NSE:SETF10GILT-EQ,266.44,1,266.16,9,266.43,27,14570,17867,711
2026-08-10 14:30:37.245491,NSE:LICNMID100-EQ,63.89,1,63.89,146004,64.44,13,270148,359695,3682
2026-08-10 14:30:37.820029,NSE:MOMGF-EQ,166.93,5,166.14,15,166.74,535,44079,12782,513
2026-08-10 14:30:13.367951,NSE:BBNPPGOLD-EQ,146.15,2,145.45,7,146.2,100,64951,54173,6838
2026-08-10 13:56:00.212776,NSE:737GS2028-GS,103.55,100,104.59,110,105.95,200,12810,2014,100
2026-08-10 14:30:37.827854,NSE:BANKNIFTY1-EQ,59.99,1,59.91,82,59.99,80,1084298,890711,153689
2026-08-10 13:56:00.246769,NSE:679GS2031-GS,97.41,300,99.5,100,102.1,5261,2150,5261,0
2026-08-10 13:56:00.250450,NSE:767GA33A-SG,99.66,100,0.0,0,0.0,0,0,0,0
2026-08-10 14:30:37.290088,NSE:NEXT50IETF-EQ,78.78,76,78.81,35,78.85,35,932644,966667,661886
2026-08-10 14:30:32.722363,NSE:EGOLD-EQ,150.4,12,150.5,1670,150.6,10,85401,70251,14344
2026-08-10 14:30:37.292628,NSE:MOREALTY-EQ,90.53,100,90.5,534,90.56,108,754348,441226,661950
2026-08-10 13:56:00.264455,NSE:91D030926-TB,99.53,100,99.12,5000,0.0,0,10000,0,100
2026-08-10 14:30:38.451427,NSE:SILVERAXIS-EQ,229.14,50,229.12,85,229.22,42,284047,198835,479020
2026-08-10 13:56:00.271863,NSE:77GA33A-SG,100.0,100,0.0,0,0.0,0,0,0,0
2026-08-10 13:56:00.273934,NSE:664GS2035-GS,97.46,1,97.5,1000,0.0,0,2000,0,0
2026-08-10 14:30:37.302600,NSE:HDFCSML250-EQ,185.15,4,185.1,262,185.15,2967,873975,695846,806961
2026-08-10 13:56:00.279967,NSE:765KA34-SG,102.45,4600,97.35,100,0.0,0,100,0,0
2026-08-10 14:30:31.652606,NSE:HDFCBSE500-EQ,38.23,30,38.23,19123,38.28,100000,993901,480193,1368018
2026-08-10 13:56:00.291169,NSE:692GS2039-GS,99.26,200,99.31,5000,101.4,9998,6360,9998,0
2026-08-10 14:30:18.530461,NSE:HSBCGOLD-EQ,131.29,76,130.5,100,131.28,16896,35275,21509,24376
2026-08-10 14:30:37.308425,NSE:GOLDETF-EQ,146.31,9,146.25,2269,146.29,227,508661,549893,1453154
2026-08-10 13:56:00.312228,NSE:782UP46-SG,100.25,100,95.25,100,0.0,0,100,0,0
2026-08-10 13:56:00.318013,NSE:781JK51-SG,182.45,0,0.0,0,0.0,0,0,0,0
2026-08-10 14:12:49.153240,NSE:743GS2076-GS,99.7,44,99.8,57,100.5,45,21317,10145,845
2026-08-10 14:30:35.349827,NSE:SILVER360-EQ,226.57,86,226.41,4,226.68,3,94913,45787,31899
2026-08-10 14:45:45.353128,NSE:SILVERBEES-EQ,220.5,8,220.47,142,220.5,4469,1931881,3038061,19912176
2026-08-10 14:45:45.370324,NSE:HEALTHIETF-EQ,171.24,58,170.99,199,171.06,116,580114,546430,93950
2026-08-10 14:30:27.748384,NSE:MOINFRA-EQ,60.29,12,60.23,20,60.27,5000,140438,24666,2152
2026-08-10 13:56:00.368127,NSE:779UP51-SG,95.0,100,95.0,100,0.0,0,100,0,0
2026-08-10 14:30:26.827851,NSE:GROWWCHEM-EQ,30.79,100,30.75,75,30.79,78484,468827,240877,41412
2026-08-10 14:30:37.343469,NSE:CPSEETF-EQ,94.07,21,94.02,230,94.07,2298,845607,1046505,858881
2026-08-10 14:30:37.839478,NSE:GROWWPSUBK-EQ,87.29,25,87.19,1197,87.3,17773,149002,74524,12026
2026-08-10 13:56:00.379929,NSE:767RJ33-SG,99.85,100,0.0,0,0.0,0,0,0,0
2026-08-10 14:29:55.415972,NSE:MSCIINDIA-EQ,30.49,17,30.48,5588,30.49,2978,560205,181470,16169
2026-08-10 13:56:00.389960,NSE:765UP34-SG,99.28,100,0.0,0,0.0,0,0,0,0
2026-08-10 13:56:00.394495,NSE:767HR35-SG,102.71,5000,97.6,100,0.0,0,100,0,0
2026-08-10 14:30:19.362707,NSE:676GS2061-GS,93.95,3000,93.36,1000,94.4,5000,27055,55000,10502
2026-08-10 13:56:00.402005,NSE:702GS2031-GS,100.7,100,100.85,500,101.5,100,7701,1562,100
